Место в рейтинге,ИНН,Компания,Регион,Категория МСП,Адрес,"Выручка, млн руб.","Чистая прибыль, млн руб.","EBIT, млн руб.","Рентабельность по чистой прибыли, %",Широта,Долгота,Геоточка,Точность геокодирования
1,5257145631,"ООО ""СЗ ""АНДОР""",НИЖЕГОРОДСКАЯ,Малое предприятие,"603093, НИЖЕГОРОДСКАЯ, НИЖНИЙ НОВГОРОД, ЯБЛОНЕВАЯ, 28, П, 102/4",12406.715,2989.87,3721.799,24.09880455866037,56.3129075,44.0573767,"56.312908,44.057377",address
2,7813475980,"ООО ""РСТИ НА ГЛУХАРСКОЙ (СПЕЦИАЛИЗИРОВАННЫЙ ЗАСТРОЙЩИК)""",САНКТ-ПЕТЕРБУРГ,Малое предприятие,"197198, САНКТ-ПЕТЕРБУРГ, ДОБРОЛЮБОВА, 17, С, 12-Н",6524.184,2756.518,3537.587,42.25077036453907,59.9498504,30.2998434,"59.94985,30.299843",address
3,9715426146,"АО ""МР-ЦЕНТР""",МОСКВА,Малое предприятие,"127015, МОСКВА, НОВОДМИТРОВСКАЯ, 2, 2, 12",3870.268,2429.778,3089.335,62.7806136422594,55.7984126,37.58712,"55.798413,37.58712",address
4,2308034775,"ООО СИК ""ДЕВЕЛОПМЕНТ-ЮГ""",КРАСНОДАРСКИЙ,Малое предприятие,"350072, КРАСНОДАРСКИЙ, КРАСНОДАР, ИМ. 40-ЛЕТИЯ ПОБЕДЫ, 33Г, 1151190",652.367,2334.634,2133.482,357.87125958241296,45.0553775,39.0066001,"45.055378,39.0066",address
5,7806056530,"ЗАО ""СК ""ТЕМП""",САНКТ-ПЕТЕРБУРГ,Среднее предприятие,"193318, САНКТ-ПЕТЕРБУРГ, БАДАЕВА, 8, 3, 1-Н",5744.991,2145.252,2859.153,37.34125954244315,59.9171293,30.4467655,"59.917129,30.446766",address
6,7725127342,"ООО ""МЕДЖИКОМ""",МОСКВА,Малое предприятие,"119119, МОСКВА, ЛЕНИНСКИЙ, 42, 2",4982.618,1953.53,2556.095,39.20689886320805,55.7036816,37.5664139,"55.703682,37.566414",address
7,7704879013,"ООО УК ""СТАР-ЮГ""",МОСКВА,Малое предприятие,"119048, МОСКВА, 3-Я ФРУНЗЕНСКАЯ, 19",,1730.603,2307.471,,55.7231292,37.573759,"55.723129,37.573759",address
8,4703142302,"ООО ""АРСЕНАЛ ГРУПП""",САНКТ-ПЕТЕРБУРГ,Малое предприятие,"197376, САНКТ-ПЕТЕРБУРГ, ПЛЕСЕЦКАЯ, 2, 1, 48Н",3260.59,1692.267,2243.83,51.90063761466484,60.0301543,30.2049501,"60.030154,30.20495",address
9,9710078784,"ООО ""ДИСТРИКТ ДЕВЕЛОПМЕНТ - СПЕЦЗАСТРОЙЩИК""",МОСКВА,Среднее предприятие,"125009, МОСКВА, ТВЕРСКАЯ, 6, 2, 2 ПОМ I КОМ 23",,1579.177,1549.839,,55.625578,37.6063916,"55.625578,37.606392",city_or_region
10,7723882491,"ООО ""ГАРАНТСТРОЙ""",МОСКВА,Малое предприятие,"121609, МОСКВА, ОСЕННЯЯ, 23, 114А/1/9",1524.362,1524.659,1524.659,100.01948356099142,55.7637017,37.4056429,"55.763702,37.405643",address
11,6316270445,"ООО ""ТСГ1""",САМАРСКАЯ,Малое предприятие,"443080, САМАРСКАЯ, САМАРА, МОСКОВСКОЕ, 43, 1012",6930.087,1309.865,1768.805,18.901133564412685,53.2229813,50.191615,"53.222981,50.191615",address
12,9103000552,"ООО ""СИНТЕЗИС ИНГ""",КРЫМ,Малое предприятие,"298600, КРЫМ, ЯЛТА, САДОВАЯ, 31",6804.736,995.717,1029.327,14.632705809600843,44.4963666,34.1687447,"44.496367,34.168745",city_or_region
13,1001155425,"ООО ""СПЕЦИАЛИЗИРОВАННЫЙ ЗАСТРОЙЩИК ""СТРОЙИНВЕСТ КСМ""",КАРЕЛИЯ,Малое предприятие,"185001, КАРЕЛИЯ, ПЕТРОЗАВОДСК, ПЕРВОМАЙСКИЙ, 9",1219.683,919.186,1140.637,75.3626967007001,61.7899921,34.3417075,"61.789992,34.341708",address
14,2129003280,"АО ""СЗ ""ИНКОСТ""",ЧУВАШСКАЯ РЕСПУБЛИКА -,Среднее предприятие,"428022, ЧУВАШСКАЯ РЕСПУБЛИКА -, ЧЕБОКСАРЫ, МАРПОСАДСКОЕ, 38",1869.802,893.277,848.682,47.77388194044075,56.0984586,47.268959,"56.098459,47.268959",address
15,3250518136,"ООО СЗ ""МЕГАПОЛИС-СТРОЙ""",БРЯНСКАЯ,Среднее предприятие,"241037, БРЯНСКАЯ, БРЯНСКИЙ, ПУТЕВКА, ОКРУЖНАЯ, 22",1555.283,880.942,1062.727,56.64191018612047,53.2568022,34.3178661,"53.256802,34.317866",address
16,7723906368,"ООО ""ВИК""",МОСКОВСКАЯ,Малое предприятие,"142000, МОСКОВСКАЯ, ДОМОДЕДОВО, КАШИРСКОЕ ШОССЕ, 17А, 9",9768.765,844.748,1085.063,8.647439057035356,55.4448879,37.7676565,"55.444888,37.767656",address
17,6658217878,"ООО ""ВОЗРОЖДЕНИЕ ЕКАТЕРИНБУРГА""",СВЕРДЛОВСКАЯ,Малое предприятие,"620014, СВЕРДЛОВСКАЯ, ЕКАТЕРИНБУРГ, ХОХРЯКОВА, 48, ОФИС 254",,833.103,793.811,,56.8313477,60.5922601,"56.831348,60.59226",address
18,2315120129,"ООО ""НОВОКОМ""",КРАСНОДАРСКИЙ,Малое предприятие,"353900, КРАСНОДАРСКИЙ, НОВОРОССИЙСК, СОВЕТОВ, 55, 4",3063.356,781.7,1008.229,25.517765483345716,44.7166865,37.7788984,"44.716686,37.778898",address
19,1001010821,"АО ""СПЕЦИАЛИЗИРОВАННЫЙ ЗАСТРОЙЩИК ""СК ""ВЕК""",КАРЕЛИЯ,Среднее предприятие,"185001, КАРЕЛИЯ, ПЕТРОЗАВОДСК, ПЕРВОМАЙСКИЙ, 43",480.345,714.171,18.822,148.67876213971206,61.7899921,34.3417075,"61.789992,34.341708",address
20,5027006369,"""ХСТФ ФОБОС"" ООО",МОСКОВСКАЯ,Среднее предприятие,"140090, МОСКОВСКАЯ, ЛЮБЕРЦЫ, ДЗЕРЖИНСКИЙ, УГРЕШСКАЯ, 30, 700",1287.757,704.973,709.323,54.74425687455009,55.6317148,37.8646181,"55.631715,37.864618",address
21,7840438730,"ООО ""ЛЕГЕНДА""",САНКТ-ПЕТЕРБУРГ,Среднее предприятие,"196210, САНКТ-ПЕТЕРБУРГ, СТАРТОВАЯ, 8, А, 307 КАБ. 1",2574.338,676.819,1790.022,26.290992091947523,59.8074809,30.3144783,"59.807481,30.314478",address
22,6950108726,"ООО ""ЕСТ""",ТВЕРСКАЯ,Среднее предприятие,"170100, ТВЕРСКАЯ, ТВЕРЬ, СВОБОДНЫЙ, 9, ОФИС 304",3325.415,672.759,803.997,20.23082833270434,56.8578166,35.9039605,"56.857817,35.90396",address
23,1901096758,"ООО ""СЗ ""УК ТРАНССТРОЙ""",ХАКАСИЯ,Малое предприятие,"655016, ХАКАСИЯ, АБАКАН, ДРУЖБЫ НАРОДОВ, 43, 422Н",1032.548,672.116,888.392,65.0929545164002,53.744376,91.4152164,"53.744376,91.415216",address
24,6164029673,"ООО ""РОСТОВ-ДЕВЕЛОПМЕНТ""",ПЕРМСКИЙ,Малое предприятие,"614113, ПЕРМСКИЙ, ПЕРМЬ, САПФИРНАЯ, 10, 02",0.632,671.021,669.23,106174.20886075949,58.0116332,56.3301229,"58.011633,56.330123",address
25,0276045224,"ООО СП ""ИНИЦИАТИВА"" ОАО ""КПД""",БАШКОРТОСТАН,Малое предприятие,"450098, БАШКОРТОСТАН, УФА, РОССИЙСКАЯ, 157/1, 19А",908.384,646.975,666.234,71.22263271920245,54.7723379,56.0360042,"54.772338,56.036004",address
26,2543028394,"АО ""РЕНЕССАНС АКТИВ""",ПРИМОРСКИЙ,Среднее предприятие,"690042, ПРИМОРСКИЙ, ВЛАДИВОСТОК, АРХАНГЕЛЬСКАЯ, 10, 6, 3Н",37.533,605.287,598.627,1612.6795086990114,43.0780059,131.9512665,"43.078006,131.951266",address
27,4345276039,"ООО СПЕЦИАЛИЗИРОВАННЫЙ ЗАСТРОЙЩИК ""СТРОЙСОЮЗ""",КИРОВСКАЯ,Малое предприятие,"610002, КИРОВСКАЯ, КИРОВ, СВОБОДЫ, 110, 1004",1198.81,598.21,844.757,49.90031781516671,58.5926784,49.6768578,"58.592678,49.676858",address
28,1655476201,"ООО СК ""ЭЛЛАДА""",ТАТАРСТАН,Малое предприятие,"420108, ТАТАРСТАН, КАЗАНЬ, МАЗИТА ГАФУРИ, 50, 1",8938.37,584.041,776.141,6.534088429993388,55.7670129,49.1023552,"55.767013,49.102355",address
29,7841444504,"ООО ""СК ЭНЕРГОТЕХСТРОЙ""",САНКТ-ПЕТЕРБУРГ,Среднее предприятие,"195277, САНКТ-ПЕТЕРБУРГ, КОМИССАРА СМИРНОВА, 15, А, 264, ОФИС 357",3874.449,579.607,696.222,14.959727176690157,59.9606739,30.1586551,"59.960674,30.158655",city_or_region
30,7712103721,"АО ""ТЕПЛОИНДУСТРИЯ""",МОСКВА,Малое предприятие,"107061, МОСКВА, ХРОМОВА, 20",6079.192,561.157,628.324,9.230782643482884,55.7996763,37.7163611,"55.799676,37.716361",address
31,7813294991,"ООО ""ЕВРОИНВЕСТ ДЕВЕЛОПМЕНТ""",САНКТ-ПЕТЕРБУРГ,Малое предприятие,"191014, САНКТ-ПЕТЕРБУРГ, РЫЛЕЕВА, 11, А, 7-Н, 17-Н",56.283,561.108,554.637,996.9404615958638,59.9606739,30.1586551,"59.960674,30.158655",city_or_region
32,7714299854,"ООО ""МАТЕН""",МОСКВА,Среднее предприятие,"123308, МОСКВА, МНЁВНИКИ, 3, 1, 1 ПОМ II КОМ 1-5,10,11",1730.12,524.654,722.757,30.324717360645504,55.625578,37.6063916,"55.625578,37.606392",city_or_region
33,7840100451,"ООО ""СИТИ""",САНКТ-ПЕТЕРБУРГ,Малое предприятие,"191036, САНКТ-ПЕТЕРБУРГ, ЛИГОВСКИЙ, 43-45, Б, 6Н,13",3049.487,519.906,662.707,17.048965940828737,59.9606739,30.1586551,"59.960674,30.158655",city_or_region
34,5638065294,"ООО ""СПЕЦИАЛИЗИРОВАННЫЙ ЗАСТРОЙЩИК ""ЖИЛСТРОЙИНВЕСТ""",ОРЕНБУРГСКАЯ,Малое предприятие,"460525, ОРЕНБУРГСКАЯ, ОРЕНБУРГСКИЙ, БЛАГОСЛОВЕНКА, КООПЕРАТИВНАЯ, 43",508.757,519.211,144.626,102.05481202224244,51.7144111,55.3198137,"51.714411,55.319814",address
35,6316203463,"ООО ""СЗ ""КОМПАНИЯ ВЛАДИМИР""",САМАРСКАЯ,Малое предприятие,"443086, САМАРСКАЯ, САМАРА, РЕВОЛЮЦИОННАЯ, 77",105.608,516.174,658.269,488.7641087796379,53.213809,50.167023,"53.213809,50.167023",address
36,1639056866,"ООО ""ПСК КАМА""",ТАТАРСТАН,Малое предприятие,"423877, ТАТАРСТАН, ТУКАЕВСКИЙ, МАГИСТРАЛЬНАЯ, 1",3696.606,513.641,639.746,13.894934975488326,55.6717027,52.1319504,"55.671703,52.13195",address
37,7203455253,"ООО ""СПЕЦИАЛИЗИРОВАННЫЙ ЗАСТРОЙЩИК ""ГК АТЛАНТ""",ТЮМЕНСКАЯ,Малое предприятие,"625051, ТЮМЕНСКАЯ, ТЮМЕНЬ, ПЕРМЯКОВА, 57, 6",2211.556,513.015,646.009,23.19701603757716,57.1164109,65.5772105,"57.116411,65.577211",address
38,7202151894,"ООО ""СТРОЙ КАПИТАЛ""",ТЮМЕНСКАЯ,Среднее предприятие,"625031, ТЮМЕНСКАЯ, Тюмень, ДРУЖБЫ, 73, 4, 2",4008.196,498.393,648.616,12.434347022949975,57.1838353,65.5632067,"57.183835,65.563207",address
39,6658399875,"ООО ""ПГС""",СВЕРДЛОВСКАЯ,Среднее предприятие,"620149, СВЕРДЛОВСКАЯ, ЕКАТЕРИНБУРГ, НАЧДИВА ОНУФРИЕВА, 10, 5",7478.173,483.494,606.575,6.465402712667919,56.8038236,60.5476021,"56.803824,60.547602",address
40,5506004658,"ООО ""ТОБОЛ""",ОМСКАЯ,Среднее предприятие,"644027, ОМСКАЯ, ОМСК, 1-Я ИНДУСТРИАЛЬНАЯ, 7",2812.609,479.229,638.972,17.038592993195998,54.965483,73.4457595,"54.965483,73.44576",address
41,4028051443,"ООО ""СПЕЦИАЛИЗИРОВАННЫЙ ЗАСТРОЙЩИК ""КАЛУГА-ЛИДЕР""",КАЛУЖСКАЯ,Малое предприятие,"248021, КАЛУЖСКАЯ, КАЛУГА, БИЛИБИНА, 6, 4, КОМНАТА 20",677.629,468.569,715.567,69.14830976832455,54.5101087,36.2598115,"54.510109,36.259812",city_or_region
42,6623099687,"ООО ГК ""УРАЛСТРОЙКОМПЛЕКС""",СВЕРДЛОВСКАЯ,Малое предприятие,"622013, СВЕРДЛОВСКАЯ, НИЖНИЙ ТАГИЛ, КУЛИБИНА, 62, 7",5869.538,453.372,664.829,7.724151372731551,57.901006,60.0011136,"57.901006,60.001114",address
43,5404523005,"ООО ""ИНВЕСТТЭК""",НОВОСИБИРСКАЯ,Малое предприятие,"630054, НОВОСИБИРСКАЯ, НОВОСИБИРСК, ТИТОВА, 31/1",831.391,453.199,603.962,54.51093408516571,54.9810193,82.8685415,"54.981019,82.868542",address
44,7830001934,"ЗАО ""ТРЕСТ 101""",САНКТ-ПЕТЕРБУРГ,Среднее предприятие,"195248, САНКТ-ПЕТЕРБУРГ, УМАНСКИЙ, 71, А, 159",3154.804,452.183,611.667,14.333156671539657,59.9643084,30.4519003,"59.964308,30.4519",address
45,5410112902,"ООО ""ЭНЕРГОМОНТАЖ""",НОВОСИБИРСКАЯ,Среднее предприятие,"630061, НОВОСИБИРСКАЯ, НОВОСИБИРСК, ТЮЛЕНИНА, 26",295.632,451.347,441.299,152.67190290631595,55.1114067,82.9358687,"55.111407,82.935869",address
46,1717008397,"ООО ""СПЕЦИАЛИЗИРОВАННЫЙ ЗАСТРОЙЩИК ""ЭНЕРГОСТРОЙ""",ТЫВА,Малое предприятие,"667004, ТЫВА, КЫЗЫЛ, КОЛХОЗНАЯ, 2А",1106.872,449.371,598.924,40.59828055999248,51.7094525,94.5160789,"51.709452,94.516079",address
47,7736565404,"АО ""МНЦЭС-КАПСТРОЙ""",МОСКОВСКАЯ,Малое предприятие,"141280, МОСКОВСКАЯ, ПУШКИНО, ИВАНТЕЕВКА, ФАБРИЧНЫЙ, 1Д",928.119,432.799,702.793,46.6318435459246,55.98029,37.894329,"55.98029,37.894329",address
48,3128001437,"АО СЗ ""КМАПЖС""",БЕЛГОРОДСКАЯ,Среднее предприятие,"309511, БЕЛГОРОДСКАЯ, СТАРЫЙ ОСКОЛ, ОЛИМПИЙСКИЙ, 62",1501.372,420.505,174.178,28.008048638178945,51.3068411,37.8905332,"51.306841,37.890533",address
49,7733801886,"ООО ""ИНВЕСТСТРОЙ""",МОСКВА,Малое предприятие,"125362, МОСКВА, СВОБОДЫ, 31, 1, 2/3",2501.615,408.945,516.244,16.347239683164673,55.837695,37.4538245,"55.837695,37.453824",address
50,5256129066,"ООО ""СЗ ""ТЕРМИНАЛ СК""",НИЖЕГОРОДСКАЯ,Малое предприятие,"603004, НИЖЕГОРОДСКАЯ, НИЖНИЙ НОВГОРОД, ЛЕНИНА, 100Г, 203",143.477,398.866,516.599,277.99995818145067,56.2483672,43.8759203,"56.248367,43.87592",address
51,5503113553,"ООО СК ""АНА""",КРАСНОДАРСКИЙ,Среднее предприятие,"354395, КРАСНОДАРСКИЙ, СОЧИ, ГАСТЕЛЛО, 23А, 46",2179.073,398.086,460.568,18.268594030580893,43.4564031,39.9173842,"43.456403,39.917384",address
52,7716686312,"ООО ""СТРОЙТЕХСТАНДАРТ""",МОСКВА,Малое предприятие,"117587, МОСКВА, ВАРШАВСКОЕ, 125Д, 1, 307",1153.433,395.468,525.705,34.28617006796234,55.6223935,37.6228888,"55.622394,37.622889",address
53,6671388294,"ООО ""УТПК""",СВЕРДЛОВСКАЯ,Малое предприятие,"620000, СВЕРДЛОВСКАЯ, ЕКАТЕРИНБУРГ, МАЛЫШЕВА, 51, 25 ПОМЕЩЕНИЕ 1",1201.615,393.251,495.704,32.72687175176741,56.8382071,60.6007886,"56.838207,60.600789",city_or_region
54,2801130630,"ООО ""АПИН""",АМУРСКАЯ,Малое предприятие,"675001, АМУРСКАЯ, БЛАГОВЕЩЕНСК, ПИОНЕРСКАЯ, 66/1",1000.49,393.088,522.631,39.2895481214205,50.2649274,127.5326329,"50.264927,127.532633",address
55,6673149728,"ООО ""ДРУЖБА Н""",ХАНТЫ-МАНСИЙСКИЙ АВТОНОМНЫЙ ОКРУГ - ЮГРА,Малое предприятие,"628242, ХАНТЫ-МАНСИЙСКИЙ АВТОНОМНЫЙ ОКРУГ - ЮГРА, СОВЕТСКИЙ, СОВЕТСКИЙ, 5-Й, 3",3077.613,392.471,497.466,12.75244808232874,61.3591713,63.5671271,"61.359171,63.567127",address
56,2128007123,"АО ""СЗ ""СТРОЙТРЕСТ №3""",ЧУВАШСКАЯ РЕСПУБЛИКА -,Среднее предприятие,"428000, ЧУВАШСКАЯ РЕСПУБЛИКА -, ЧЕБОКСАРЫ, ЯРОСЛАВСКАЯ, 76, 312",2877.066,389.007,468.423,13.520961980017143,56.0984586,47.268959,"56.098459,47.268959",city_or_region
57,6670115960,"ООО ""ВМП - ИНЖИНИРИНГ""",СВЕРДЛОВСКАЯ,Малое предприятие,"620016, СВЕРДЛОВСКАЯ, ЕКАТЕРИНБУРГ, АМУНДСЕНА, 105, 8",3690.94,388.733,525.898,10.532086677106644,56.7707061,60.5433276,"56.770706,60.543328",address
58,3123378447,"ООО ""ЭРИОНСТРОЙГРУПП""",БЕЛГОРОДСКАЯ,Малое предприятие,"308019, БЕЛГОРОДСКАЯ, БЕЛГОРОД, ГОРЬКОГО, 54Б, 1",2594.176,384.609,517.494,14.825863781023338,50.572641,36.5613325,"50.572641,36.561332",address
59,7204034836,"ООО ""СПЕЦИАЛИЗИРОВАННЫЙ ЗАСТРОЙЩИК ""ТЮМЕНЬСТРОЙ""",ТЮМЕНСКАЯ,Малое предприятие,"625501, ТЮМЕНСКАЯ, ТЮМЕНСКИЙ, МОСКОВСКИЙ, БУРЛАКИ, 23Б, 2",1462.226,383.267,417.49,26.211201278051412,57.103912,65.4301738,"57.103912,65.430174",address
60,7719694625,"ООО ""КАСКАД""",МОСКВА,Малое предприятие,"115230, МОСКВА, ВАРШАВСКОЕ, 42",3735.717,382.747,468.46,10.24561014659301,55.6760155,37.6249807,"55.676016,37.624981",address
61,7713030755,"ЗАО ПТФ ""КУЛОН""",МОСКВА,Малое предприятие,"111402, МОСКВА, 8 МАРТА, 14",520.134,379.57,524.252,72.97542556341251,55.8061875,37.5499467,"55.806188,37.549947",address
62,9201004259,"ООО ""СЗ ""РИЧ-ПЛЮС""",КРЫМ,Малое предприятие,"295000, КРЫМ, СИМФЕРОПОЛЬ, СУВОРОВСКИЙ, 5",1083.734,377.998,484.791,34.879223130399154,44.9596091,34.0903827,"44.959609,34.090383",address
63,6514009098,"ООО ""ЛИДЕР-СПЕЦИАЛИЗИРОВАННЫЙ ЗАСТРОЙЩИК""",САХАЛИНСКАЯ,Среднее предприятие,"694350, САХАЛИНСКАЯ, СМИРНЫХОВСКИЙ, СМИРНЫХ, ПИРОГОВА, 4В",1033.238,370.239,425.89,35.83288651791746,49.7462544,142.830099,"49.746254,142.830099",address
64,7733263469,"ООО ""ИНФО ТЕХ""",МОСКВА,Малое предприятие,"115172, МОСКВА, КРАСНОХОЛМСКАЯ, 1/15, 1",7603.829,357.231,480.01,4.6980409475278835,55.7362644,37.6511952,"55.736264,37.651195",address
65,5040155680,"ООО ""РСБ КОНСТРАКШН""",МОСКОВСКАЯ,Малое предприятие,"140104, МОСКОВСКАЯ, РАМЕНСКОЕ, ВЫСОКОВОЛЬТНАЯ, 21, 4",2226.293,356.734,471.286,16.023677027237653,55.569055,38.1932416,"55.569055,38.193242",address
66,6506009908,"ООО""ТЕХНОДОР""",САХАЛИНСКАЯ,Малое предприятие,"694496, САХАЛИНСКАЯ, ОХИНСКИЙ, ОХА, КРАСНОАРМЕЙСКАЯ, 28",713.592,355.445,455.47,49.81067612865615,53.5877208,142.9443614,"53.587721,142.944361",address
67,7736573934,"ООО ""ПО СК""",МОСКОВСКАЯ,Малое предприятие,"142821, МОСКОВСКАЯ, СТУПИНО, ШМАТОВО, ИНДУСТРИАЛЬНАЯ, 4, 1, 1/2",846.895,351.992,491.496,41.56264944296518,55.0046809,38.0632374,"55.004681,38.063237",address
68,8901016434,"ООО ""ЯМАЛЖИЛСТРОЙ""",ЯМАЛО-НЕНЕЦКИЙ,Малое предприятие,"629003, ЯМАЛО-НЕНЕЦКИЙ, САЛЕХАРД, АВИАЦИОННАЯ, 33, 1, -",1081.318,350.763,407.232,32.43846860960421,66.5970689,66.5758724,"66.597069,66.575872",address
69,5321207013,"ООО ""СЗ ""ПРОЕКТСТРОЙ""",НОВГОРОДСКАЯ,Малое предприятие,"173003, НОВГОРОДСКАЯ, ВЕЛИКИЙ НОВГОРОД, БОЛЬШАЯ САНКТ-ПЕТЕРБУРГСКАЯ, 74, 302",768.512,330.024,383.179,42.943246169220515,58.5475403,31.2732,"58.54754,31.2732",address
70,5905026364,"ООО ПСК""СТРОЙУРАЛ""",ПЕРМСКИЙ,Малое предприятие,"614065, ПЕРМСКИЙ, ПЕРМЬ, РАЗВЕДЧИКОВ, 38",1173.587,328.889,423.69,28.02425384739265,57.9597908,56.1587046,"57.959791,56.158705",address
71,7710866012,"ООО ""СМУ МОСКОВИЯ""",МОСКВА,Малое предприятие,"111024, МОСКВА, 2-Я КАБЕЛЬНАЯ, 2, 4, 4, ПОМ. XXI, КОМН. 29",3225.526,328.16,389.683,10.17384451404205,55.625578,37.6063916,"55.625578,37.606392",city_or_region
72,7202204320,"ООО ""МИР""",НОВОСИБИРСКАЯ,Малое предприятие,"630124, НОВОСИБИРСКАЯ, НОВОСИБИРСК, ВОЛОЧАЕВСКАЯ, 64, 1, 389В",1154.606,327.572,422.954,28.37089015646896,55.0520224,82.9998989,"55.052022,82.999899",address
73,7725760555,"ООО ""СПЕЦИАЛИЗИРОВАННЫЙ ЗАСТРОЙЩИК ""ОБЪЕКТСТРОЙ""",НИЖЕГОРОДСКАЯ,Малое предприятие,"603104, НИЖЕГОРОДСКАЯ, НИЖНИЙ НОВГОРОД, КРАСНОЗВЕЗДНАЯ, 39, 1, П3 КОМНАТА 3",1234.491,317.74,407.926,25.73854325385928,56.2835624,43.9867487,"56.283562,43.986749",address
74,6317135375,"ООО СЗ ""ШАРД 63""",САМАРСКАЯ,Малое предприятие,"443099, САМАРСКАЯ, САМАРА, СТЕПАНА РАЗИНА, 94А, 17",584.528,314.318,416.373,53.772958694878604,53.18745,50.08601,"53.18745,50.08601",address
75,7706442589,"ООО ""ПРОМИНВЕСТСТРОЙ-У""",МОСКВА,Малое предприятие,"117105, МОСКВА, 1-Й НАГАТИНСКИЙ, 6, 1, 111",258.641,313.839,406.115,121.34155064355612,55.6810025,37.632703,"55.681002,37.632703",address
76,7130031154,"ООО""СМК""",ИВАНОВСКАЯ,Среднее предприятие,"153510, ИВАНОВСКАЯ, КОХМА, ОКТЯБРЬСКАЯ, 49А, 2/1",2478.705,311.79,401.089,12.57874575635261,56.9277355,41.1039869,"56.927736,41.103987",address
77,2315993797,"ООО ""ЭЛЬМА""",КРАСНОДАРСКИЙ,Малое предприятие,"353960, КРАСНОДАРСКИЙ, НОВОРОССИЙСК, СПОРТИВНАЯ, 2В, 39",2094.345,311.266,416.575,14.86221229071619,44.7431625,37.7233984,"44.743162,37.723398",address
78,7325124442,"ООО ""СЗ РЕНТ-СЕРВИС""",ВОЛГОГРАДСКАЯ,Малое предприятие,"400138, ВОЛГОГРАДСКАЯ, ВОЛГОГРАД, ИМ. СОЛНЕЧНИКОВА, 11, 1",6393.067,307.729,446.682,4.813479977606992,48.6626419,44.4134106,"48.662642,44.413411",address
79,3123228160,"ООО ""СЛАВЯНСТРОЙ""",БЕЛГОРОДСКАЯ,Среднее предприятие,"308015, БЕЛГОРОДСКАЯ, БЕЛГОРОД, НАРОДНЫЙ, 111, 508",2168.588,302.841,346.483,13.964893285400453,50.6022137,36.5732166,"50.602214,36.573217",address
80,7105523240,"ООО ""ВНЕШСТРОЙЦЕНТР""",ТУЛЬСКАЯ,Малое предприятие,"300001, ТУЛЬСКАЯ, ТУЛА, ДЕМИДОВСКАЯ ПЛОТИНА, 27",4.537,300.337,391.775,6619.726691646463,54.2018613,37.6309422,"54.201861,37.630942",address
81,7721506798,"ООО ""ЛАНДШАФТПРОЕКТ""",МОСКВА,Среднее предприятие,"127006, МОСКВА, ВОРОТНИКОВСКИЙ, 8, 1, I К 10 ОФ 1 РМ 2/3",1668.97,297.916,377.82,17.850290897978994,55.625578,37.6063916,"55.625578,37.606392",city_or_region
82,5260363213,"ООО ""ХАЙ-ТЕК БИЛДИНГ""",НИЖЕГОРОДСКАЯ,Малое предприятие,"603163, НИЖЕГОРОДСКАЯ, НИЖНИЙ НОВГОРОД, КАЗАНСКОЕ, 2, 1, 143",2433.636,290.816,382.349,11.949856100090564,56.295611,44.081578,"56.295611,44.081578",address
83,7801643052,"ООО ""СК ""СЕГМЕНТА""",САНКТ-ПЕТЕРБУРГ,Среднее предприятие,"197022, САНКТ-ПЕТЕРБУРГ, ПРОФЕССОРА ПОПОВА, 23, М, 16Н ОФИС 8",278.306,284.436,209.868,102.20261151394507,59.9606739,30.1586551,"59.960674,30.158655",city_or_region
84,7838030937,"ООО ""ГСМ""",САНКТ-ПЕТЕРБУРГ,Малое предприятие,"195277, САНКТ-ПЕТЕРБУРГ, КОМИССАРА СМИРНОВА, 11, Д, 204 (3-Н ЗА № 7)",4125.502,283.112,374.176,6.862486068362104,59.9606739,30.1586551,"59.960674,30.158655",city_or_region
85,7728838739,"ООО ""ГАЗСТРОЙТЕХ""",САНКТ-ПЕТЕРБУРГ,Малое предприятие,"194292, САНКТ-ПЕТЕРБУРГ, ДОМОСТРОИТЕЛЬНАЯ, 16, А, 13-Н",10222.661,282.781,390.167,2.766217132701554,59.9606739,30.1586551,"59.960674,30.158655",city_or_region
86,5262316681,"ООО СЗ ""СМ-СТРОЙ52""",НИЖЕГОРОДСКАЯ,Малое предприятие,"603105, НИЖЕГОРОДСКАЯ, НИЖНИЙ НОВГОРОД, ГЕНКИНОЙ, 25 А, П52 КАБИНЕТ 19",1260.821,281.77,434.331,22.348136650642715,56.3264816,44.0051395,"56.326482,44.00514",city_or_region
87,2204054375,"ООО ""МАТЕРИАЛСТРОЙСЕРВИС""",НОВОСИБИРСКАЯ,Малое предприятие,"630088, НОВОСИБИРСКАЯ, НОВОСИБИРСК, ПЕТУХОВА, 67/8, 3",833.957,280.973,366.459,33.691545247536745,54.945482,82.8853237,"54.945482,82.885324",address
88,7725715633,"ООО  ""ОБЪЕДИНЕННЫЕ ИНВЕСТИЦИИ В НЕДВИЖИМОСТЬ""",МОСКВА,Малое предприятие,"115093, МОСКВА, ПАВЛОВСКАЯ, 7, 3 ПОМ V КОМ 16",484.487,279.541,551.517,57.6983489753079,55.625578,37.6063916,"55.625578,37.606392",city_or_region
89,3907211633,"ООО СЗ ""КПД СТРОЙ""",КАЛИНИНГРАДСКАЯ,Малое предприятие,"236004, КАЛИНИНГРАДСКАЯ, КАЛИНИНГРАД, ДЮННАЯ, 18, 201",398.555,277.81,275.937,69.70430680834515,54.6861466,20.5174023,"54.686147,20.517402",address
90,2312189274,"ООО СЗ ""РОМЕКС ДЕВЕЛОПМЕНТ""",АДЫГЕЯ,Малое предприятие,"385200, АДЫГЕЯ, ТЕУЧЕЖСКИЙ, КОЧКИН, ЛОГИСТИЧЕСКАЯ, 3, 1, 146",974.996,275.288,360.695,28.234782501671802,44.866088,39.1835494,"44.866088,39.183549",city_or_region
91,9701063446,"ООО ""СТРОЙБУР""",МОСКВА,Малое предприятие,"105082, МОСКВА, РУБЦОВСКАЯ, 3, 1, 14 ПОМ I КОМ 9",678.231,271.833,362.527,40.07970735634319,55.625578,37.6063916,"55.625578,37.606392",city_or_region
92,5611022790,"ООО СЗ ""ИСК ""СТРОЙТЕХСЕРВИС""",ОРЕНБУРГСКАЯ,Среднее предприятие,"460058, ОРЕНБУРГСКАЯ, ОРЕНБУРГ, УРАЛЬСКАЯ, 2Д, 1",596.656,271.58,278.776,45.517014829315386,51.7635205,55.1405118,"51.76352,55.140512",address
93,2308114879,"ООО ""АГРОСПЕЦМОНТАЖ""",КРАСНОДАРСКИЙ,Малое предприятие,"350072, КРАСНОДАРСКИЙ, КРАСНОДАР, ИМ. 40-ЛЕТИЯ ПОБЕДЫ, 37, 1483",1443.985,271.196,363.668,18.781081520929927,45.0553775,39.0066001,"45.055378,39.0066",address
94,1643012519,"ООО ""ТЕХБУРСЕРВИС""",ТАТАРСТАН,Малое предприятие,"423458, ТАТАРСТАН, АЛЬМЕТЬЕВСКИЙ, АЛЬМЕТЬЕВСК, ЦЕХОВАЯ, 1, 4/1",908.097,265.518,277.574,29.23894694069026,54.899497,52.3259679,"54.899497,52.325968",address
95,7203294567,"ООО ""СКС""",ЯМАЛО-НЕНЕЦКИЙ,Малое предприятие,"629309, ЯМАЛО-НЕНЕЦКИЙ, НОВЫЙ УРЕНГОЙ, СЕВЕРНАЯ КОММУНАЛЬНАЯ ЗОНА, 8, 1",359.697,265.266,328.391,73.7470704509629,66.1233076,76.6776241,"66.123308,76.677624",address
96,4632203108,"ООО СЗ ""КАСКАД+""",КУРСКАЯ,Малое предприятие,"305045, КУРСКАЯ, КУРСК, ОБЪЕЗДНАЯ, 8",818.027,264.936,314.578,32.38719504368437,51.6582966,36.0675251,"51.658297,36.067525",address
97,5904272159,"ООО ""ГСТ""",ПЕРМСКИЙ,Малое предприятие,"614025, ПЕРМСКИЙ, ПЕРМЬ, ПИХТОВАЯ, 43",1519.366,262.011,309.794,17.244758669076443,57.9750863,56.2870375,"57.975086,56.287038",address
98,8905039369,"ООО ""СПЕЦМОНТАЖСТРОЙ""",ЯМАЛО-НЕНЕЦКИЙ,Среднее предприятие,"629805, ЯМАЛО-НЕНЕЦКИЙ, НОЯБРЬСК, 3",1476.13,258.442,273.712,17.50807855676668,63.1930939,75.4593595,"63.193094,75.45936",address
99,6444006904,"ООО ""СТРОИТЕЛЬНАЯ КОМПАНИЯ""",САРАТОВСКАЯ,Малое предприятие,"412515, САРАТОВСКАЯ, Петровский, Вязьмино, ЦЕНТРАЛЬНАЯ, 15",562.473,258.178,274.481,45.90051433579923,52.2196156,45.4179204,"52.219616,45.41792",address
100,8904054325,"ООО ПКК""ЛИГА-СЕРВИС 89""",ЯМАЛО-НЕНЕЦКИЙ,Малое предприятие,"629300, ЯМАЛО-НЕНЕЦКИЙ, НОВЫЙ УРЕНГОЙ, ЛЕНИНГРАДСКИЙ, 12, А, 142",638.267,256.146,,40.13148102596562,66.0833716,76.6884057,"66.083372,76.688406",address
101,6314023257,"ООО ""МСС""",САМАРСКАЯ,Малое предприятие,"443010, САМАРСКАЯ, САМАРА, ЧАПАЕВСКАЯ, 142, ОФИС 1",1102.301,255.953,334.645,23.219882772491363,53.1909785,50.0962865,"53.190978,50.096286",address
102,1655119785,"ООО ""КАМАСТРОЙИНВЕСТ""",ТАТАРСТАН,Малое предприятие,"420021, ТАТАРСТАН, КАЗАНЬ, КАЮМА НАСЫРИ, 3, 200",242.203,254.892,222.816,105.23899373665893,55.781246,49.1154651,"55.781246,49.115465",address
103,7733732294,"ООО ""БИЭФ""",МОСКВА,Малое предприятие,"115230, МОСКВА, ЭЛЕКТРОЛИТНЫЙ, 1, 3, 3 П Х К 9 О 1Б",3586.982,254.577,389.565,7.097247769852204,55.625578,37.6063916,"55.625578,37.606392",city_or_region
104,7816300957,"АО СК ""КОМПАКТ""",САНКТ-ПЕТЕРБУРГ,Среднее предприятие,"192102, САНКТ-ПЕТЕРБУРГ, ФУЧИКА, 4, Б, 4Н",5849.564,250.41,260.957,4.280831870546249,59.877503,30.3625459,"59.877503,30.362546",address
105,2632083929,"ООО ""МКАД""",ЧЕЧЕНСКАЯ,Малое предприятие,"366208, ЧЕЧЕНСКАЯ, ГУДЕРМЕССКИЙ, ГУДЕРМЕС, АХМАТ-ХАДЖИ КАДЫРОВА, 38, 13/1",2886.055,249.714,333.37,8.652433858675597,43.3530186,46.1049578,"43.353019,46.104958",city_or_region
106,1435194970,"ООО ""СЗ ВЫСОТА""",САХА (ЯКУТИЯ),Малое предприятие,"677008, САХА (ЯКУТИЯ), ЯКУТСК, ЛОНГИНОВА, 20",16.665,248.597,353.512,1491.7311731173118,62.0265426,129.6813768,"62.026543,129.681377",address
107,7727803780,"ООО ""СК СИСТЕМА""",МОСКОВСКАЯ,Среднее предприятие,"140070, МОСКОВСКАЯ, ЛЮБЕРЦЫ, ТОМИЛИНО, ГАРШИНА, 11, 11",4861.148,246.932,371.998,5.079705452292339,55.6643407,37.9637584,"55.664341,37.963758",address
108,7723596596,"ООО ""СТЭЛС-СК""",МОСКВА,Малое предприятие,"105118, МОСКВА, ЭНТУЗИАСТОВ, 34, 23/3",1382.769,246.783,330.287,17.847015662052012,55.7558154,37.7274467,"55.755815,37.727447",address
109,5903070946,"ООО ""КОЛИБРИ""",ПЕРМСКИЙ,Малое предприятие,"614500, ПЕРМСКИЙ, ПЕРМСКИЙ, ХМЕЛИ, КОСМОНАВТОВ, 320Б/11",1193.162,245.163,,20.54733556717361,57.9510299,56.1012992,"57.95103,56.101299",address
110,2312200175,"ООО ""ИСК ФАВОРИТ""",КРАСНОДАРСКИЙ,Малое предприятие,"350063, КРАСНОДАРСКИЙ, Краснодар, КОМСОМОЛЬСКАЯ, 15, 32",1336.023,244.517,305.384,18.30185558182756,45.0200129,38.9654371,"45.020013,38.965437",address
111,6234132853,"ООО ""СТРОЙКОМПЛЕКТСЕРВИС""",РЯЗАНСКАЯ,Среднее предприятие,"390013, РЯЗАНСКАЯ, РЯЗАНЬ, ШОССЕЙНЫЙ, 3",4966.128,244.243,350.381,4.918177703031415,54.6301521,39.6985374,"54.630152,39.698537",address
112,5404041266,"ООО ""ФОРТУНА +""",НОВОСИБИРСКАЯ,Малое предприятие,"630054, НОВОСИБИРСКАЯ, НОВОСИБИРСК, КОСТЫЧЕВА, 5, 1",684.67,243.475,329.573,35.56092716199045,54.9806334,82.8766326,"54.980633,82.876633",address
113,7733661420,"ООО ""СК КАСКАД""",МОСКВА,Малое предприятие,"108814, МОСКВА, КОММУНАРКА, КОММУНАРКА, АЛЕКСАНДРЫ МОНАХОВОЙ, 30, 1, 516",2167.544,243.361,263.59,11.22749988004857,55.5690764,37.4781677,"55.569076,37.478168",address
114,2464134287,"ООО ""СТРОЙАКТИВ""",КРАСНОЯРСКИЙ,Малое предприятие,"660012, КРАСНОЯРСКИЙ, КРАСНОЯРСК, КАРАМЗИНА, 28А, 302",242.294,242.767,222.5,100.1952173805377,55.9889922,92.8486963,"55.988992,92.848696",address
115,7726761368,"ООО ""МЕКОМ""",МОСКВА,Среднее предприятие,"129347, МОСКВА, ЯРОСЛАВСКОЕ, 146, 2, 4",3721.295,241.279,348.587,6.483737516106625,55.8763653,37.7211525,"55.876365,37.721152",address
116,6453091656,"ООО СЗ ""ШЭЛДОМ""",САРАТОВСКАЯ,Малое предприятие,"410040, САРАТОВСКАЯ, САРАТОВ, ДЕЛОВОЙ, 9, 1",358.66,240.976,215.322,67.18786594546367,51.5694608,45.9890755,"51.569461,45.989076",address
117,7604248060,"ООО ""ЯСУ""",ЯРОСЛАВСКАЯ,Малое предприятие,"150001, ЯРОСЛАВСКАЯ, ЯРОСЛАВЛЬ, НАУМОВА, 67/2, 28",2082.397,240.628,281.615,11.555337430854923,57.607367,39.863989,"57.607367,39.863989",address
118,7706424276,"ООО ""АЭРОДОРСТРОЙ""",МОСКВА,Среднее предприятие,"119180, МОСКВА, БОЛЬШАЯ ПОЛЯНКА, 51А/9, 8, ПОМ 1. К 1, ОФ 5",981.664,239.188,274.369,24.365567037193987,55.625578,37.6063916,"55.625578,37.606392",city_or_region
119,0522017341,"ООО ""МЕГА -СТРОЙ-1""",ДАГЕСТАН,Малое предприятие,"368546, ДАГЕСТАН, КАРАБУДАХКЕНТСКИЙ, ГУБДЕН, АБДУЛАЕВА РАСУЛА, 1А",241.199,238.787,,98.99999585404584,42.5663645,47.5667008,"42.566364,47.566701",address
120,6670459753,"ООО ""ПЛУТОН""",СВЕРДЛОВСКАЯ,Среднее предприятие,"620075, СВЕРДЛОВСКАЯ, ЕКАТЕРИНБУРГ, МАМИНА-СИБИРЯКА, 101, 1241",1876.985,238.48,317.212,12.705482462566298,56.8399461,60.6177845,"56.839946,60.617784",address
121,6679157757,"ООО ""ГП ""СТРОЙТЭК""",СВЕРДЛОВСКАЯ,Малое предприятие,"620144, СВЕРДЛОВСКАЯ, Екатеринбург, СУРИКОВА, 53, 218",4251.197,237.92,301.395,5.596541397634596,56.8065044,60.6025621,"56.806504,60.602562",address
122,7703543324,"ООО ""КОМПАНИЯ Б.В.С.""",МОСКВА,Среднее предприятие,"109428, МОСКВА, РЯЗАНСКИЙ, 10, 18, 11/8",7211.011,235.221,313.89,3.2619697848193545,55.7250685,37.7600718,"55.725068,37.760072",address
123,7453326003,"ПАО ""АПРИ""",ЧЕЛЯБИНСКАЯ,Среднее предприятие,"454091, ЧЕЛЯБИНСКАЯ, ЧЕЛЯБИНСК, КИРОВА, 159, 909",3058.612,231.14,443.327,7.557022597178066,55.1646238,61.4012168,"55.164624,61.401217",address
124,3906205764,"ЗАО ""ДСП""",КАЛИНИНГРАДСКАЯ,Среднее предприятие,"236003, КАЛИНИНГРАДСКАЯ, КАЛИНИНГРАД, МОСКОВСКИЙ, 186, 2",1937.27,230.096,198.537,11.877332534958988,54.71753,20.5300284,"54.71753,20.530028",address
125,2502054250,"ООО ""КМ ЛОГИСТИК""",ПРИМОРСКИЙ,Малое предприятие,"692754, ПРИМОРСКИЙ, АРТЕМ, 2-Я РАБОЧАЯ, 162, 1",391.702,229.421,272.736,58.57029068015992,43.3464204,132.1053688,"43.34642,132.105369",address
126,7709759231,"ООО ""СР.ДЕВЕЛОПМЕНТ""",МОСКВА,Малое предприятие,"105120, МОСКВА, НИЖНЯЯ СЫРОМЯТНИЧЕСКАЯ, 10, 2, I СЕДЬМОЙ ЭТАЖ",1352.293,226.308,228.988,16.735130626276998,55.625578,37.6063916,"55.625578,37.606392",city_or_region
127,6454004416,"ЗАО ""ГЕОТЕХНИКА-С""",САРАТОВСКАЯ,Малое предприятие,"410022, САРАТОВСКАЯ, САРАТОВ, 1-Й ЭНЕРГЕТИКОВ, 25",397.393,226.072,204.303,56.88877257525925,51.4639974,45.9185311,"51.463997,45.918531",address
128,7805562238,"ООО ""СК РАКУРС""",САНКТ-ПЕТЕРБУРГ,Малое предприятие,"192236, САНКТ-ПЕТЕРБУРГ, БЕЛЫ КУНА, 30, А, 25Н",2495.415,226.008,302.159,9.056930410372624,59.9606739,30.1586551,"59.960674,30.158655",city_or_region
129,7722387769,"ООО ""МЕКОНСПРО""",МОСКВА,Малое предприятие,"109518, МОСКВА, 1-Й ГРАЙВОРОНОВСКИЙ, 20, 36, 4 ОФИС 413",565.82,225.948,199.735,39.93284083277368,55.625578,37.6063916,"55.625578,37.606392",city_or_region
130,3123411969,"ООО ""СЕНА""",БЕЛГОРОДСКАЯ,Малое предприятие,"308036, БЕЛГОРОДСКАЯ, БЕЛГОРОД, ГУБКИНА, 48А, 57",1164.551,223.303,260.474,19.175029689554172,50.5728065,36.5480248,"50.572806,36.548025",address
131,4501187413,"ООО ""СТАЛЬСТРОЙМОНТАЖ""",КУРГАНСКАЯ,Среднее предприятие,"640023, КУРГАНСКАЯ, КУРГАН, ЗАГОРОДНАЯ, 3, 117",1518.457,222.783,297.581,14.671669991313552,55.4885802,65.2127618,"55.48858,65.212762",address
132,6318240140,"ООО РСК ""АРМАДА""",САМАРСКАЯ,Малое предприятие,"443070, САМАРСКАЯ, САМАРА, ВЕРХНЕ-КАРЬЕРНАЯ, 6, 28",973.302,222.286,,22.83833794649554,53.1814717,50.1764074,"53.181472,50.176407",address
133,2310101500,"ООО ""ЮГСТРОЙСЕРВИС""",КРАСНОДАРСКИЙ,Малое предприятие,"350020, КРАСНОДАРСКИЙ, Краснодар, КРАСНАЯ, 180А, 206",437.434,222.058,,50.76377236337367,45.0229637,38.9691053,"45.022964,38.969105",address
134,2129040518,"ООО ""СЗ ""СМУ-58""",ЧУВАШСКАЯ РЕСПУБЛИКА -,Малое предприятие,"428034, ЧУВАШСКАЯ РЕСПУБЛИКА -, ЧЕБОКСАРЫ, МОСКОВСКИЙ, 17, 1, 2",254.856,220.961,206.681,86.70033273691811,56.0984586,47.268959,"56.098459,47.268959",city_or_region
135,3662058103,"ООО СПЕЦИАЛИЗИРОВАННЫЙ ЗАСТРОЙЩИК ""СТЭЛ-ИНВЕСТ""",ВОРОНЕЖСКАЯ,Малое предприятие,"394077, ВОРОНЕЖСКАЯ, ВОРОНЕЖ, МОСКОВСКИЙ, 109А, 1",135.511,220.797,276.975,162.9365881736538,51.7122209,39.1791603,"51.712221,39.17916",address
136,2524004983,"ООО ""КАПСТРОЙ""",ПРИМОРСКИЙ,Среднее предприятие,"692941, ПРИМОРСКИЙ, НАХОДКА, БАЗОВАЯ, 32, 1",1629.908,218.168,260.403,13.385295366364236,42.7547279,133.0873885,"42.754728,133.087388",address
137,7701769950,"ООО ""БРАНД""",МОСКВА,Малое предприятие,"117556, МОСКВА, НАХИМОВСКИЙ, 1, 1, 1 ПОМ 2 КОМ 16",480.429,216.48,226.183,45.05972786821778,55.5855432,37.468632,"55.585543,37.468632",address
138,7720698889,"ООО ""ЭКОТЭС""",МОСКВА,Малое предприятие,"117587, МОСКВА, ВАРШАВСКОЕ, 118, 1, 1/5",1326.505,212.596,293.495,16.02677713238925,55.6315717,37.6180684,"55.631572,37.618068",address
139,6382020906,"ООО СЗ ""ЕДИНЕНИЕ""",САМАРСКАЯ,Малое предприятие,"445039, САМАРСКАЯ, ТОЛЬЯТТИ, 40 ЛЕТ ПОБЕДЫ, 94В",796.48,210.427,332.297,26.419621333869024,53.5259127,49.326438,"53.525913,49.326438",address
140,0326514530,"ООО СЗ ""СМИТИНВЕСТ""",БУРЯТИЯ,Малое предприятие,"670034, БУРЯТИЯ, УЛАН-УДЭ, ХАХАЛОВА, 2А",109.191,209.458,213.796,191.82716524255662,51.8326028,107.5994331,"51.832603,107.599433",address
141,6501067536,"ООО ""СЗ ""РЫБОВОДСТРОЙ""",САХАЛИНСКАЯ,Среднее предприятие,"693004, САХАЛИНСКАЯ, ЮЖНО-САХАЛИНСК, ЛЕНИНА, 384Б/1",2863.928,208.684,305.591,7.28663569754547,46.9309048,142.7319259,"46.930905,142.731926",address
142,7723788971,"ООО ""САВ-СТРОЙ""",МОСКВА,Малое предприятие,"125167, МОСКВА, ЛЕНИНГРАДСКИЙ, 45, 2, I/3/ПОДВАЛ",1345.008,206.288,250.038,15.337306543901597,55.625578,37.6063916,"55.625578,37.606392",city_or_region
143,7714957479,"ООО ""СТРОИТЕЛЬНЫЙ ТРЕСТ-12""",МОСКОВСКАЯ,Среднее предприятие,"140184, МОСКОВСКАЯ, ЖУКОВСКИЙ, МИЧУРИНА, 9, 1",8523.566,204.622,279.665,2.4006618825970256,55.6076459,38.1067554,"55.607646,38.106755",address
144,9110022780,"ООО ""РЕГИОНСТРОЙСНАБ""",КРЫМ,Малое предприятие,"297420, КРЫМ, ЕВПАТОРИЯ, ИМ.9-ГО МАЯ, 114, 1",369.128,203.871,201.074,55.23043497106694,45.2068827,33.3402337,"45.206883,33.340234",address
145,7702834017,"ООО ""СПЕЦПРОМСТРОЙ""",МОСКВА,Малое предприятие,"129110, МОСКВА, ГИЛЯРОВСКОГО, 57, 1",1237.896,203.744,296.902,16.45889476983527,55.7870657,37.6321247,"55.787066,37.632125",address
146,2310140354,"ООО СК ""ЕКАТЕРИНОДАР-СИТИ""",КРАСНОДАРСКИЙ,Малое предприятие,"350072, КРАСНОДАРСКИЙ, КРАСНОДАР, ИМ. 40-ЛЕТИЯ ПОБЕДЫ, 33Г, 1151190",,203.391,,,45.0553775,39.0066001,"45.055378,39.0066",address
147,5638050428,"ООО ""УИК""",ОРЕНБУРГСКАЯ,Среднее предприятие,"460525, ОРЕНБУРГСКАЯ, ОРЕНБУРГСКИЙ, БЛАГОСЛОВЕНКА, КООПЕРАТИВНАЯ, 43",1766.414,203.152,109.197,11.500814644811465,51.7144111,55.3198137,"51.714411,55.319814",address
148,3444259931,"ООО ""АСЗ""",ВОЛГОГРАДСКАЯ,Малое предприятие,"400005, ВОЛГОГРАДСКАЯ, ВОЛГОГРАД, СОВЕТСКАЯ, 28",1876.247,202.114,205.86,10.772249069552144,48.7146204,44.5313225,"48.71462,44.531322",address
149,7810741105,"ООО ""ПСК""",САНКТ-ПЕТЕРБУРГ,Среднее предприятие,"196128, САНКТ-ПЕТЕРБУРГ, КУЗНЕЦОВСКАЯ, 21, А, 4-Н",1569.335,200.903,223.111,12.801791841767374,59.8718703,30.3032182,"59.87187,30.303218",address
150,6234101950,"ООО ""ДОЛСТРИМ""",РЯЗАНСКАЯ,Среднее предприятие,"390047, РЯЗАНСКАЯ, РЯЗАНЬ, 27А",2783.811,200.461,284.345,7.200955812014537,54.5995019,39.7647303,"54.599502,39.76473",address
151,7801421194,"ООО ""СЕЛЕНА МОНТАЖ""",САНКТ-ПЕТЕРБУРГ,Среднее предприятие,"199178, САНКТ-ПЕТЕРБУРГ, 18-Я В.О., 29, И, 1-Н Ч.КОМ. 399, КОМН. 401-410",3699.058,199.638,265.773,5.39699566754563,59.9606739,30.1586551,"59.960674,30.158655",city_or_region
152,7327090005,"ООО ""МОНОЛИТ""",УЛЬЯНОВСКАЯ,Среднее предприятие,"432027, УЛЬЯНОВСКАЯ, УЛЬЯНОВСК, СИМБИРСКАЯ, 7/1, 1",2834.036,198.988,265.119,7.021364583936125,54.3425308,48.3870507,"54.342531,48.387051",address
153,3906302060,"ООО ""ОМЕГА""",КАЛИНИНГРАДСКАЯ,Малое предприятие,"236039, КАЛИНИНГРАДСКАЯ, КАЛИНИНГРАД, ЭПРОНОВСКАЯ, 12, 3",279.604,197.496,169.783,70.63418262971918,54.7022567,20.5137193,"54.702257,20.513719",address
154,7225005025,"ООО ""ЛЕСНЫЕ ТЕХНОЛОГИИ""",ТЮМЕНСКАЯ,Среднее предприятие,"625056, ТЮМЕНСКАЯ, Тюмень, ВОРОНИНСКИЕ ГОРКИ, 101Б, 4",1353.815,197.478,247.647,14.586778843490434,57.203642,65.4433592,"57.203642,65.443359",address
155,9705037905,"ООО ""СМК""",МОСКВА,Малое предприятие,"125480, МОСКВА, ГЕРОЕВ ПАНФИЛОВЦЕВ, 16, 1, 8/3П",2779.891,195.156,204.201,7.0202752553967045,55.8587145,37.423835,"55.858714,37.423835",address
156,5614014188,"ООО ""УЦМР""",ОРЕНБУРГСКАЯ,Среднее предприятие,"462401, ОРЕНБУРГСКАЯ, ОРСК, СТРОИТЕЛЕЙ, 35А",1513.712,194.171,223.353,12.827473125667236,51.2282749,58.5276682,"51.228275,58.527668",address
157,7447139573,"ООО ""РГС ГРУПП""",ЧЕЛЯБИНСКАЯ,Малое предприятие,"454080, ЧЕЛЯБИНСКАЯ, ЧЕЛЯБИНСК, ЛЕСОПАРКОВАЯ, 6, 1, 701",1442.594,193.447,93.765,13.409663425745567,55.1508423,61.3637925,"55.150842,61.363792",address
158,8904070510,"ООО СЗ ""АНТАРЕС""",ЯМАЛО-НЕНЕЦКИЙ,Малое предприятие,"629305, ЯМАЛО-НЕНЕЦКИЙ, НОВЫЙ УРЕНГОЙ, АРКТИЧЕСКАЯ, 4, 1",140.184,192.42,258.061,137.26245505906522,66.0827223,76.6340088,"66.082722,76.634009",address
159,7106047347,"ООО ""СТРОЙЭТАЛОН ФИНАНС""",ТУЛЬСКАЯ,Малое предприятие,"300001, ТУЛЬСКАЯ, ТУЛА, К.МАРКСА, 5, 107А",1133.769,192.414,228.341,16.97118196034642,54.1974604,37.6350741,"54.19746,37.635074",address
160,5903110050,"ООО ""ПГП-СТРОЙ""",ПЕРМСКИЙ,Малое предприятие,"614039, ПЕРМСКИЙ, ПЕРМЬ, СИБИРСКАЯ, 47А, 302",1578.54,192.32,226.297,12.18340998644317,58.0056661,56.2527866,"58.005666,56.252787",address
161,5404278931,"ООО ""ПРОМСТРОЙ""",НОВОСИБИРСКАЯ,Малое предприятие,"630091, НОВОСИБИРСКАЯ, НОВОСИБИРСК, СОВЕТСКАЯ, 64, 419",623.492,191.962,256.002,30.788205782913014,55.04888,82.912171,"55.04888,82.912171",address
162,3706011835,"ООО ""РЕЗЦОФФ""",ИВАНОВСКАЯ,Среднее предприятие,"155908, ИВАНОВСКАЯ, ШУЙСКИЙ, ОСТАПОВО, ЗЕЛЕНАЯ, 79Ф",3403.335,191.851,233.362,5.637147092484284,56.826144,41.3951504,"56.826144,41.39515",address
163,2466257083,"ООО ""СТРОЙМОНТАЖ""",КРАСНОЯРСКИЙ,Малое предприятие,"660017, КРАСНОЯРСКИЙ, КРАСНОЯРСК, МИРА, 94, ОФИС 3-05",1446.693,189.622,235.358,13.107272932128655,56.0091173,92.872586,"56.009117,92.872586",city_or_region
164,2460001399,"ООО ""АЛЬФА""",КРАСНОЯРСКИЙ,Среднее предприятие,"660048, КРАСНОЯРСКИЙ, КРАСНОЯРСК, КАЛИНИНА, 8, 244",593.45,189.041,215.228,31.854579155783973,56.0344777,92.8216841,"56.034478,92.821684",address
165,7718904767,"ООО ""ТЕЛЕ-НОВА""",МОСКВА,Малое предприятие,"107061, МОСКВА, ПРЕОБРАЖЕНСКАЯ, 8, 43",1453.716,188.985,266.846,13.000132075315948,55.7905511,37.7126986,"55.790551,37.712699",address
166,6731028404,"АО ""СМОЛСТРОМ-СЕРВИС""",СМОЛЕНСКАЯ,Среднее предприятие,"214014, СМОЛЕНСКАЯ, СМОЛЕНСК, ЭНГЕЛЬСА, 23А",1026.914,188.909,146.174,18.395795558342762,54.78079,32.064613,"54.78079,32.064613",address
167,7802148357,"АО ""НЕВСКИЙ ПРОЕКТ""",САНКТ-ПЕТЕРБУРГ,Малое предприятие,"198095, САНКТ-ПЕТЕРБУРГ, МИТРОФАНЬЕВСКОЕ, 5, 2 ЛИТ.Б",1275.417,186.462,222.041,14.619689089921179,59.8930884,30.3049182,"59.893088,30.304918",address
168,9701069818,"ООО ""БС-СТРОЙ""",МОСКВА,Малое предприятие,"105066, МОСКВА, НИЖНЯЯ КРАСНОСЕЛЬСКАЯ, 35, 9, 3, КОМ 3",7825.531,186.34,231.369,2.381180267511559,55.7761664,37.6728229,"55.776166,37.672823",address
169,5401345428,"ООО СК ""ВИРА-СТРОЙ""",НОВОСИБИРСКАЯ,Малое предприятие,"630004, НОВОСИБИРСКАЯ, НОВОСИБИРСК, ДИМИТРОВА, 4/1",134.238,185.721,203.084,138.3520314664998,55.0306642,82.909687,"55.030664,82.909687",address
170,7702536109,"ООО ""СЕВ. Р. ДЕВЕЛОПМЕНТ""",МОСКВА,Среднее предприятие,"105120, МОСКВА, НИЖНЯЯ СЫРОМЯТНИЧЕСКАЯ, 10, 2, I СЕДЬМОЙ ЭТАЖ",2268.67,185.061,202.481,8.157246316123544,55.625578,37.6063916,"55.625578,37.606392",city_or_region
171,6155043061,"ООО ""СМК""",РОСТОВСКАЯ,Малое предприятие,"344013, РОСТОВСКАЯ, РОСТОВ-НА-ДОНУ, 2-Й ПЕРЕУЛОК, 114 А, 74",414.125,183.615,244.82,44.33806217929369,47.238038,39.682258,"47.238038,39.682258",address
172,7810384189,"ООО ""ИНТЕРИОР ДЕКОР""",ЛЕНИНГРАДСКАЯ,Малое предприятие,"188645, ЛЕНИНГРАДСКАЯ, ВСЕВОЛОЖСКИЙ, ВСЕВОЛОЖСК, КОЛТУШСКОЕ, 298, 4",879.734,182.836,,20.783100346241024,60.0376605,30.6311564,"60.03766,30.631156",address
173,5009007401,"ЗАО ""МОСОБЛСТРОЙТРЕСТ №11""",МОСКОВСКАЯ,Среднее предприятие,"142000, МОСКОВСКАЯ, ДОМОДЕДОВО, СТАНЦИОННАЯ, 2",839.621,178.426,-16.146,21.25077862511776,55.4421907,37.7736078,"55.442191,37.773608",address
174,6673210179,"ООО ""ЭНЕРГОКОМПЛЕКС""",СВЕРДЛОВСКАЯ,Среднее предприятие,"620026, СВЕРДЛОВСКАЯ, ЕКАТЕРИНБУРГ, ТВЕРИТИНА, 34, 8",2721.223,177.752,222.397,6.53206297315582,56.8238639,60.6251405,"56.823864,60.62514",address
175,7826728460,"ООО""ГАЛАКСИ""",МОСКВА,Малое предприятие,"107031, МОСКВА, РОЖДЕСТВЕНСКИЙ, 22/23, 1, 3",582.842,177.459,338.777,30.44718808871015,55.76623,37.6304638,"55.76623,37.630464",address
176,7702406981,"ООО ""ТЭМП""",МОСКВА,Малое предприятие,"123298, МОСКВА, НАРОДНОГО ОПОЛЧЕНИЯ, 40, 2, 2Н",959.102,176.659,226.072,18.419208801566462,55.7955096,37.5007116,"55.79551,37.500712",address
177,5906148686,"ООО ""ДИАЛ-СТРОЙ""",ПЕРМСКИЙ,Малое предприятие,"614030, ПЕРМСКИЙ, ПЕРМЬ, ЯНАУЛЬСКАЯ, 18, 3",864.122,176.465,188.084,20.421306250737743,58.1013342,56.3060806,"58.101334,56.306081",address
178,5509009608,"ООО ""СК ""НОВОСТРОЙ""",ОМСКАЯ,Малое предприятие,"644007, ОМСКАЯ, ОМСК, ТРЕТЬЯКОВСКАЯ, 69",327.643,175.779,177.425,53.64955149354633,54.997869,73.3709342,"54.997869,73.370934",address
179,2465012193,"ООО СЗ ПСК ""ОМЕГА""",КРАСНОЯРСКИЙ,Малое предприятие,"660062, КРАСНОЯРСКИЙ, КРАСНОЯРСК, ВЫСОТНАЯ, 2Ц, 148",1227.015,175.486,240.462,14.301862650415847,56.0234133,92.7843517,"56.023413,92.784352",address
180,7825483746,"ООО ""ЦЕНТР-ИНВЕСТ-СТРОЙ""",САНКТ-ПЕТЕРБУРГ,Малое предприятие,"191024, САНКТ-ПЕТЕРБУРГ, НЕВСКИЙ, 117, ЛИТЕР Б, ПОМЕЩЕНИЕ 6-Н 7-Н",1131.53,175.238,185.541,15.486818732159113,59.9606739,30.1586551,"59.960674,30.158655",city_or_region
181,7452113771,"ООО ""ДОРСТРОЙСЕРВИС""",ЧЕЛЯБИНСКАЯ,Малое предприятие,"454007, ЧЕЛЯБИНСКАЯ, ЧЕЛЯБИНСК, 40-ЛЕТИЯ ОКТЯБРЯ, 24, 6",213.432,174.114,168.861,81.57820757899471,55.1614257,61.4486164,"55.161426,61.448616",address
182,6154141958,"ООО СЗ ""МОНТАЖЖИЛСТРОЙ-Т""",РОСТОВСКАЯ,Малое предприятие,"347904, РОСТОВСКАЯ, ТАГАНРОГ, ОКТЯБРЬСКАЯ, 38, Б, 7,8",290.551,173.357,189.559,59.664912528265255,47.2212613,38.9104834,"47.221261,38.910483",address
183,6629003208,"ООО ""КОРВЕТ""",СВЕРДЛОВСКАЯ,Среднее предприятие,"624135, СВЕРДЛОВСКАЯ, НОВОУРАЛЬСК, СЕРОВА, 4",1344.407,172.247,209.483,12.812117163924317,57.2415041,60.0711309,"57.241504,60.071131",address
184,7610107766,"ООО ""ВПС""",ЯРОСЛАВСКАЯ,Среднее предприятие,"152901, ЯРОСЛАВСКАЯ, РЫБИНСКИЙ, РЫБИНСК, КРАСНАЯ, 3",899.965,170.059,230.17,18.896179295861508,58.0546377,38.7896906,"58.054638,38.789691",address
185,4909071905,"ООО ""ТЕПЛОМОНТАЖ""",МАГАДАНСКАЯ,Малое предприятие,"685007, МАГАДАНСКАЯ, МАГАДАН, ШАНДОРА ШИМИЧА, 3, 2, 1",559.813,168.85,,30.1618576203125,59.5757004,150.8058489,"59.5757,150.805849",address
186,3802013497,"ООО ""СИБСТРОЙСЕРВИС""",ИРКУТСКАЯ,Малое предприятие,"666904, ИРКУТСКАЯ, БОДАЙБО, МК-135, 65/1А",337.902,168.792,,49.95294493669763,57.8499525,114.2039967,"57.849952,114.203997",city_or_region
187,9204003550,"ООО ""СЕВПРОЕКТМОНТАЖ""",СЕВАСТОПОЛЬ,Малое предприятие,"299040, СЕВАСТОПОЛЬ, ГЕНЕРАЛА КОЛОМИЙЦА, 11-Б, 3",247.041,168.256,193.918,68.10853259175602,44.5707903,33.5328658,"44.57079,33.532866",address
188,5256137268,"ООО ""ГАСК-НН""",НИЖЕГОРОДСКАЯ,Малое предприятие,"603123, НИЖЕГОРОДСКАЯ, НИЖНИЙ НОВГОРОД, ЮЖНЫЙ, 22А, УСЛ. №П1",39.364,167.962,178.652,426.6893608373133,56.3264816,44.0051395,"56.326482,44.00514",city_or_region
189,7733357413,"ООО ""ДИ ЭЛ ДЖИ КОНСТРАКШН""",МОСКВА,Малое предприятие,"125424, МОСКВА, ВОЛОКОЛАМСКОЕ, 71, 4, 70К",1066.389,167.35,225.066,15.69314762249048,55.8168277,37.4310272,"55.816828,37.431027",address
190,7813439894,"ООО ""ПГС""",САНКТ-ПЕТЕРБУРГ,Малое предприятие,"193168, САНКТ-ПЕТЕРБУРГ, ДЫБЕНКО, 16, Б, 5-Н",3155.387,165.753,192.509,5.253016507959245,59.9041755,30.4702196,"59.904176,30.47022",address
191,8617013981,"ООО ""СВС""",ХАНТЫ-МАНСИЙСКИЙ АВТОНОМНЫЙ ОКРУГ - ЮГРА,Малое предприятие,"628426, ХАНТЫ-МАНСИЙСКИЙ АВТОНОМНЫЙ ОКРУГ - ЮГРА, СУРГУТ, КОМПЛЕКТОВОЧНАЯ, 7/1",1375.358,165.551,157.307,12.0369387461301,61.2685007,73.4522192,"61.268501,73.452219",address
192,3250532719,"ООО ""СЗ ГРАДОСТРОИТЕЛЬ""",БРЯНСКАЯ,Малое предприятие,"241050, БРЯНСКАЯ, БРЯНСК, ДУКИ, 65, II ОФИС 3012",541.748,165.374,199.261,30.526001018923925,53.2423778,34.3668288,"53.242378,34.366829",city_or_region
193,8901017773,"ООО ""СТРОИТЕЛЬ""",ЯМАЛО-НЕНЕЦКИЙ,Малое предприятие,"629003, ЯМАЛО-НЕНЕЦКИЙ, САЛЕХАРД, ОБЪЕЗДНАЯ, 36А",566.174,164.214,,29.00415773242855,66.5511632,66.5951464,"66.551163,66.595146",address
194,6629013848,"ООО ""ГОСТСТРОЙ""",СВЕРДЛОВСКАЯ,Среднее предприятие,"624131, СВЕРДЛОВСКАЯ, НОВОУРАЛЬСК, ПОХОДНАЯ, 3",589.61,163.067,212.865,27.656756160852087,57.272396,60.0690401,"57.272396,60.06904",address
195,7702628790,"ООО ""РЕМЭКСПО ЛТ""",МОСКОВСКАЯ,Среднее предприятие,"141112, МОСКОВСКАЯ, ЩЁЛКОВО, 9, 1",1773.101,162.062,215.378,9.14003206811118,55.9092391,37.9938153,"55.909239,37.993815",address
196,9704143450,"ООО ""КОЛДИ-КОНСТРАКШН""",МОСКВА,Малое предприятие,"107031, МОСКВА, КУЗНЕЦКИЙ МОСТ, 13/9, 1",5653.398,160.159,143.172,2.832968773824167,55.7624162,37.6231052,"55.762416,37.623105",address
197,7455024456,"ООО ""ЭЛЕКТРОСТРОЙСЕРВИС""",ЧЕЛЯБИНСКАЯ,Малое предприятие,"455034, ЧЕЛЯБИНСКАЯ, МАГНИТОГОРСК, 50-ЛЕТИЯ МАГНИТКИ, 59А, 3, 4",1588.896,160.0,212.755,10.069885001913278,53.3580588,58.9558362,"53.358059,58.955836",address
198,7203441934,"ООО ""СК СТРОЙМОНТАЖ""",ТЮМЕНСКАЯ,Малое предприятие,"625048, ТЮМЕНСКАЯ, ТЮМЕНЬ, МАКСИМА ГОРЬКОГО, 76",335.017,159.263,167.226,47.53878161406735,57.1462729,65.5560563,"57.146273,65.556056",address
199,4703179856,"ООО ""СЗ ""ЕВРОИНВЕСТ МУРИНО""",ЛЕНИНГРАДСКАЯ,Малое предприятие,"188677, ЛЕНИНГРАДСКАЯ, ВСЕВОЛОЖСКИЙ, МУРИНО, МЕНДЕЛЕЕВА, 8, 21-Н, РАБОЧЕЕ МЕСТО № 1",755.24,159.189,178.252,21.07793549070494,60.046193,30.4458901,"60.046193,30.44589",city_or_region
200,1645023259,"ООО ""РУСНЕФТЕГАЗСТРОЙ """,ТАТАРСТАН,Малое предприятие,"423254, ТАТАРСТАН, ЛЕНИНОГОРСКИЙ, ЛЕНИНОГОРСК, АГАДУЛЛИНА, 25, 8, 3",277.868,159.128,,57.267479522651044,54.5988613,52.4712942,"54.598861,52.471294",address
201,1207007519,"ООО ""БИРХАУС""",МАРИЙ ЭЛ,Малое предприятие,"424016, МАРИЙ ЭЛ, ЙОШКАР-ОЛА, ЛУНАЧАРСКОГО, 52",794.171,158.735,,19.987508987359146,56.6178753,47.8982441,"56.617875,47.898244",address
202,1435203400,"ООО ""СЗ ""ТРАНССТРОЙ""",САХА /ЯКУТИЯ/,Малое предприятие,"677014, САХА /ЯКУТИЯ/, ЯКУТСК, АВТОСТРАДА 50 ЛЕТ ОКТЯБРЯ, 10, 1А",50.23,158.08,171.052,314.71232331276127,62.0738132,129.7366718,"62.073813,129.736672",address
203,4823055595,"ООО ""СМУ-48""",ЛИПЕЦКАЯ,Малое предприятие,"398005, ЛИПЕЦКАЯ, ЛИПЕЦК, З.КОСМОДЕМЬЯНСКОЙ, 1А",890.918,157.914,,17.724863567690853,52.5894524,39.6238674,"52.589452,39.623867",address
204,4401159638,"АО ""ПРОФИСТРОЙ""",КОСТРОМСКАЯ,Малое предприятие,"156011, КОСТРОМСКАЯ, КОСТРОМА, БЕРЕЗОВЫЙ, 10",199.776,155.579,163.412,77.87672192855999,57.7302496,40.928541,"57.73025,40.928541",address
205,7536056600,"ООО СПЕЦИАЛИЗИРОВАННЫЙ ЗАСТРОЙЩИК ""РАДЧЕНКО""",ЗАБАЙКАЛЬСКИЙ,Малое предприятие,"672007, ЗАБАЙКАЛЬСКИЙ, ЧИТА, БАБУШКИНА, 108, 15",653.095,155.306,197.334,23.78000137805373,52.0455861,113.4846662,"52.045586,113.484666",address
206,7714468005,"ООО ""СУ-90""",МОСКВА,Малое предприятие,"119330, МОСКВА, МОСФИЛЬМОВСКАЯ, 17Б, 89",8290.111,154.882,214.957,1.8682741401170624,55.714739,37.5165308,"55.714739,37.516531",address
207,1435128505,"ООО ""СТРОЙ-ИНДУСТРИЯ""",САХА (ЯКУТИЯ),Малое предприятие,"677014, САХА (ЯКУТИЯ), ЯКУТСК, АВИАТОРОВ, 15",1027.092,154.578,183.333,15.050063674919093,62.0979185,129.7507778,"62.097918,129.750778",address
208,6679071411,"ООО ""ЕЭМ""",СВЕРДЛОВСКАЯ,Малое предприятие,"620000, СВЕРДЛОВСКАЯ, ЕКАТЕРИНБУРГ, ШЕЙНКМАНА, 9, 51",1117.714,154.065,173.241,13.783937572581179,56.8281447,60.5864036,"56.828145,60.586404",address
209,7733294690,"ООО ""ГОРСВЕТ""",МОСКВА,Малое предприятие,"125476, МОСКВА, ВАСИЛИЯ ПЕТУШКОВА, 8, 3",1023.565,153.813,199.855,15.027184399622886,55.8359521,37.4011376,"55.835952,37.401138",address
210,2723198420,"ООО ""СОТ""",САНКТ-ПЕТЕРБУРГ,Малое предприятие,"196191, САНКТ-ПЕТЕРБУРГ, НОВОИЗМАЙЛОВСКИЙ, 20, 1 ЛИТЕР А, 77",644.543,153.131,,23.758073549786438,59.9606739,30.1586551,"59.960674,30.158655",city_or_region
211,5044125581,"ООО ""ВИС ИНЖИНИРИНГ""",МОСКОВСКАЯ,Малое предприятие,"141506, МОСКОВСКАЯ, СОЛНЕЧНОГОРСК, КРАСНАЯ, 23, 16",757.039,152.663,-0.212,20.16580387536177,56.1868973,36.9797987,"56.186897,36.979799",address
212,7204119039,"ООО ""ТЮМЕНЬБУРСТРОЙ""",ТЮМЕНСКАЯ,Малое предприятие,"625056, ТЮМЕНСКАЯ, ТЮМЕНЬ, ТРУБНАЯ, 32А",625.884,149.787,196.567,23.932070479513776,57.1893827,65.4614286,"57.189383,65.461429",address
213,5902994670,"ООО ""ИНТЕРКОМ""",САНКТ-ПЕТЕРБУРГ,Малое предприятие,"191167, САНКТ-ПЕТЕРБУРГ, ТЕЛЕЖНАЯ, 37, С, 9-Н",768.031,149.523,,19.468354792970597,59.9228816,30.3800651,"59.922882,30.380065",address
214,7713748105,"ООО ""АЛЬФА-ФИНАНС""",МОСКВА,Среднее предприятие,"127299, МОСКВА, БОЛЬШАЯ АКАДЕМИЧЕСКАЯ, 5, 4/424",1005.53,148.499,222.336,14.768231678816147,55.8184848,37.5221579,"55.818485,37.522158",address
215,5032247049,"ООО ""ТЕХНОЛОГИЯ""",МОСКОВСКАЯ,Малое предприятие,"143002, МОСКОВСКАЯ, ОДИНЦОВО, МОЖАЙСКОЕ, 8, Б19, 3",520.109,148.455,,28.54305539800311,55.6699728,37.2709431,"55.669973,37.270943",address
216,1215012600,"АО ""СЗ ПМК-5""",МАРИЙ ЭЛ,Малое предприятие,"424037, МАРИЙ ЭЛ, ЙОШКАР-ОЛА, ДРУЖБЫ, 98А",1030.269,148.252,193.58,14.389639987226637,56.6545467,47.8728127,"56.654547,47.872813",address
217,2225079613,"ООО ""ГТМ-СТРОЙ""",АЛТАЙСКИЙ,Малое предприятие,"658084, АЛТАЙСКИЙ, НОВОАЛТАЙСК, ВОЕНСТРОЯ, 65",694.793,147.98,195.754,21.298429892068572,53.3875253,83.9570474,"53.387525,83.957047",address
218,1215078778,"ООО ""СЗ ""РУСАГРОСТРОЙ""",МАРИЙ ЭЛ,Малое предприятие,"424004, МАРИЙ ЭЛ, ЙОШКАР-ОЛА, ЛЬВА ТОЛСТОГО, 62",1715.423,147.015,203.342,8.570189393519849,56.6458825,47.9024462,"56.645882,47.902446",address
219,7455013408,"ООО ""УРАЛПРОФСТРОЙ""",ЧЕЛЯБИНСКАЯ,Среднее предприятие,"455006, ЧЕЛЯБИНСКАЯ, МАГНИТОГОРСК, ЛЮБИМАЯ, 20",1493.294,146.593,189.791,9.816754102005365,53.3349229,58.9783916,"53.334923,58.978392",address
220,6167065479,"АО ""СЗ ""СМУ №1""",РОСТОВСКАЯ,Среднее предприятие,"344002, РОСТОВСКАЯ, Ростов-на-Дону, БУДЕННОВСКИЙ, 36, 406",21.219,146.543,-75.591,690.6216127055941,47.22474,39.7065734,"47.22474,39.706573",address
221,1200003579,"ООО ""СЗ ""СК""ПИК""",МАРИЙ ЭЛ,Малое предприятие,"424005, МАРИЙ ЭЛ, ЙОШКАР-ОЛА, СЕРНУРСКИЙ, 20Б, 2",825.582,146.478,124.541,17.742392639374405,56.653277,47.9549525,"56.653277,47.954952",address
222,7704442569,"ООО ""МЕЖРЕГИОНСТРОЙ""",МОСКВА,Малое предприятие,"125424, МОСКВА, ВОЛОКОЛАМСКОЕ, 73, 3",407.203,145.286,,35.67901022340209,55.8243084,37.429523,"55.824308,37.429523",address
223,5001117650,"ООО ""ЦЕНТР ГАЗ""",МОСКОВСКАЯ,Малое предприятие,"143909, МОСКОВСКАЯ, БАЛАШИХА, СОЛНЕЧНАЯ, 6А, 1/С",2007.865,144.862,191.698,7.21472808181825,55.8224324,37.9560208,"55.822432,37.956021",address
224,3906151325,"ЗАО ""МОНТАЖ-ОКНО""",КАЛИНИНГРАДСКАЯ,Малое предприятие,"236003, КАЛИНИНГРАДСКАЯ, КАЛИНИНГРАД, ЯЛТИНСКАЯ, 44, ЛИТ.А ЛИТ.II А",259.037,144.835,,55.91286186915383,54.710128,20.5105838,"54.710128,20.510584",city_or_region
225,6027112351,"ООО СЗ ""КАПИТАЛ ИНВЕСТСТРОЙ""",ПСКОВСКАЯ,Малое предприятие,"180006, ПСКОВСКАЯ, ПСКОВ, ЛИНЕЙНАЯ, 3, 101",258.27,144.649,173.615,56.006892012235255,57.8404466,28.3317596,"57.840447,28.33176",address
226,7725375056,"ООО ""МОНОЛИТ""",МОСКВА,Малое предприятие,"123298, МОСКВА, НАРОДНОГО ОПОЛЧЕНИЯ, 40, 1, 1 КОМ 4",358.617,144.642,,40.33328035201901,55.7941411,37.5017091,"55.794141,37.501709",address
227,6330032139,"ООО ""РСГ-ГРУПП""",МОСКВА,Среднее предприятие,"115280, МОСКВА, ЛЕНИНСКАЯ СЛОБОДА, 19, 6А/4",1285.432,144.557,171.547,11.245791298178355,55.707719,37.654326,"55.707719,37.654326",address
228,8901020705,"ООО ""УТС""",ЯМАЛО-НЕНЕЦКИЙ,Малое предприятие,"629003, ЯМАЛО-НЕНЕЦКИЙ, САЛЕХАРД, АВИАЦИОННАЯ, 33, 1",263.798,143.873,,54.539079143890405,66.5970689,66.5758724,"66.597069,66.575872",address
229,7720714650,"ООО ""АДЮТОН-Н""",МОСКВА,Среднее предприятие,"123242, МОСКВА, ЗООЛОГИЧЕСКАЯ, 10, 2/5",2980.717,143.859,199.321,4.8263219889711095,55.781429,37.5520571,"55.781429,37.552057",address
230,7203201298,"ООО ""ТСП""",ТЮМЕНСКАЯ,Малое предприятие,"625047, ТЮМЕНСКАЯ, Тюмень, ВЫСОТНАЯ, 1, 1, 301,307",350.895,142.93,195.437,40.732982801122844,57.0958285,65.1625961,"57.095828,65.162596",address
231,5261090174,"ООО ""СПЕЦИАЛИЗИРОВАННЫЙ ЗАСТРОЙЩИК ""МОЙ ДОМ КАМЕНКИ""",НИЖЕГОРОДСКАЯ,Малое предприятие,"607635, НИЖЕГОРОДСКАЯ, НИЖНИЙ НОВГОРОД, КУСАКОВКА, ПОЛЕВАЯ, 58, П1",623.8,142.727,181.477,22.880250080153896,56.1806818,43.9100637,"56.180682,43.910064",address
232,4703142292,"ООО ""АРСЕНАЛ-10""",САНКТ-ПЕТЕРБУРГ,Малое предприятие,"197376, САНКТ-ПЕТЕРБУРГ, ПЛЕСЕЦКАЯ, 2, 1, 48Н",488.957,142.638,166.611,29.171890370727898,60.0301543,30.2049501,"60.030154,30.20495",address
233,7733881088,"ООО ""БАСК""",МОСКВА,Среднее предприятие,"111141, МОСКВА, КУСКОВСКАЯ, 20А, 1/1",4097.138,141.785,120.141,3.4605863898165015,55.7408739,37.785077,"55.740874,37.785077",address
234,8911018470,"ООО ""ПЦН""",ЯМАЛО-НЕНЕЦКИЙ,Малое предприятие,"629851, ЯМАЛО-НЕНЕЦКИЙ, ПУРОВСКИЙ, ТАРКО-САЛЕ, ПРОМЫШЛЕННАЯ, 2",1102.868,141.188,91.069,12.801894696373456,64.9088483,77.7521784,"64.908848,77.752178",address
235,3663033415,"ООО ТСП ""ВОРОНЕЖ СТРОЙ КОМПЛЕКС""",ВОРОНЕЖСКАЯ,Среднее предприятие,"396310, ВОРОНЕЖСКАЯ, НОВОУСМАНСКИЙ, НОВАЯ УСМАНЬ, ЛЕНИНА, 275, 15",2844.177,140.815,278.63,4.950992853117088,51.6145893,39.389748,"51.614589,39.389748",address
236,1513043241,"ООО ""ПРОМЖИЛСТРОЙ РСО-АЛАНИЯ""",СЕВЕРНАЯ ОСЕТИЯ - АЛАНИЯ,Малое предприятие,"362021, СЕВЕРНАЯ ОСЕТИЯ - АЛАНИЯ, ВЛАДИКАВКАЗ, НЕИЗВЕСТНОГО СОЛДАТА, 12, 1",1142.806,140.676,,12.309700859113445,43.0520063,44.7011092,"43.052006,44.701109",address
237,7802707358,"ООО ""СК ВЕКТОР""",САНКТ-ПЕТЕРБУРГ,Малое предприятие,"194214, САНКТ-ПЕТЕРБУРГ, ЛИСТВЕННАЯ, 20, 2, 50Н",1841.358,140.654,188.098,7.6386015104069935,60.0291533,30.3370221,"60.029153,30.337022",address
238,5238000045,"АО ""СТРОИТЕЛЬ""",НИЖЕГОРОДСКАЯ,Среднее предприятие,"607700, НИЖЕГОРОДСКАЯ, ШАТКОВСКИЙ, ШАТКИ, ПУШКИНА, 33",1565.42,140.604,195.039,8.98187068007308,55.187111,44.1273889,"55.187111,44.127389",address
239,3235001826,"АО ""СЗ ""КОМПЛЕКТ""",БРЯНСКАЯ,Малое предприятие,"241020, БРЯНСКАЯ, БРЯНСК, ТУХАЧЕВСКОГО, 8",414.194,140.498,145.52,33.92081971250187,53.2144774,34.4266512,"53.214477,34.426651",address
240,5003110787,"ООО ""РЕКОНСТРУКЦИЯ""",МОСКОВСКАЯ,Малое предприятие,"142029, МОСКОВСКАЯ, ДОМОДЕДОВО, ЛОГИСТИЧЕСКАЯ, 10А",2563.468,140.461,197.602,5.479335025832193,55.4714094,37.7178493,"55.471409,37.717849",address
241,3015102995,"ООО  ""ГЕОБУРМОНТАЖ""",АСТРАХАНСКАЯ,Малое предприятие,"414045, АСТРАХАНСКАЯ, АСТРАХАНЬ, ТАМБОВСКАЯ, 13",314.535,140.343,,44.619199771090656,46.3409333,48.0258104,"46.340933,48.02581",address
242,7722732736,"ООО ""СФЕРА""",МОСКВА,Малое предприятие,"123290, МОСКВА, 1-Й МАГИСТРАЛЬНЫЙ, 11СТР1, I, КОМ.14Л",1929.537,139.641,88.708,7.237021109209101,55.625578,37.6063916,"55.625578,37.606392",city_or_region
243,1643012357,"ООО  ""НЕФТЕСТРОЙЭНЕРГО""",ТАТАРСТАН,Малое предприятие,"423458, ТАТАРСТАН, АЛЬМЕТЬЕВСКИЙ, АЛЬМЕТЬЕВСК, ГАБДУЛЛЫ ТУКАЯ, 41Б, 22",3598.841,139.426,185.901,3.874191718945071,54.8968271,52.3140667,"54.896827,52.314067",address
244,2632104953,"ООО ""ЮГСТРОЙ""",СТАВРОПОЛЬСКИЙ,Среднее предприятие,"357528, СТАВРОПОЛЬСКИЙ, ПЯТИГОРСК, ЕРМОЛОВА, 20О, 1",1893.621,139.073,171.33,7.3442890631229805,44.047629,43.0184311,"44.047629,43.018431",address
245,7022009793,"ООО ""СИБ-РЕКОН""",ТОМСКАЯ,Малое предприятие,"636785, ТОМСКАЯ, СТРЕЖЕВОЙ, ЕРМАКОВА, 6",1392.769,138.936,186.545,9.975523579287017,60.7122348,77.6574246,"60.712235,77.657425",address
246,2129005369,"АО ""СЗ ""ТУС""",ЧУВАШСКАЯ РЕСПУБЛИКА -,Среднее предприятие,"428034, ЧУВАШСКАЯ РЕСПУБЛИКА -, ЧЕБОКСАРЫ, МИЧМАНА ПАВЛОВА, 39, 7",1767.005,138.826,199.929,7.856570864259014,56.0984586,47.268959,"56.098459,47.268959",city_or_region
247,5027210212,"ООО ""ТРОЙКА КОНСТРАКШН""",МОСКОВСКАЯ,Среднее предприятие,"143500, МОСКОВСКАЯ, ИСТРА, СЕВЕРНЫЙ, ШОССЕЙНАЯ, 14А, 2/1",3462.634,138.711,191.405,4.005938831536917,55.9438467,36.8387548,"55.943847,36.838755",address
248,6319024310,"ООО СМПФ ""ЭЛРИ""",САМАРСКАЯ,Малое предприятие,"443031, САМАРСКАЯ, САМАРА, ТАШКЕНТСКАЯ, 248Б",414.866,138.468,149.966,33.376560142311014,53.2700226,50.2192788,"53.270023,50.219279",address
249,6150075888,"ООО ""КОМКОРД""",РОСТОВСКАЯ,Малое предприятие,"346428, РОСТОВСКАЯ, НОВОЧЕРКАССК, МИХАЙЛОВСКАЯ, 164А, 2, 3",552.514,138.301,187.776,25.031220928338467,47.415351,40.0810151,"47.415351,40.081015",address
250,9706005173,"ООО ""СМАЙНЭКС ИНЖИНИРИНГ""",МОСКВА,Малое предприятие,"119017, МОСКВА, КАДАШЁВСКАЯ, 6/1/2, 1, 1/6",238.428,138.285,25.472,57.99864109919975,55.7428235,37.6171296,"55.742824,37.61713",address
251,6234165390,"ООО ""СПЕЦПРОМСТРОЙ""",РЯЗАНСКАЯ,Малое предприятие,"390000, РЯЗАНСКАЯ, РЯЗАНЬ, ПОЛЕВАЯ, 75, Н116",1616.654,138.133,187.898,8.544376223978663,54.6206225,39.7366367,"54.620622,39.736637",address
252,6658460625,"ООО ""МАСТЕР-Р""",СВЕРДЛОВСКАЯ,Малое предприятие,"620028, СВЕРДЛОВСКАЯ, ЕКАТЕРИНБУРГ, ВИКУЛОВА, 30, КВАРТИРА 6",594.546,138.104,,23.228480218519675,56.8335663,60.5414968,"56.833566,60.541497",address
253,1655284186,"ООО СМП ""ПОРТАЛ""",ТАТАРСТАН,Малое предприятие,"420087, ТАТАРСТАН, КАЗАНЬ, АДЕЛЯ КУТУЯ, 157, 1",5169.776,137.925,167.726,2.6679105632429723,55.7727748,49.1894634,"55.772775,49.189463",address
254,7811419726,"АО ""СПЕЦСТРОЙМОНТАЖ""",ЛЕНИНГРАДСКАЯ,Малое предприятие,"188540, ЛЕНИНГРАДСКАЯ, СОСНОВЫЙ БОР, ЛЕНИНГРАДСКАЯ, 70, 4/2",343.779,137.58,,40.01989650327681,59.9031064,29.0692337,"59.903106,29.069234",address
255,6321244183,"ООО ""ПРОМСТРОЙПРОЕКТ""",САМАРСКАЯ,Малое предприятие,"445051, САМАРСКАЯ, ТОЛЬЯТТИ, МАРШАЛА ЖУКОВА, 35Б, 1006",1743.973,137.498,182.59,7.884181693179883,53.5099966,49.3009859,"53.509997,49.300986",address
256,6658456643,"ООО ""КИСЛОРОДМОНТАЖ""",СВЕРДЛОВСКАЯ,Малое предприятие,"620034, СВЕРДЛОВСКАЯ, ЕКАТЕРИНБУРГ, ТОЛЕДОВА, 41, 143",764.815,136.793,,17.885763223786142,56.8557928,60.544771,"56.855793,60.544771",address
257,7727337232,"ООО ""СТРОЙЭНЕРГОМОНТАЖ""",МОСКВА,Малое предприятие,"117036, МОСКВА, ШВЕРНИКА, 4, 2, I КОМНАТА 4 ЭТАЖ 11",252.849,136.595,,54.022361172082945,55.625578,37.6063916,"55.625578,37.606392",city_or_region
258,8601048996,"ООО ""СТАНДАРТ""",ХАНТЫ-МАНСИЙСКИЙ АВТОНОМНЫЙ ОКРУГ - ЮГРА,Малое предприятие,"628195, ХАНТЫ-МАНСИЙСКИЙ АВТОНОМНЫЙ ОКРУГ - ЮГРА, ОКТЯБРЬСКИЙ, ТАЛИНКА, КОММУНАЛЬНАЯ, 7, 1",1108.95,136.131,167.229,12.275666170702015,61.5447221,66.4574505,"61.544722,66.45745",address
259,2130136045,"ООО ""СЗ""МОНОЛИТ-58""",ЧУВАШСКАЯ РЕСПУБЛИКА -,Малое предприятие,"428018, ЧУВАШСКАЯ РЕСПУБЛИКА -, ЧЕБОКСАРЫ, МОСКОВСКИЙ, 17, 1, 3",124.464,135.977,92.995,109.25006427561384,56.1451477,47.2223102,"56.145148,47.22231",address
260,6165197180,"ООО СЗ ""ДОНСТРОЙ""",РОСТОВСКАЯ,Малое предприятие,"344012, РОСТОВСКАЯ, РОСТОВ-НА-ДОНУ, БУДЕННОВСКИЙ, 120/1, 107",990.921,135.501,147.95,13.674248502151029,47.2431057,39.7019207,"47.243106,39.701921",address
261,0278210378,"ООО ""СТЗ""",БАШКОРТОСТАН,Малое предприятие,"450097, БАШКОРТОСТАН, УФА, ХАДИИ ДАВЛЕТШИНОЙ, 11, А, 294",216.207,134.766,146.182,62.33193189859718,54.7365116,55.9927139,"54.736512,55.992714",address
262,3728001189,"АО ""ДСУ-1""",МОСКВА,Среднее предприятие,"125284, МОСКВА, ХОРОШЁВСКОЕ, 16, 3",715.409,134.226,286.116,18.76213466702264,55.7741834,37.5458649,"55.774183,37.545865",address
263,1658073480,"ООО ""ИМИН""",ТАТАРСТАН,Малое предприятие,"420061, ТАТАРСТАН, КАЗАНЬ, НИКОЛАЯ ЕРШОВА, 27",939.052,133.841,165.565,14.252778333894184,55.7984908,49.1781024,"55.798491,49.178102",address
264,5638073104,"ООО ""СП-33""",ОРЕНБУРГСКАЯ,Малое предприятие,"460000, ОРЕНБУРГСКАЯ, ОРЕНБУРГ, ХЛЕБНЫЙ, 3/1, 1",296.208,133.833,,45.18210176632637,51.7646002,55.0941194,"51.7646,55.094119",address
265,1515920378,"ООО СЗ ""СТК-59+""",СЕВЕРНАЯ ОСЕТИЯ - АЛАНИЯ,Малое предприятие,"362041, СЕВЕРНАЯ ОСЕТИЯ - АЛАНИЯ, ВЛАДИКАВКАЗ, ВЕСЕННЯЯ, 21А, 8",573.042,133.793,136.319,23.347852338921058,43.0492558,44.6200567,"43.049256,44.620057",address
266,7203094857,"ООО ""СЗ ""ИНКО И К""",ТЮМЕНСКАЯ,Малое предприятие,"625001, ТЮМЕНСКАЯ, ТЮМЕНЬ, ПОЛЕВАЯ, 115 Б",1933.401,130.26,474.812,6.7373503996325645,57.1720342,65.4896449,"57.172034,65.489645",address
267,1215048572,"АО ""СЗ ""КОНТИНЕНТ""",МАРИЙ ЭЛ,Малое предприятие,"424004, МАРИЙ ЭЛ, ЙОШКАР-ОЛА, ВОЗНЕСЕНСКАЯ, 30, II",977.758,130.241,144.673,13.32037170751863,56.6433672,47.9051436,"56.643367,47.905144",address
268,1001177997,"ООО ""ЖИЛСТРОЙТРЕСТ""",КАРЕЛИЯ,Малое предприятие,"185003, КАРЕЛИЯ, ПЕТРОЗАВОДСК, ВАРЛАМОВА, 64",136.323,129.902,,95.28986304585433,61.7756842,34.3888809,"61.775684,34.388881",address
269,7448163642,"ООО ""СТРОЙКРАФТ""",ЧЕЛЯБИНСКАЯ,Малое предприятие,"454091, ЧЕЛЯБИНСКАЯ, ЧЕЛЯБИНСК, СВОБОДЫ, 185",326.288,129.316,129.056,39.63247192664149,55.1647104,61.4102783,"55.16471,61.410278",address
270,0506001496,"ООО ""БОТЛИХАГРОПРОМДОРСТРОЙ""",ДАГЕСТАН,Малое предприятие,"368971, ДАГЕСТАН, БОТЛИХСКИЙ, БОТЛИХ, НИЧАРАХИ, 1",2594.375,128.865,162.642,4.967092266923633,42.6649255,46.2197454,"42.664926,46.219745",address
271,1435317647,"ООО ""МАГИСТРАЛЬ"" С АТК",САХА (ЯКУТИЯ),Малое предприятие,"677027, САХА (ЯКУТИЯ), ЯКУТСК, КАЛАНДАРИШВИЛИ, 1, 2",859.378,128.79,,14.986420411041474,62.0220753,129.7184318,"62.022075,129.718432",address
272,5408172453,"ООО ""СЗ ""СРС""",НОВОСИБИРСКАЯ,Среднее предприятие,"633009, НОВОСИБИРСКАЯ, БЕРДСК, ЗЕЛЕНАЯ РОЩА, 5/13",847.294,128.342,118.536,15.147280636945382,54.7393953,83.0442236,"54.739395,83.044224",address
273,1659143147,"ООО СПЕЦИАЛИЗИРОВАННЫЙ ЗАСТРОЙЩИК ""СК ""УНИСТРОЙДОМ""",ТАТАРСТАН,Среднее предприятие,"420133, ТАТАРСТАН, КАЗАНЬ, ГАВРИЛОВА, 1, 15Л",1167.518,128.339,214.265,10.992464356009929,55.8273851,49.1583556,"55.827385,49.158356",address
274,2465094260,"ООО ""ДНТ""",КРАСНОЯРСКИЙ,Малое предприятие,"660077, КРАСНОЯРСКИЙ, Красноярск, ПЕТРА ЛОМАКО, 2, 355",331.228,128.131,165.518,38.683625780429196,56.0573234,92.896885,"56.057323,92.896885",address
275,2508121129,"ООО ""СЗ ""РИМЭКО""",ПРИМОРСКИЙ,Малое предприятие,"692906, ПРИМОРСКИЙ, НАХОДКА, ШОССЕЙНАЯ, 183, А, 2",905.19,126.005,126.911,13.920281929760602,42.849354,132.9621113,"42.849354,132.962111",address
276,7701866545,"ООО ""ВСК""",МОСКВА,Среднее предприятие,"105082, МОСКВА, БОЛЬШАЯ ПОЧТОВАЯ, 26В, 1, 410",1398.394,125.887,129.515,9.002255444459859,55.7784644,37.6985618,"55.778464,37.698562",address
277,7702019661,"АО РСФ ""РЕМСТРОЙСЕРВИС""",МОСКВА,Среднее предприятие,"129041, МОСКВА, ОРЛОВО-ДАВЫДОВСКИЙ, 2/5, 3",1754.842,125.059,155.802,7.126510534851571,55.7826311,37.6385056,"55.782631,37.638506",address
278,1425001669,"ПК ""МОНТАЖНИК""",САХА (ЯКУТИЯ),Малое предприятие,"678650, САХА (ЯКУТИЯ), ТАТТИНСКИЙ, ЫТЫК-КЮЕЛЬ, ЮБИЛЕЙНАЯ, 9",1768.12,124.792,180.06,7.057891998280659,62.3411829,133.5368088,"62.341183,133.536809",address
279,3662149086,"ООО ""СПЕЦСТРОЙ""",ВОРОНЕЖСКАЯ,Малое предприятие,"394068, ВОРОНЕЖСКАЯ, ВОРОНЕЖ, ШИШКОВА, 75Б, 5",1862.616,124.745,156.507,6.697301000313538,51.7058976,39.1952625,"51.705898,39.195262",address
280,7814558855,"ООО ""СК ""ПОТЕНЦИАЛ""",САНКТ-ПЕТЕРБУРГ,Среднее предприятие,"197375, САНКТ-ПЕТЕРБУРГ, РЕПИЩЕВА, 14, АД",1370.528,124.197,159.95,9.061981951481473,60.0304906,30.2785648,"60.030491,30.278565",address
281,9718003519,"ООО ""МОНОЛИТНОЕ ДОМОСТРОЕНИЕ""",МОСКВА,Малое предприятие,"108814, МОСКВА, КОММУНАРКА, 24-Й, 1, 1, 6",470.272,123.601,-15.919,26.28287459172564,55.5878455,37.4437418,"55.587846,37.443742",address
282,5405341390,"ООО СЗ ""ЖК АКАДЕМИЯ""",НОВОСИБИРСКАЯ,Малое предприятие,"630102, НОВОСИБИРСКАЯ, НОВОСИБИРСК, ШЕВЧЕНКО, 19/1, КАБИНЕТ 2",39.772,123.575,-34.454,310.70853867042143,55.0180009,82.9333172,"55.018001,82.933317",address
283,0107027037,"ООО ""ФОРВАРД""",АДЫГЕЯ,Малое предприятие,"385140, АДЫГЕЯ, ТАХТАМУКАЙСКИЙ, ТАХТАМУКАЙ, МОРСКАЯ, 4/1",734.343,123.421,144.465,16.806996185706137,44.9769341,38.9561482,"44.976934,38.956148",address
284,1215214967,"ООО ""ТРЕЙДИНВЕСТ""",МАРИЙ ЭЛ,Малое предприятие,"424003, МАРИЙ ЭЛ, ЙОШКАР-ОЛА, БАУМАНА, 16, 9",147.181,123.31,91.813,83.78119458354,56.6409009,47.8439489,"56.640901,47.843949",address
285,2311159020,"ООО ""СЭС""",КРАСНОДАРСКИЙ,Малое предприятие,"350028, КРАСНОДАРСКИЙ, КРАСНОДАР, ИМ. ГЕРОЯ АВЕРКИЕВА А.А., 22, 74",936.963,123.25,142.665,13.154201393224707,45.0609293,39.0326473,"45.060929,39.032647",address
286,7448100515,"ООО ""СТРОЙКАПИТАЛ""",ЧЕЛЯБИНСКАЯ,Малое предприятие,"454106, ЧЕЛЯБИНСКАЯ, ЧЕЛЯБИНСК, ЧАЙКОВСКОГО, 15, 326",299.476,123.214,,41.14319678371556,55.1911935,61.363956,"55.191194,61.363956",address
287,3444186948,"ООО ""ЮГ СТРОЙ""",ВОЛГОГРАДСКАЯ,Малое предприятие,"400078, ВОЛГОГРАДСКАЯ, ВОЛГОГРАД, ИМ. В.И. ЛЕНИНА, 98",185.24,122.523,,66.14284171885122,48.7484912,44.5497273,"48.748491,44.549727",address
288,6658473007,"ООО ""ЛЕВ""",СВЕРДЛОВСКАЯ,Малое предприятие,"620902, СВЕРДЛОВСКАЯ, ЕКАТЕРИНБУРГ, ГОРНЫЙ ЩИТ, СВЕРДЛОВА, 48",1546.314,122.18,82.126,7.901370614247817,56.6942806,60.5365214,"56.694281,60.536521",address
289,3665100339,"ООО ""ПОДРЯД СТРОЙ""",ВОРОНЕЖСКАЯ,Малое предприятие,"394016, ВОРОНЕЖСКАЯ, ВОРОНЕЖ, МОСКОВСКИЙ, 42Б, I",176.164,122.127,,69.32574192229967,51.69297,39.1842275,"51.69297,39.184228",address
290,7816131635,"АО ""ПЕТРОС""",САНКТ-ПЕТЕРБУРГ,Малое предприятие,"192007, САНКТ-ПЕТЕРБУРГ, ЛИГОВСКИЙ, 200А, А, 7Н",888.901,120.751,160.948,13.584302413879612,59.9135624,30.3489769,"59.913562,30.348977",address
291,7709862944,"ООО ""СПЕЦИАЛИЗИРОВАННЫЙ ЗАСТРОЙЩИК Ю-ИНВЕСТ""",МОСКОВСКАЯ,Малое предприятие,"141401, МОСКОВСКАЯ, ХИМКИ, ОЗЕРНАЯ, 1",15.292,120.143,164.937,785.659168192519,55.8991547,37.4516935,"55.899155,37.451694",address
292,2223056681,"ООО ""РПК""",НОВОСИБИРСКАЯ,Малое предприятие,"630083, НОВОСИБИРСКАЯ, НОВОСИБИРСК, БОЛЬШЕВИСТСКАЯ, 177/24, 302",482.51,119.714,159.618,24.81067749891194,54.9934299,82.9763187,"54.99343,82.976319",address
293,1609036742,"ООО ""СОЮЗ СТРОЙ""",ТАТАРСТАН,Малое предприятие,"422022, ТАТАРСТАН, АРСКИЙ, МЕНДЮШ, МТС, 1А, 1",1577.726,119.011,107.2,7.543198248618581,56.1693592,49.9072411,"56.169359,49.907241",city_or_region
294,2536269896,"ООО ""АРКТИКА""",ПРИМОРСКИЙ,Малое предприятие,"690034, ПРИМОРСКИЙ, ВЛАДИВОСТОК, ВОРОПАЕВА, 11, 207",491.549,118.873,126.162,24.18334692980761,43.1064485,131.9475405,"43.106448,131.94754",address
295,9201519498,"ООО ""АЛЬФА ГРУПП ПОДРЯД""",СЕВАСТОПОЛЬ,Малое предприятие,"299008, СЕВАСТОПОЛЬ, МЕЧНИКОВА, 5, 9-Б/4",240.583,118.873,,49.410390592851535,44.60257,33.50874,"44.60257,33.50874",address
296,5025012896,"АО ""ДУКС""",МОСКОВСКАЯ,Малое предприятие,"141704, МОСКОВСКАЯ, Долгопрудный, НАБЕРЕЖНАЯ, 23, 1, НП 6",,118.729,-41.082,,55.9625968,37.5222103,"55.962597,37.52221",address
297,7724424720,"ООО ""СТРОЙМОНТАЖ""",МОСКВА,Малое предприятие,"115230, МОСКВА, ХЛЕБОЗАВОДСКИЙ, 7, 9, 39/Н",992.28,118.426,,11.934736163179748,55.6698936,37.6325049,"55.669894,37.632505",address
298,3817026548,"ООО ""ИЛИМСПЕЦЗАЩИТА""",ИРКУТСКАЯ,Малое предприятие,"666684, ИРКУТСКАЯ, УСТЬ-ИЛИМСК, 000000/1592",272.613,118.168,,43.34642882034239,57.9388562,102.7374626,"57.938856,102.737463",address
299,5405458373,"ООО ""АМТ-ГРУПП""",НОВОСИБИРСКАЯ,Малое предприятие,"630048, НОВОСИБИРСКАЯ, НОВОСИБИРСК, НЕМИРОВИЧА-ДАНЧЕНКО, 120/2, 3",2849.079,117.845,169.614,4.136248942202024,54.9758341,82.9000789,"54.975834,82.900079",address
300,7726276121,"ООО ""СТРОИТЕЛЬ-9""",МОСКВА,Малое предприятие,"107497, МОСКВА, ИРКУТСКАЯ, 17, 4",550.551,117.243,,21.2955747968853,55.8243565,37.7822835,"55.824356,37.782284",address
301,2208060980,"ООО ""СК ВЕРШИНА""",АЛТАЙСКИЙ,Малое предприятие,"658080, АЛТАЙСКИЙ, НОВОАЛТАЙСК, ВЫСОКОВОЛЬТНАЯ, 2А, 2",190.477,116.586,120.591,61.207389868593054,53.4257474,83.9255709,"53.425747,83.925571",address
302,6730033514,"ООО СЗ ""ГРАЖДАНСТРОЙ""",СМОЛЕНСКАЯ,Малое предприятие,"214019, СМОЛЕНСКАЯ, СМОЛЕНСК, ТРАМВАЙНЫЙ, 14, 309",114.657,116.256,140.894,101.39459431172978,54.7695606,32.0704655,"54.769561,32.070465",address
303,7447220947,"ООО ""ГЕНЕРАЦИОННОЕ ОБОРУДОВАНИЕ""",ЧЕЛЯБИНСКАЯ,Малое предприятие,"454080, ЧЕЛЯБИНСКАЯ, ЧЕЛЯБИНСК, ТЕРНОПОЛЬСКАЯ, 6, 108",847.214,115.681,126.004,13.654283333372677,55.1555272,61.3700726,"55.155527,61.370073",address
304,5503174732,"ООО СК ""ФОРДЕВИНД""",ОМСКАЯ,Малое предприятие,"644042, ОМСКАЯ, ОМСК, ИРТЫШСКАЯ НАБЕРЕЖНАЯ, 14А, 4",1102.223,115.586,,10.48662566467947,54.9612113,73.3798927,"54.961211,73.379893",address
305,4823038399,"ОАО ТРЕСТ ""ЛИПЕЦКСТРОЙ""",ЛИПЕЦКАЯ,Среднее предприятие,"398017, ЛИПЕЦКАЯ, ЛИПЕЦК, 9-ГО МАЯ, 14",2130.277,114.859,182.109,5.391740135203075,52.5717038,39.6150847,"52.571704,39.615085",address
306,1424008929,"ООО ""ВИД""",САХА (ЯКУТИЯ),Малое предприятие,"678290, САХА (ЯКУТИЯ), СУНТАРСКИЙ, СУНТАР, СТРОДА, 19",163.708,114.356,127.858,69.8536418501234,62.1587105,117.6431695,"62.15871,117.64317",address
307,3907202653,"ООО ""ТРИКА-СТРОЙ""",КАЛИНИНГРАДСКАЯ,Малое предприятие,"236029, КАЛИНИНГРАДСКАЯ, КАЛИНИНГРАД, ГЕРЦЕНА, 68А, XVIII",564.443,114.124,152.19,20.218870638842187,54.7518953,20.5339718,"54.751895,20.533972",address
308,3525168721,"ООО ""ЦЕНТРСПЕЦАВТОМАТИКА""",МОСКВА,Среднее предприятие,"109004, МОСКВА, ЗЕМЛЯНОЙ ВАЛ, 64, 2, 2/4",4737.634,114.007,121.729,2.4064121458094907,55.7461097,37.6547441,"55.74611,37.654744",address
309,1661057880,"ООО ""СК ГАЛАТА""",ТАТАРСТАН,Малое предприятие,"420085, ТАТАРСТАН, КАЗАНЬ, ОБНОРСКОГО, 208, 1, 3",1006.106,113.72,155.552,11.302983979819224,55.863137,49.025059,"55.863137,49.025059",address
310,7751179308,"ООО ""ФД ТЕХНОЛОГИЯ""",МОСКВА,Среднее предприятие,"108842, МОСКВА, ТРОИЦК, ПОЛКОВНИКА МИЛИЦИИ КУРОЧКИНА, 19, 4/5",1817.74,113.705,108.477,6.255295036693917,55.4891432,37.3021396,"55.489143,37.30214",address
311,4025084289,"ООО СПЕЦИАЛИЗИРОВАННЫЙ ЗАСТРОЙЩИК ""НОВЫЙ ГОРОД""",КАЛУЖСКАЯ,Малое предприятие,"249034, КАЛУЖСКАЯ, ОБНИНСК, ПОЛЕНОВА, 11, 1",1083.331,113.655,163.326,10.49125336577648,55.1315736,36.5733546,"55.131574,36.573355",address
312,7703733340,"АО ПСК ""МОНОЛИТ""",МОСКВА,Малое предприятие,"123557, МОСКВА, БОЛЬШОЙ ТИШИНСКИЙ, 43",431.177,113.612,135.803,26.34927187674667,55.7692627,37.5680049,"55.769263,37.568005",address
313,4825086937,"ООО ""СУ-12 АПК-СТРОЙ""",ЛИПЕЦКАЯ,Среднее предприятие,"398501, ЛИПЕЦКАЯ, ЛИПЕЦКИЙ, 5",1829.433,113.547,4.674,6.206677150789343,52.6457538,39.4554427,"52.645754,39.455443",address
314,8911030766,"ООО ""РГС-СТРОЙ 4""",ЯМАЛО-НЕНЕЦКИЙ,Малое предприятие,"629830, ЯМАЛО-НЕНЕЦКИЙ, ГУБКИНСКИЙ, 57, 109/4",283.869,113.083,,39.8363329563989,64.4730505,76.7005091,"64.47305,76.700509",address
315,0274106224,"ООО ""БПГС""",БАШКОРТОСТАН,Среднее предприятие,"450057, БАШКОРТОСТАН, УФА, ЗАКИ ВАЛИДИ, 73",1104.603,113.007,113.311,10.230553420550189,54.7148851,55.9559976,"54.714885,55.955998",address
316,7725108773,"ООО ""ГРЭМ СЕРВИС ГРУПП""",МОСКВА,Малое предприятие,"115191, МОСКВА, СЕРПУХОВСКИЙ ВАЛ, 17, 1, 9",442.605,112.455,,25.407530416511335,55.7112793,37.6126851,"55.711279,37.612685",address
317,7207012446,"ООО ""ТЕХНИЧЕСКИЙ ЗАКАЗЧИК ""ПАРИТЕТ""",ТЮМЕНСКАЯ,Малое предприятие,"625000, ТЮМЕНСКАЯ, ТЮМЕНЬ, 8 МАРТА, 1, 72",193.72,111.931,91.377,57.77978525707206,57.1540178,65.5459214,"57.154018,65.545921",address
318,7707051002,"ООО ФИРМА ""МОСИНВЕСТ""",МОСКВА,Малое предприятие,"129337, МОСКВА, КРАСНАЯ СОСНА, 30, СТР.3",213.995,111.804,,52.246080515899905,55.8436212,37.6815135,"55.843621,37.681514",address
319,7536158377,"ООО ""АТОМСПЕЦСТРОЙ""",ЗАБАЙКАЛЬСКИЙ,Среднее предприятие,"672027, ЗАБАЙКАЛЬСКИЙ, ЧИТА, БУТИНА, 72, 7",1831.099,111.417,150.771,6.084706506857357,52.0488146,113.5145536,"52.048815,113.514554",address
320,1215014090,"АО ""СЗ ""ПМК-3""",МАРИЙ ЭЛ,Среднее предприятие,"424031, МАРИЙ ЭЛ, ЙОШКАР-ОЛА, ПРОЛЕТАРСКАЯ, 63А",763.688,111.095,145.397,14.547171096049697,56.6474798,47.8791182,"56.64748,47.879118",address
321,2536154479,"ООО ""СПЕЦСТРОЙМОНТАЖ""",ПРИМОРСКИЙ,Малое предприятие,"690080, ПРИМОРСКИЙ, ВЛАДИВОСТОК, ДОБРОВОЛЬСКОГО, 5, 5",749.704,110.956,,14.799974389892546,43.0923202,131.9730122,"43.09232,131.973012",address
322,1633608768,"ООО ""НОКСА""",ТАТАРСТАН,Малое предприятие,"422773, ТАТАРСТАН, ПЕСТРЕЧИНСКИЙ, КУЮКИ, КВАРТАЛ 12, 5, 2",337.453,110.911,111.469,32.867095565901025,55.7044948,49.3607031,"55.704495,49.360703",address
323,3906980731,"ООО ""СМУ-17""",КАЛИНИНГРАДСКАЯ,Малое предприятие,"236043, КАЛИНИНГРАДСКАЯ, КАЛИНИНГРАД, АКСАКОВА, 137",227.654,110.692,,48.622910205838686,54.7113903,20.5869635,"54.71139,20.586964",address
324,4345468069,"ООО ""КЛЕВЕР ДЕВЕЛОПМЕНТ""",КИРОВСКАЯ,Среднее предприятие,"610000, КИРОВСКАЯ, КИРОВ, КАЗАНСКАЯ, 77Б, 2",3169.295,110.682,131.451,3.492322425018813,58.6029943,49.6837869,"58.602994,49.683787",address
325,7447081450,"ООО ""ЦЕНТР УПРАВЛЕНИЯ ПРОЕКТАМИ""",ЧЕЛЯБИНСКАЯ,Малое предприятие,"454080, ЧЕЛЯБИНСКАЯ, ЧЕЛЯБИНСК, ГЕРОЯ РОССИИ ЯКОВЛЕВА А.В., 5, 3",0.076,109.954,26.559,144676.31578947368,55.1719851,61.3683494,"55.171985,61.368349",address
326,5404482221,"ООО СЗ ""СУ-ЗАПАДНОЕ""",НОВОСИБИРСКАЯ,Малое предприятие,"630024, НОВОСИБИРСКАЯ, Новосибирск, ПРИГОРОДНАЯ, 1/3, 2/21",159.027,109.545,54.301,68.88452904223811,54.9738203,82.9235392,"54.97382,82.923539",address
327,2512300970,АО ТСПК,ПРИМОРСКИЙ,Среднее предприятие,"692880, ПРИМОРСКИЙ, ФОКИНО, ЗАВОДСКАЯ, 1Б",1914.217,109.275,194.923,5.7086004355828,42.96928,132.3949536,"42.96928,132.394954",address
328,7604214008,"ООО ""ТЕХНОСТРОЙ""",МОСКВА,Среднее предприятие,"123308, МОСКВА, МНЁВНИКИ, 6, 2/3",3853.858,109.052,148.452,2.8296839167400565,55.7748739,37.4969771,"55.774874,37.496977",address
329,4501175947,"ООО ""МПМ""",КУРГАНСКАЯ,Малое предприятие,"640008, КУРГАНСКАЯ, КУРГАН, ЮРГАМЫШСКАЯ, 3, 12, 1",254.337,109.017,116.424,42.86320904941082,55.4569113,65.3381711,"55.456911,65.338171",address
330,3801095786,"ООО ""РСМП"" ТАНГЕН""",ИРКУТСКАЯ,Малое предприятие,"665806, ИРКУТСКАЯ, АНГАРСК, КОМСОМОЛЬСКАЯ, 10",353.823,108.782,110.512,30.744750906526708,52.592659,103.8683175,"52.592659,103.868318",address
331,9201015388,"ООО ""СЕВСПЕЦСТРОЙ""",СЕВАСТОПОЛЬ,Малое предприятие,"299059, СЕВАСТОПОЛЬ, ГЕРОЕВ БРЕСТА, 33",0.641,108.775,,16969.578783151326,44.5868504,33.4477671,"44.58685,33.447767",address
332,7728050401,"ООО ""ХИМКИ БИЗНЕС ПАРК""",МОСКОВСКАЯ,Малое предприятие,"141402, МОСКОВСКАЯ, ХИМКИ, ЛЕНИНГРАДСКАЯ, 39, 6",679.619,108.69,170.313,15.99278419231952,55.8862634,37.4408317,"55.886263,37.440832",address
333,1830000270,"АО""МСО""",УДМУРТСКАЯ,Среднее предприятие,"427791, УДМУРТСКАЯ, МОЖГА, УСТЮЖАНИНА, 5",207.641,108.237,27.768,52.126988407877064,56.4484711,52.2053659,"56.448471,52.205366",address
334,0274925865,"ООО ""ЛЮКССТРОЙ""",БАШКОРТОСТАН,Среднее предприятие,"450018, БАШКОРТОСТАН, УФА, ДАЯНА МУРЗИНА, 9/1, 2А",2655.448,107.462,151.315,4.046850098363817,54.6718837,55.9189678,"54.671884,55.918968",address
335,7701388112,"ООО ""ПРОМСТРОЙРЕМОНТ""",БЕЛГОРОДСКАЯ,Малое предприятие,"309540, БЕЛГОРОДСКАЯ, СТАРЫЙ ОСКОЛ, Строительная проезд Ш-5, 11, 208",223.71,107.421,,48.01796969290599,51.2333854,37.9353078,"51.233385,37.935308",address
336,0107021081,"ООО ""СТРОИТЕЛЬ""",КРАСНОДАРСКИЙ,Малое предприятие,"350075, КРАСНОДАРСКИЙ, КРАСНОДАР, ИМ. СТАСОВА, 183, 48",511.478,107.041,,20.92778184007914,45.0273988,39.0441624,"45.027399,39.044162",address
337,3328412522,"АО ""ВЛАДИМИР-СОЮЗПРОММОНТАЖ""",ВЛАДИМИРСКАЯ,Малое предприятие,"600005, ВЛАДИМИРСКАЯ, ВЛАДИМИР, ПОЧАЕВСКИЙ ОВРАГ, 1, 1",886.134,106.911,122.748,12.064879578032215,56.1530303,40.3999278,"56.15303,40.399928",address
338,2311194948,"ООО ""СТРОЙТРЕВЛ""",КРАСНОДАРСКИЙ,Среднее предприятие,"350059, КРАСНОДАРСКИЙ, КРАСНОДАР, ЯЛТИНСКАЯ, 39",1089.345,106.314,132.504,9.759442600828939,45.0266497,39.0298568,"45.02665,39.029857",address
339,8615011812,"ООО ""СТРОИТЕЛЬНО-ТОРГОВАЯ КОМПАНИЯ""",ХАНТЫ-МАНСИЙСКИЙ АВТОНОМНЫЙ ОКРУГ - ЮГРА,Малое предприятие,"628240, ХАНТЫ-МАНСИЙСКИЙ АВТОНОМНЫЙ ОКРУГ - ЮГРА, СОВЕТСКИЙ, СОВЕТСКИЙ, ЗАПАДНЫЙ, 1А, 31",788.487,106.303,141.833,13.48189634071329,61.3549695,63.5100004,"61.35497,63.51",address
340,5262325157,"ООО ""МЕЛАРИТ""",НИЖЕГОРОДСКАЯ,Малое предприятие,"603057, НИЖЕГОРОДСКАЯ, НИЖНИЙ НОВГОРОД, НАРТОВА, 2, 13",199.134,105.96,,53.210401036487994,56.2878258,43.9944002,"56.287826,43.9944",address
341,2462201876,"ООО ""КГК""",КРАСНОЯРСКИЙ,Малое предприятие,"660064, КРАСНОЯРСКИЙ, КРАСНОЯРСК, АКАДЕМИКА ВАВИЛОВА, 1, 9, 2",1478.351,105.083,127.803,7.108122495943114,55.9969351,92.9284847,"55.996935,92.928485",address
342,7536167389,"ООО ""СПЕЦТРАНС""",ЗАБАЙКАЛЬСКИЙ,Малое предприятие,"672027, ЗАБАЙКАЛЬСКИЙ, ЧИТА, БУТИНА, 72, 411",940.391,105.078,157.369,11.17386278686206,52.0488146,113.5145536,"52.048815,113.514554",address
343,6163222353,"ООО ""ПФК""",РОСТОВСКАЯ,Малое предприятие,"344000, РОСТОВСКАЯ, Ростов-на-Дону, ЛЕРМОНТОВСКАЯ, 190, 513",273.954,104.928,,38.3013206596728,47.2346141,39.7321596,"47.234614,39.73216",address
344,6646008630,"ЗАО ""ФСК ""ВЫСОТНИК""",СВЕРДЛОВСКАЯ,Малое предприятие,"620028, СВЕРДЛОВСКАЯ, ЕКАТЕРИНБУРГ, ТОКАРЕЙ, 24, КВ. 64",333.455,104.897,118.659,31.457617969441152,56.8380426,60.5613113,"56.838043,60.561311",address
345,6501282808,"ООО ""ИМПУЛЬС""",САХАЛИНСКАЯ,Малое предприятие,"694496, САХАЛИНСКАЯ, ОХИНСКИЙ, ОХА, ПРОМЫСЛОВАЯ, 6, 1",1169.031,104.894,144.465,8.972730406635923,53.5877208,142.9443614,"53.587721,142.944361",address
346,7604198109,"ООО СК ""СПЕЦСТРОЙ""",ЯРОСЛАВСКАЯ,Малое предприятие,"150049, ЯРОСЛАВСКАЯ, ЯРОСЛАВЛЬ, ТОЛБУХИНА, 17А, 2-11",1000.629,104.632,,10.456622784268694,57.622044,39.8566605,"57.622044,39.85666",address
347,7453129206,"ООО ""ИБК""",ЧЕЛЯБИНСКАЯ,Малое предприятие,"456320, ЧЕЛЯБИНСКАЯ, МИАСС, МАКЕЕВА, 54",706.224,104.618,144.656,14.813713496001268,55.1679493,60.1620625,"55.167949,60.162062",address
348,7714872296,"ООО ""БУТА КОНСТРАКШН""",МОСКВА,Малое предприятие,"129515, МОСКВА, АКАДЕМИКА КОРОЛЕВА, 13, 1, 2/ПОМ IIIА/К 5/О 5",2618.932,104.609,80.923,3.9943381500550608,55.625578,37.6063916,"55.625578,37.606392",city_or_region
349,6147040074,"ООО ""СТРОИТЕЛЬ""",РОСТОВСКАЯ,Малое предприятие,"347801, РОСТОВСКАЯ, КАМЕНСК-ШАХТИНСКИЙ, 4-Я ЛИНИЯ, 2",1397.593,104.438,,7.472704857565829,48.3168474,40.3105939,"48.316847,40.310594",address
350,9715334294,"ООО ""РЕМЭКСПО СЛТ""",МОСКВА,Малое предприятие,"127106, МОСКВА, ГОСТИНИЧНАЯ, 9, 1 ПОМ VIII ОФ 5",2293.597,104.376,101.476,4.550755865132366,55.625578,37.6063916,"55.625578,37.606392",city_or_region
351,7705989107,"ООО ""СПК-ИНЖИНИРИНГ""",МОСКВА,Малое предприятие,"129515, МОСКВА, АКАДЕМИКА КОРОЛЕВА, 13, 1, 6 ПОМ V КОМ 32",10800.142,104.009,529.679,0.9630336341874024,55.625578,37.6063916,"55.625578,37.606392",city_or_region
352,5902168924,"ООО ""ЭЛЕКТРОКОМ""",ПЕРМСКИЙ,Малое предприятие,"614031, ПЕРМСКИЙ, ПЕРМЬ, ДОКУЧАЕВА, 42, 14",249.988,103.487,,41.3967870457782,58.0358401,56.1434569,"58.03584,56.143457",address
353,6315018549,"ООО ""ЖИЛСТРОЙ""",САМАРСКАЯ,Малое предприятие,"443013, САМАРСКАЯ, САМАРА, КОММУНИСТИЧЕСКАЯ, 105, 5",374.445,103.471,118.674,27.63316374901521,53.2016523,50.1443382,"53.201652,50.144338",address
354,7704592660,"ООО ""МЕГАСТРОЙ""",МОСКВА,Среднее предприятие,"129075, МОСКВА, 2-Я НОВООСТАНКИНСКАЯ, 12, 6/1",2080.285,103.218,134.229,4.961723994548824,55.8151021,37.6250079,"55.815102,37.625008",address
355,6322037052,"ООО ""КОВЧЕГ""",САМАРСКАЯ,Среднее предприятие,"445009, САМАРСКАЯ, ТОЛЬЯТТИ, ПОБЕДЫ, 4",1669.379,102.738,151.102,6.154264549871539,53.5225716,49.4279928,"53.522572,49.427993",address
356,1215003701,"АО СЗ ""СПП ""САЛЮТ""",МАРИЙ ЭЛ,Малое предприятие,"424033, МАРИЙ ЭЛ, ЙОШКАР-ОЛА, ВОСКРЕСЕНСКАЯ, 34",208.634,102.597,42.473,49.17558978881678,56.6320794,47.9035092,"56.632079,47.903509",address
357,5903044618,"ООО ""ГРАН.АР-СТРОЙ""",ПЕРМСКИЙ,Малое предприятие,"614087, ПЕРМСКИЙ, ПЕРМЬ, КОСМОНАВТОВ, 120, 4",562.371,102.48,106.681,18.22284577263052,57.9910071,56.191936,"57.991007,56.191936",address
358,6167138198,"ООО ""БАЗАЛЬТ""",РОСТОВСКАЯ,Малое предприятие,"344072, РОСТОВСКАЯ, РОСТОВ-НА-ДОНУ, ВЕРЕСАЕВА, 101/3, 1, 9",641.519,102.219,112.533,15.933900632717036,47.2398802,39.7997895,"47.23988,39.79979",address
359,3456002465,"ООО ""РЕМСТРОЙМОНТАЖ""",ВОЛГОГРАДСКАЯ,Малое предприятие,"403343, ВОЛГОГРАДСКАЯ, МИХАЙЛОВКА, ПРОМЫШЛЕННАЯ, 2",249.896,102.025,135.124,40.82698402535455,50.0906413,43.2347341,"50.090641,43.234734",address
360,2130136091,"ООО ""СМУ-158""",ЧУВАШСКАЯ РЕСПУБЛИКА -,Малое предприятие,"428018, ЧУВАШСКАЯ РЕСПУБЛИКА -, ЧЕБОКСАРЫ, МОСКОВСКИЙ, 17, 1, 3",151.548,101.856,76.658,67.21038878771083,56.1451477,47.2223102,"56.145148,47.22231",address
361,3908603496,"ООО ""ЗЕВА""",КАЛИНИНГРАДСКАЯ,Малое предприятие,"236039, КАЛИНИНГРАДСКАЯ, КАЛИНИНГРАД, ЭЛЬБЛОНГСКАЯ, 33, 28",308.726,101.733,105.337,32.95252100568141,54.6988796,20.4948835,"54.69888,20.494884",address
362,9715414870,"ООО ""СПГ""",МОСКВА,Малое предприятие,"111024, МОСКВА, 2-Я ЭНТУЗИАСТОВ, 5, 2/Н",1044.27,101.431,,9.713101017935974,55.7493072,37.7273234,"55.749307,37.727323",address
363,3651009168,"ООО ""ТЕХСТРОЙПРОМ""",ВОРОНЕЖСКАЯ,Малое предприятие,"396070, ВОРОНЕЖСКАЯ, НОВОВОРОНЕЖ, ЗАВОДСКОЙ, 8",412.798,101.158,133.796,24.505448185310975,51.3099367,39.2298469,"51.309937,39.229847",address
364,7725813655,"ООО ""КОМПЛЕКСНОЕ СТРОИТЕЛЬСТВО""",МОСКВА,Малое предприятие,"115191, МОСКВА, СЕРПУХОВСКИЙ ВАЛ, 17, 1, 17",325.05,101.134,,31.11336717428088,55.7112793,37.6126851,"55.711279,37.612685",address
365,2311011320,"АО ""ЖБИ №1""",КРАСНОДАРСКИЙ,Среднее предприятие,"350051, КРАСНОДАРСКИЙ, КРАСНОДАР, ИМ. РЕПИНА, 22, ОФИС 54",342.967,100.988,137.577,29.445398536885474,45.0351532,38.9772396,"45.035153,38.97724",city_or_region
366,2304016990,"АО ""КУРОРТСТРОЙ""",КРАСНОДАРСКИЙ,Малое предприятие,"353460, КРАСНОДАРСКИЙ, Геленджик, 12",1239.967,100.65,132.909,8.117151504838436,44.5604048,38.0770652,"44.560405,38.077065",address
367,7203138261,"ООО СЗ ""ТЮМЕНГАЗСТРОЙ""",ТЮМЕНСКАЯ,Среднее предприятие,"625003, ТЮМЕНСКАЯ, Тюмень, КИРОВА, 43, 1, МАНСАРДНЫЙ",133.843,100.594,29.538,75.15820775087228,57.1551186,65.528273,"57.155119,65.528273",address
368,4025449758,"ООО ""ЦБ""",КАЛУЖСКАЯ,Малое предприятие,"249035, КАЛУЖСКАЯ, ОБНИНСК, МАРКСА, 20, 21",839.645,99.877,133.491,11.895146162961728,55.1144177,36.5929749,"55.114418,36.592975",address
369,7801648847,"ООО ""КОСОУР""",САНКТ-ПЕТЕРБУРГ,Малое предприятие,"199034, САНКТ-ПЕТЕРБУРГ, 16-Я В.О., 7, Б, 12/16-Н",290.315,99.637,157.259,34.320307252467146,59.9422016,30.2849636,"59.942202,30.284964",address
370,7731646956,"ООО ""КАСТА""",МОСКВА,Малое предприятие,"119270, МОСКВА, НОВОЛУЖНЕЦКИЙ, 9, 6",321.092,99.425,99.748,30.96464564673053,55.7194292,37.5624222,"55.719429,37.562422",address
371,6453133218,"ООО ""ЭВЕРЕСТ-СИ""",САРАТОВСКАЯ,Малое предприятие,"410086, САРАТОВСКАЯ, САРАТОВ, БУРОВАЯ, 32А",573.031,99.382,,17.343215288527148,51.5966994,45.902826,"51.596699,45.902826",address
372,3525048992,"АО ""АПСК ""ГСА""",ЯРОСЛАВСКАЯ,Малое предприятие,"150000, ЯРОСЛАВСКАЯ, ЯРОСЛАВЛЬ, РЕСПУБЛИКАНСКАЯ, 81, 2, 49",1487.117,99.325,181.37,6.679030634442347,57.6230096,39.8788835,"57.62301,39.878884",address
373,7716576574,"ООО ""СПЕЦИАЛИЗИРОВАННЫЙ ЗАСТРОЙЩИК ""РУССТРОЙГРУП""",МОСКОВСКАЯ,Среднее предприятие,"141009, МОСКОВСКАЯ, МЫТИЩИ, КОЛОНЦОВА, 5, 2, 604",2717.812,99.084,148.413,3.6457267831623383,55.9162403,37.765921,"55.91624,37.765921",address
374,5904350618,"ООО ""СК ""ВЕГА""",ПЕРМСКИЙ,Малое предприятие,"614016, ПЕРМСКИЙ, ПЕРМЬ, КУЙБЫШЕВА, 50",1366.296,98.988,67.791,7.244989372727432,58.0027308,56.239225,"58.002731,56.239225",address
375,7604226395,"ООО ""ХАЙТЕК ФАСАД""",ЯРОСЛАВСКАЯ,Малое предприятие,"150010, ЯРОСЛАВСКАЯ, ЯРОСЛАВЛЬ, ТОРМОЗНОЕ, 120, 33",497.135,98.33,124.238,19.77933559294759,57.5478433,39.9650703,"57.547843,39.96507",address
376,5001107429,"ООО ""МОСТЫ И ТОННЕЛИ""",МОСКОВСКАЯ,Малое предприятие,"140014, МОСКОВСКАЯ, ЛЮБЕРЦЫ, ЭЛЕКТРИФИКАЦИИ, 3, 3, 12",1087.278,98.271,149.914,9.038258844564131,55.6701916,37.9190291,"55.670192,37.919029",address
377,1326219505,"ООО ""САРАНСКТЕХПРИБОР""",МОРДОВИЯ,Малое предприятие,"430030, МОРДОВИЯ, САРАНСК, ВАСЕНКО, 38А",2854.8,98.159,117.831,3.4383844752697215,54.1946774,45.1634118,"54.194677,45.163412",address
378,2317057426,"ООО ""СДС""",КРАСНОДАРСКИЙ,Малое предприятие,"354340, КРАСНОДАРСКИЙ, СОЧИ, ГАСТЕЛЛО, 28, 3/3",1625.527,97.423,119.935,5.9933178593772976,43.4456915,39.9139907,"43.445692,39.913991",address
379,2543121643,"ООО ""ЭСВ""",ПРИМОРСКИЙ,Малое предприятие,"690105, ПРИМОРСКИЙ, ВЛАДИВОСТОК, АННЫ ЩЕТИНИНОЙ, 39, 1",2006.497,96.795,120.24,4.8240789794353045,43.1651581,131.9548107,"43.165158,131.954811",address
380,8602194090,"ООО ""ССС""",ХАНТЫ-МАНСИЙСКИЙ АВТОНОМНЫЙ ОКРУГ - ЮГРА,Среднее предприятие,"ХАНТЫ-МАНСИЙСКИЙ АВТОНОМНЫЙ ОКРУГ - ЮГРА, НИЖНЕВАРТОВСК, ИНДУСТРИАЛЬНАЯ, 105",3003.048,95.96,121.826,3.1954201198249246,60.9598958,76.51628,"60.959896,76.51628",address
381,4414006950,"ООО "" БАРС """,КОСТРОМСКАЯ,Малое предприятие,"156012, КОСТРОМСКАЯ, КОСТРОМА, КОСТРОМСКАЯ, 105",507.904,95.754,99.355,18.852775327620968,57.8069838,40.9995772,"57.806984,40.999577",address
382,6317106247,"ООО ""СМУ - 5""",САМАРСКАЯ,Малое предприятие,"443086, САМАРСКАЯ, САМАРА, ВРУБЕЛЯ, 17, Н5",383.989,95.587,122.999,24.89316100200787,53.2189117,50.1696805,"53.218912,50.16968",address
383,2540212331,"ООО ""ЗИМА ЮЖНАЯ""",ПРИМОРСКИЙ,Среднее предприятие,"690002, ПРИМОРСКИЙ, ВЛАДИВОСТОК, 2-Я КРУГОВАЯ, 14, 100",34.277,95.5,95.512,278.6124806721709,43.1321011,131.908855,"43.132101,131.908855",address
384,7723434605,"ООО СК ""ПЕРСПЕКТИВА""",МОСКВА,Среднее предприятие,"109382, МОСКВА, ЛЮБЛИНСКАЯ, 64",3467.253,95.407,213.5,2.7516595991120347,55.6634127,37.7313268,"55.663413,37.731327",address
385,3801993892,"ООО ""АСМ""",ИРКУТСКАЯ,Среднее предприятие,"665821, ИРКУТСКАЯ, АНГАРСК, КАРЛА МАРКСА, 74А, 204",2154.667,95.171,119.831,4.41697023252317,52.524911,103.901069,"52.524911,103.901069",address
386,0702007173,"ООО ""ЗОЛЬСКАЯ ПМК-1""",КАБАРДИНО-БАЛКАРСКАЯ,Малое предприятие,"361710, КАБАРДИНО-БАЛКАРСКАЯ, ЗОЛЬСКИЙ, МАЛКА, БОЛЬНИЧНАЯ, 6",42.333,94.708,,223.72144662556397,43.4691791,43.5805188,"43.469179,43.580519",city_or_region
387,6678068222,"ООО СУ ""АРСЕНАЛ""",СВЕРДЛОВСКАЯ,Среднее предприятие,"623702, СВЕРДЛОВСКАЯ, БЕРЕЗОВСКИЙ, АЛЕКСАНДРОВСКИЙ, 3, 1",647.757,94.623,125.867,14.607792737091224,56.895058,60.8345604,"56.895058,60.83456",address
388,2508073972,"ООО ""ТРАНССТРОЙ""",ПРИМОРСКИЙ,Малое предприятие,"692941, ПРИМОРСКИЙ, НАХОДКА, БАЗОВАЯ, 22",604.277,94.31,92.031,15.607080858612854,42.769419,133.0554148,"42.769419,133.055415",address
389,2801048449,"АО СПЕЦИАЛИЗИРОВАННЫЙ ЗАСТРОЙЩИК ""АНК""",АМУРСКАЯ,Малое предприятие,"675028, АМУРСКАЯ, БЛАГОВЕЩЕНСК, ПРОМЫШЛЕННАЯ, 7, 15",268.119,94.237,115.552,35.14745318310153,50.2932878,127.5026555,"50.293288,127.502656",address
390,6166051748,"ООО ""СМИ""",СТАВРОПОЛЬСКИЙ,Малое предприятие,"356805, СТАВРОПОЛЬСКИЙ, БУДЕННОВСКИЙ, БУДЕННОВСК, 37",360.682,93.588,57.161,25.94751054945908,44.7527364,44.1053632,"44.752736,44.105363",address
391,4205243072,"ООО ""СКС""",НОВОСИБИРСКАЯ,Среднее предприятие,"630096, НОВОСИБИРСКАЯ, НОВОСИБИРСК, СТАНЦИОННАЯ, 60/12, 110",1125.334,93.472,133.293,8.3061562167321,54.9974065,82.8195595,"54.997406,82.81956",address
392,6437000933,"ООО ""СОЮЗ""",САРАТОВСКАЯ,Малое предприятие,"410086, САРАТОВСКАЯ, САРАТОВ, ПЕСЧАНО-УМЕТСКИЙ, 10, -",119.806,93.405,103.796,77.96354105804384,51.5984307,45.8667846,"51.598431,45.866785",address
393,7451349069,"ООО  ""СТРАТЕГИЯ""",ЧЕЛЯБИНСКАЯ,Малое предприятие,"454080, ЧЕЛЯБИНСКАЯ, ЧЕЛЯБИНСК, ЛЕНИНА, 89, 215 Б",898.822,93.365,88.175,10.387484952526751,55.1586081,61.3732043,"55.158608,61.373204",address
394,7708777679,"ООО ""ПГСИ""",МОСКВА,Малое предприятие,"119180, МОСКВА, БОЛЬШАЯ ПОЛЯНКА, 7/10, 3, 4/9/5",509.599,93.128,119.144,18.274761135716513,55.625578,37.6063916,"55.625578,37.606392",city_or_region
395,5321072550,"ООО ""ГЛОРИЯ""",НОВГОРОДСКАЯ,Среднее предприятие,"173016, НОВГОРОДСКАЯ, ВЕЛИКИЙ НОВГОРОД, МЕНДЕЛЕЕВА, 16",1063.125,93.082,119.649,8.755508524397413,58.5391786,31.2506522,"58.539179,31.250652",address
396,7722624201,"ООО ""СВЯЗЬ КОННЕКТ""",МОСКВА,Малое предприятие,"111024, МОСКВА, 2-Й КАБЕЛЬНЫЙ, 1, ЭТАЖ 3",523.918,92.824,70.158,17.717276367675858,55.7479161,37.7162458,"55.747916,37.716246",address
397,1655279884,"ООО ""УРБАН КОНСТРАКШН""",ТАТАРСТАН,Малое предприятие,"420132, ТАТАРСТАН, КАЗАНЬ, АДОРАТСКОГО, 29Д, 301",2065.78,92.374,107.71,4.471628150141835,55.8385037,49.1448983,"55.838504,49.144898",address
398,7203151985,"АО СЗ ""АКВА""",ТЮМЕНСКАЯ,Малое предприятие,"625034, ТЮМЕНСКАЯ, ТЮМЕНЬ, ДАМБОВСКАЯ, 25, 1, 24",269.694,92.36,132.118,34.246219789835884,57.1532061,65.6056168,"57.153206,65.605617",address
399,7805777138,"ООО ""МАВИС-ГРАД""",САНКТ-ПЕТЕРБУРГ,Малое предприятие,"198096, САНКТ-ПЕТЕРБУРГ, НА ТУРУХТАННЫЕ ОСТРОВА, 6, 5, 1-Н, ЧАСТЬ 40",1852.618,92.009,101.905,4.966431288047509,59.8681744,30.2517368,"59.868174,30.251737",address
400,7810791610,"ООО ""ВИЛИЯ""",САНКТ-ПЕТЕРБУРГ,Малое предприятие,"197198, САНКТ-ПЕТЕРБУРГ, ПЕТРОВСКАЯ, 6, 1, 44Н",823.734,91.648,95.914,11.125921717447623,59.9629326,30.2464504,"59.962933,30.24645",address
401,3019016289,"ООО ""ПРОГРЕСС""",АСТРАХАНСКАЯ,Малое предприятие,"414056, АСТРАХАНСКАЯ, АСТРАХАНЬ, САВУШКИНА, 4Б, 11",637.092,91.596,167.529,14.377201408901696,46.3761228,48.0495667,"46.376123,48.049567",address
402,6663071832,"ЗАО ""СМУ-25 УМС""",СВЕРДЛОВСКАЯ,Среднее предприятие,"620137, СВЕРДЛОВСКАЯ, ЕКАТЕРИНБУРГ, БОРОВАЯ, 29, 3",1024.003,91.407,66.236,8.926438692074145,56.8641319,60.6482032,"56.864132,60.648203",address
403,9723078140,"ООО ""ДЕНДРОСТРОЙ""",МОСКВА,Среднее предприятие,"115088, МОСКВА, ШАРИКОПОДШИПНИКОВСКАЯ, 38, 1, 2Н",2600.356,91.023,130.565,3.5004053291164747,55.7147571,37.6770296,"55.714757,37.67703",address
404,7704397203,"ООО ""АВУАР""",МОСКОВСКАЯ,Малое предприятие,"144000, МОСКОВСКАЯ, Электросталь, МАЯКОВСКОГО, 6А, 2",155.954,90.664,,58.13509111661131,55.7953003,38.4422032,"55.7953,38.442203",address
405,7733389126,"ООО ""ОПУС""",МОСКВА,Малое предприятие,"125371, МОСКВА, ВОЛОКОЛАМСКОЕ, 114, 1, 2/1",193.416,90.116,120.189,46.591802125987506,55.8294901,37.4164111,"55.82949,37.416411",address
406,7714299413,"ООО ""ДЕЛЬТА КОНСТРАКШН""",МОСКВА,Среднее предприятие,"109428, МОСКВА, РЯЗАНСКИЙ, 8А, 1, VII, К.47 (ВН500) Т/Э",172.356,89.258,52.752,51.78699900206549,55.625578,37.6063916,"55.625578,37.606392",city_or_region
407,7727813770,"ООО ""СУ-111""",МОСКВА,Малое предприятие,"117628, МОСКВА, СТАРОБИТЦЕВСКАЯ, 15, 1, 3/1",1542.342,89.035,122.264,5.772714482261392,55.5749788,37.5828029,"55.574979,37.582803",address
408,7722752281,"ООО ""КОМПАНИЯ РЕНОВЕЛЬ""",МОСКВА,Малое предприятие,"125167, МОСКВА, ВИКТОРЕНКО, 9, 1, 15",977.763,88.884,117.037,9.090546482122969,55.7947949,37.5283067,"55.794795,37.528307",address
409,5408229117,"ООО ""РОСТ БИЛД""",НОВОСИБИРСКАЯ,Малое предприятие,"630005, НОВОСИБИРСКАЯ, НОВОСИБИРСК, НИКОЛАЯ ОСТРОВСКОГО, 49, 101",996.876,88.363,110.815,8.863991108222086,55.0519137,82.9332096,"55.051914,82.93321",address
410,1646031380,"ООО ""КАМА-СЕРВИС""",ТАТАРСТАН,Малое предприятие,"423602, ТАТАРСТАН, ЕЛАБУЖСКИЙ, ЕЛАБУГА, ЧАПАЕВА, 55",136.513,88.308,,64.68834469977219,55.75709118571428,52.006956114285714,"55.757091,52.006956",address
411,6501181648,"ООО ""СПЕЦИАЛИЗИРОВАННЫЙ ЗАСТРОЙЩИК ""САХИНСТРОЙ""",САХАЛИНСКАЯ,Малое предприятие,"693004, САХАЛИНСКАЯ, ЮЖНО-САХАЛИНСК, ИМЕНИ И.П. ФАРХУТДИНОВА, 10Б, 1, 2",1687.224,88.241,113.341,5.229951683949493,46.9574273,142.727438,"46.957427,142.727438",city_or_region
412,1435246770,"ООО ""СТРОЙ-В""",САХА (ЯКУТИЯ),Малое предприятие,"677000, САХА (ЯКУТИЯ), ЯКУТСК, ПОЯРКОВА, 19, 56",271.363,87.68,,32.310963543298094,62.0350367,129.7328476,"62.035037,129.732848",address
413,2623802415,"ООО СПЕЦИАЛИЗИРОВАННЫЙ ЗАСТРОЙЩИК ""ДИАЛОГ-СТРОЙ""",СТАВРОПОЛЬСКИЙ,Малое предприятие,"356245, СТАВРОПОЛЬСКИЙ, ШПАКОВСКИЙ, МИХАЙЛОВСК, НЕКРАСОВА, 20, 35",264.455,87.032,100.561,32.90994687186856,45.1333806,41.9959906,"45.133381,41.995991",address
414,8602264527,"ООО ""СИБСПЕЦАВТОМАТИКА""",ХАНТЫ-МАНСИЙСКИЙ АВТОНОМНЫЙ ОКРУГ - ЮГРА,Малое предприятие,"628422, ХАНТЫ-МАНСИЙСКИЙ АВТОНОМНЫЙ ОКРУГ - ЮГРА, СУРГУТ, ТРУБНАЯ, 10/1",633.497,86.731,100.948,13.690830422243517,61.3414657,73.405212,"61.341466,73.405212",address
415,9102056626,"ООО ""МОНОЛИТ-БЕТОН""",КРЫМ,Среднее предприятие,"295013, КРЫМ, СИМФЕРОПОЛЬ, СЕВАСТОПОЛЬСКАЯ, 43Б",5824.886,86.552,166.839,1.4859003249162301,44.9289572,34.0830238,"44.928957,34.083024",address
416,4823003533,"ООО "" ПОЛИТЕХНИК - М""",ЛИПЕЦКАЯ,Малое предприятие,"398005, ЛИПЕЦКАЯ, ЛИПЕЦК, АЛМАЗНАЯ, 12",377.468,86.526,,22.922737821484205,52.5671859,39.6607833,"52.567186,39.660783",address
417,6829001720,"ООО ""СПЕЦИАЛИЗИРОВАННЫЙ ЗАСТРОЙЩИК ""ТАМБОВПРОМСТРОЙХОЛДИНГ""",ТАМБОВСКАЯ,Малое предприятие,"392029, ТАМБОВСКАЯ, ТАМБОВ, БАСТИОННАЯ, 29",352.199,86.331,94.107,24.511994639394207,52.7349116,41.3802124,"52.734912,41.380212",address
418,8905050436,"ООО ""МРС""",ЯМАЛО-НЕНЕЦКИЙ,Малое предприятие,"629601, ЯМАЛО-НЕНЕЦКИЙ, МУРАВЛЕНКО, ЯМАЛЬСКАЯ, 26, 3",589.581,86.273,,14.63293423634751,63.7941543,74.5329335,"63.794154,74.532934",address
419,5406989257,"ООО ""РАЙДЕКС""",МОСКВА,Малое предприятие,"123022, МОСКВА, КРАСНАЯ ПРЕСНЯ, 24, 2 ПОМ I КОМ 29",1136.67,86.151,145.183,7.57924463564623,55.625578,37.6063916,"55.625578,37.606392",city_or_region
420,6950216009,"ООО  ""ТЕХСТРОЙ""",ТВЕРСКАЯ,Малое предприятие,"170033, ТВЕРСКАЯ, ТВЕРЬ, ЦАНОВА, 1Б, XVIIIВ ОФИС 309",602.196,85.945,,14.271931397750897,56.8596713,35.8952416,"56.859671,35.895242",city_or_region
421,7743744940,"ООО ""АЦИС КОНСТРАКШН""",МОСКВА,Малое предприятие,"123592, МОСКВА, КУЛАКОВА, 20, 1А",2634.354,85.88,109.464,3.260002262414239,55.80431,37.3909013,"55.80431,37.390901",address
422,4027121634,"ООО ""СТРОЙРЕГИОН""",КАЛУЖСКАЯ,Малое предприятие,"248001, КАЛУЖСКАЯ, КАЛУГА, КИРОВА, 59, 1, ОФИС 43",35.956,85.664,49.311,238.2467460229169,54.5130912,36.2702062,"54.513091,36.270206",address
423,6141042798,"ООО СПЕЦИАЛИЗИРОВАННЫЙ ЗАСТРОЙЩИК ""СТРОЙГАРАНТ""",РОСТОВСКАЯ,Малое предприятие,"346885, РОСТОВСКАЯ, БАТАЙСК, СЕВЕРНАЯ ЗВЕЗДА, 7, 2, 11",267.836,85.392,60.141,31.882196568049103,47.1574033,39.7457265,"47.157403,39.745726",address
424,1651067141,"ООО ""ВЭМ""",ТАТАРСТАН,Среднее предприятие,"423578, ТАТАРСТАН, НИЖНЕКАМСКИЙ, НИЖНЕКАМСК, ХИМИКОВ, 45А, 1009",459.381,85.279,117.838,18.563893587240223,55.6280664,51.8015811,"55.628066,51.801581",address
425,6163073704,"ООО ""СТРОЙ-ИНЖИНИРИНГ""",РОСТОВСКАЯ,Малое предприятие,"344000, РОСТОВСКАЯ, РОСТОВ-НА-ДОНУ, МАКСИМА ГОРЬКОГО, 183, 5",1037.669,85.239,113.991,8.214469161167964,47.2286172,39.7210464,"47.228617,39.721046",address
426,1327022163,"ООО ""СТРОЙЭНЕРГОКОМПЛЕКТ""",МОСКВА,Малое предприятие,"107023, МОСКВА, ЭЛЕКТРОЗАВОДСКАЯ, 24, 1",2628.332,85.129,109.575,3.2388982822565797,55.7889129,37.7076559,"55.788913,37.707656",address
427,7413014488,"ООО ""СТРОИТЕЛЬПЛЮС""",ЧЕЛЯБИНСКАЯ,Малое предприятие,"456871, ЧЕЛЯБИНСКАЯ, КЫШТЫМ, КРАСНОЙ ЗВЕЗДЫ, 107",154.796,84.894,,54.84250239024264,55.6979111,60.5585879,"55.697911,60.558588",address
428,5022035172,"ЗАО ""ЭТАЛОНСТРОЙ""",МОСКОВСКАЯ,Малое предприятие,"140479, МОСКОВСКАЯ, КОЛОМНА, ПИРОЧИ, 1",556.288,84.629,117.318,15.213162965945697,55.0747169,38.9563821,"55.074717,38.956382",address
429,2361014453,"ООО ""СЗ ЖК НА КРАСНОЙ""",КРАСНОДАРСКИЙ,Малое предприятие,"353680, КРАСНОДАРСКИЙ, ЕЙСКИЙ, ЕЙСК, АРМАВИРСКАЯ, 45/6, 44",485.679,84.328,118.186,17.362908423053085,46.7033824,38.2839164,"46.703382,38.283916",address
430,2723090480,"ООО ""ЭНЕРГИЯ""",ХАБАРОВСКИЙ,Малое предприятие,"680017, ХАБАРОВСКИЙ, ХАБАРОВСК, МУХИНА, 23, 29",346.162,84.105,,24.296427684147883,48.4788062,135.0808965,"48.478806,135.080896",address
431,7716850996,"ООО ""АЛЬФА КОНСТРАКТ""",МОСКВА,Малое предприятие,"124489, МОСКВА, ЗЕЛЕНОГРАД, СОСНОВАЯ, 4, 2",2284.645,83.882,132.375,3.671555099369924,55.9807955,37.2493872,"55.980796,37.249387",address
432,2311251829,"ООО ""СЗ ""КСК""",КРАСНОДАРСКИЙ,Малое предприятие,"350087, КРАСНОДАРСКИЙ, КРАСНОДАР, ИМ. ЕВГЕНИИ ЖИГУЛЕНКО, 9, 160",432.947,83.82,16.597,19.360337408504968,45.0979064,39.0060968,"45.097906,39.006097",address
433,9718070956,"ООО ""МОНТАЖСТРОЙ ТТ""",МОСКВА,Малое предприятие,"107113, МОСКВА, МАЛЕНКОВСКАЯ, 32, 3, 1",307.473,83.621,,27.196209098034625,55.7863647,37.6746293,"55.786365,37.674629",address
434,7721620684,"ООО ""СТРОЙЦЕНТРАЛЬ""",МОСКОВСКАЯ,Среднее предприятие,"140415, МОСКОВСКАЯ, КОЛОМНА, ПОЛЯНСКАЯ, 17, ПОМ.108",3604.223,83.48,96.772,2.316171890585016,55.0995509,38.7811165,"55.099551,38.781116",address
435,2130103748,"ООО ""ПРЕМИУМ СТРОЙ 21""",ЧУВАШСКАЯ РЕСПУБЛИКА -,Малое предприятие,"428022, ЧУВАШСКАЯ РЕСПУБЛИКА -, ЧЕБОКСАРЫ, МАРПОСАДСКОЕ, 7 В, 1",892.531,82.859,,9.283599113084028,56.0984586,47.268959,"56.098459,47.268959",city_or_region
436,7704352065,"ООО ""МОСПРОМСТРОЙИНЖИНИРИНГ-2""",МОСКВА,Малое предприятие,"119034, МОСКВА, ТИМУРА ФРУНЗЕ, 20",482.443,82.853,106.329,17.173635020095638,55.7351863,37.5892186,"55.735186,37.589219",address
437,7743307059,"ООО ""ЮГСТРОЙ""",МОСКВА,Малое предприятие,"125130, МОСКВА, ЗОИ И АЛЕКСАНДРА КОСМОДЕМЬЯНСКИХ, 27, 9",1148.206,82.392,112.013,7.175715855865585,55.8210931,37.5116152,"55.821093,37.511615",address
438,7813637110,"ООО ""СК ""МОНОЛИТ""",САНКТ-ПЕТЕРБУРГ,Малое предприятие,"197198, САНКТ-ПЕТЕРБУРГ, РОПШИНСКАЯ, 1/32, А, 8Н/19Н",658.78,82.38,,12.504933361668538,59.9575247,30.2982193,"59.957525,30.298219",address
439,2801016951,"АО ""СК №1""",АМУРСКАЯ,Среднее предприятие,"675004, АМУРСКАЯ, БЛАГОВЕЩЕНСК, СВ.ИННОКЕНТИЯ, 1",2193.986,82.367,115.568,3.754217210137166,50.2591255,127.5246679,"50.259126,127.524668",address
440,7710940499,"ООО ""ВСМ""",МОСКВА,Малое предприятие,"119034, МОСКВА, ОСТОЖЕНКА, 19, 1, 3 ПОМ 18",330.686,82.32,93.671,24.89370581155537,55.625578,37.6063916,"55.625578,37.606392",city_or_region
441,5254490911,"ООО ""СТРОЙИНЖИНИРИНГ""",МОРДОВИЯ,Малое предприятие,"430005, МОРДОВИЯ, САРАНСК, СОВЕТСКАЯ, 47, 3",121.067,81.841,,67.59975881123675,54.1812179,45.1827325,"54.181218,45.182732",address
442,7805512935,"ООО ""БАЛТТЕХСТРОЙ""",САНКТ-ПЕТЕРБУРГ,Малое предприятие,"198328, САНКТ-ПЕТЕРБУРГ, БРЕСТСКИЙ, 8, А, 8-Н",959.117,81.751,123.414,8.523569074471624,59.8768317,30.4429637,"59.876832,30.442964",address
443,2224098998,"ООО ПСФ ""ИНЖЕНЕРСТРОЙ""",АЛТАЙСКИЙ,Малое предприятие,"656910, АЛТАЙСКИЙ, БАРНАУЛ, НАУЧНЫЙ ГОРОДОК, 1 А",66.615,81.586,,122.47391728589656,53.4192309,83.532719,"53.419231,83.532719",address
444,3662258085,"ООО ""СТРОЙКОМПЛЕКС""",ВОРОНЕЖСКАЯ,Малое предприятие,"394026, ВОРОНЕЖСКАЯ, ВОРОНЕЖ, КРАСНОДОНСКАЯ, 18В, 1",199.925,81.565,,40.79779917469051,51.6855556,39.157067,"51.685556,39.157067",address
445,6671376130,"ООО ""СТАНДАРТ СТРОЙ""",СВЕРДЛОВСКАЯ,Малое предприятие,"620026, СВЕРДЛОВСКАЯ, ЕКАТЕРИНБУРГ, КУЙБЫШЕВА, 38, 137",1252.255,81.507,93.839,6.50881809216174,56.8288544,60.6193387,"56.828854,60.619339",address
446,5262283965,"ООО ""МИИМФ""",НИЖЕГОРОДСКАЯ,Малое предприятие,"603009, НИЖЕГОРОДСКАЯ, Нижний Новгород, ГАГАРИНА, 166, 314",1218.045,81.435,97.101,6.685713582010516,56.2535363,43.9707853,"56.253536,43.970785",address
447,7901542812,"ООО ""СТРОЙКОМ""",КОМИ,Среднее предприятие,"167004, КОМИ, СЫКТЫВКАР, ПУШКИНА, 59, 143",1308.854,81.404,,6.219486665434036,61.6455257,50.8208228,"61.645526,50.820823",address
448,5405442239,"ООО ""СК АНИС""",НОВОСИБИРСКАЯ,Малое предприятие,"630089, НОВОСИБИРСКАЯ, НОВОСИБИРСК, БОРИСА БОГАТКОВА, 210/1, 603",375.504,81.044,,21.582726149388556,55.041395,82.983824,"55.041395,82.983824",address
449,7715984348,"ООО ""ХОРОС""",МОСКВА,Малое предприятие,"115419, МОСКВА, 2-Й РОЩИНСКИЙ, 8, 2, М ПОМ XI КОМ 14",2028.32,80.763,103.033,3.981768162814546,55.625578,37.6063916,"55.625578,37.606392",city_or_region
450,7456032435,"ООО ""АЛЬПИНДУСТРИЯ""",ЧЕЛЯБИНСКАЯ,Малое предприятие,"455023, ЧЕЛЯБИНСКАЯ, МАГНИТОГОРСК, ОКТЯБРЬСКАЯ, 19, 1А",322.078,80.732,,25.06597780661827,53.415935,58.9947807,"53.415935,58.994781",address
451,5904257376,"ООО ""СК АТРИУМ""",ПЕРМСКИЙ,Малое предприятие,"614111, ПЕРМСКИЙ, ПЕРМЬ, СОЛДАТОВА, 36, 83",301.537,80.708,,26.765537894188775,57.9736732,56.2375223,"57.973673,56.237522",address
452,5408290827,"ООО КОРПОРАЦИЯ ""СБГ""",НОВОСИБИРСКАЯ,Малое предприятие,"630073, НОВОСИБИРСКАЯ, НОВОСИБИРСК, КАРЛА МАРКСА, 57, 9",1396.662,80.631,79.049,5.7731219149658255,54.9924633,82.9113612,"54.992463,82.911361",address
453,5507221366,"ООО ""ДОМСТРОЙ-97""",ОМСКАЯ,Малое предприятие,"644015, ОМСКАЯ, ОМСК, 12 ДЕКАБРЯ, 56",164.04,80.329,,48.969153864911,54.9407623,73.3448423,"54.940762,73.344842",address
454,5905269230,"ООО ""ГЛОБАЛИНВЕСТРОЙ""",ПЕРМСКИЙ,Среднее предприятие,"614500, ПЕРМСКИЙ, ПЕРМЬ, ВЕРХНЕ-МУЛЛИНСКАЯ, 74, 206",1111.014,80.209,58.795,7.219440979141576,57.9668319,56.1195256,"57.966832,56.119526",address
455,1328002794,"ООО ""ПСК ""МАГО-СТРОЙ""",МОРДОВИЯ,Малое предприятие,"430031, МОРДОВИЯ, САРАНСК, УХТОМСКОГО, 47, 1",107.114,80.199,,74.8725656776892,54.1890487,45.2457579,"54.189049,45.245758",address
456,7716706992,"ООО ""ЕНГО""",МОСКВА,Малое предприятие,"129343, МОСКВА, НАНСЕНА, 1",1058.93,79.947,97.508,7.5497908265891045,55.8484996,37.6528515,"55.8485,37.652852",address
457,7724745755,"АО ""АРСЕНАЛ""",МОСКВА,Среднее предприятие,"127566, МОСКВА, АЛТУФЬЕВСКОЕ, 48К1, 9 ПОМ I ОФ 901",1384.301,79.896,99.03,5.771577135319558,55.625578,37.6063916,"55.625578,37.606392",city_or_region
458,7205013363,"ООО ""ДЮНА""",ОМСКАЯ,Малое предприятие,"644042, ОМСКАЯ, ОМСК, КАРЛА МАРКСА, 36, 1, 5",341.24,79.865,,23.40434884538741,54.9589603,73.3860105,"54.95896,73.38601",address
459,3817024117,"ООО ""ИСК""",ИРКУТСКАЯ,Среднее предприятие,"666684, ИРКУТСКАЯ, УСТЬ-ИЛИМСК, 020102/153",337.012,79.75,69.521,23.663845797775746,57.9388562,102.7374626,"57.938856,102.737463",address
460,3435309618,"ООО ""СОЛЯРИС""",ВОЛГОГРАДСКАЯ,Малое предприятие,"404110, ВОЛГОГРАДСКАЯ, ВОЛЖСКИЙ, МОЛОДЕЖНАЯ, 17, 1",315.707,78.709,,24.93102782009902,48.7931476,44.7521768,"48.793148,44.752177",address
461,3906302165,"ООО ""СПРИНТ""",КАЛИНИНГРАДСКАЯ,Малое предприятие,"236039, КАЛИНИНГРАДСКАЯ, КАЛИНИНГРАД, ЭПРОНОВСКАЯ, 12, 1",14.263,78.708,0.955,551.8334151300568,54.7022567,20.5137193,"54.702257,20.513719",address
462,4345364782,"ООО ""СМУ-12""",КИРОВСКАЯ,Малое предприятие,"610014, КИРОВСКАЯ, КИРОВ, НЕКРАСОВА, 73",210.003,78.678,,37.46517906887045,58.5828199,49.6128777,"58.58282,49.612878",address
463,2721197290,"ООО ""СТРОЙГРЕЙД""",ХАБАРОВСКИЙ,Малое предприятие,"680052, ХАБАРОВСКИЙ, ХАБАРОВСК, ГОРЬКОГО, 60",1115.941,78.528,,7.036931163923541,48.4536909,135.1861384,"48.453691,135.186138",address
464,6311092799,"ООО ""СПЕЦИАЛИЗИРОВАННЫЙ ЗАСТРОЙЩИК ""ВЕЛИКРАН-ИНВЕСТ""",САМАРСКАЯ,Малое предприятие,"443001, САМАРСКАЯ, САМАРА, ЛЕНИНСКАЯ, 215, 201/3",58.022,78.402,-0.107,135.12460790734548,53.1991765,50.1175822,"53.199176,50.117582",address
465,7803050192,"ООО ""УК ""КРЕДО""",ЛЕНИНГРАДСКАЯ,Среднее предприятие,"188669, ЛЕНИНГРАДСКАЯ, ВСЕВОЛОЖСКИЙ, МУРИНО, ЦЕНТРАЛЬНАЯ, 46, №32 (К №118)",605.941,78.159,2.971,12.898780574346347,60.046193,30.4458901,"60.046193,30.44589",city_or_region
466,9103002856,"ООО ""СК ""ДЕЛЬТА""",КРЫМ,Малое предприятие,"295014, КРЫМ, СИМФЕРОПОЛЬ, МРАМОРНАЯ, 3",2813.68,78.09,90.474,2.7753689118876346,44.9640763,34.0780036,"44.964076,34.078004",address
467,2902070169,"ООО ""СТРОЙ ЦЕНТР""",АРХАНГЕЛЬСКАЯ,Малое предприятие,"164512, АРХАНГЕЛЬСКАЯ, СЕВЕРОДВИНСК, АРХАНГЕЛЬСКОЕ, 65",1255.32,77.813,77.186,6.198658509384061,64.5638799,39.785989,"64.56388,39.785989",address
468,3120100228,"ООО ""МАКССТРОЙ""",БЕЛГОРОДСКАЯ,Малое предприятие,"309292, БЕЛГОРОДСКАЯ, ШЕБЕКИНО, ЛЕНИНА, 91А",734.644,77.801,122.43,10.590299519222917,50.3906302,36.8778188,"50.39063,36.877819",address
469,5260208112,"ООО СЗ ""СМ-ФИНАНС""",НИЖЕГОРОДСКАЯ,Малое предприятие,"603105, НИЖЕГОРОДСКАЯ, НИЖНИЙ НОВГОРОД, ГЕНКИНОЙ, 25 А, П52 КАБИНЕТ 23",915.354,77.704,286.509,8.488956185257289,56.3264816,44.0051395,"56.326482,44.00514",city_or_region
470,7703400936,"ООО ""АЙКОН ГРУПП""",МОСКВА,Малое предприятие,"121614, МОСКВА, КРЫЛАТСКАЯ, 33, 2, 2/1",732.143,77.669,92.853,10.608446710546984,55.770352,37.4077795,"55.770352,37.40778",address
471,5405442616,"ООО ПСК ""СПМ""",НОВОСИБИРСКАЯ,Среднее предприятие,"630024, НОВОСИБИРСКАЯ, Новосибирск, БЕТОННАЯ, 10",1505.341,77.438,85.563,5.144216493140092,54.9611133,82.9158366,"54.961113,82.915837",address
472,5261026323,"ООО ""АТОМСТРОЙ""",НИЖЕГОРОДСКАЯ,Малое предприятие,"603107, НИЖЕГОРОДСКАЯ, НИЖНИЙ НОВГОРОД, ЗАОВРАЖНАЯ, 6",2242.122,77.396,85.734,3.4519085045327595,56.2500172,43.9593351,"56.250017,43.959335",address
473,6658431487,"ООО ""УНИВЕРСАЛСЕРВИС-ЕК""",СВЕРДЛОВСКАЯ,Малое предприятие,"620028, СВЕРДЛОВСКАЯ, ЕКАТЕРИНБУРГ, КИРОВА, 28/43, КАБИНЕТ 303",274.237,77.354,,28.20698884541473,56.8382071,60.6007886,"56.838207,60.600789",city_or_region
474,5904996610,"ООО ""СТС""",ПЕРМСКИЙ,Среднее предприятие,"614077, ПЕРМСКИЙ, ПЕРМЬ, АРКАДИЯ ГАЙДАРА, 8Б, 603",289.408,77.266,,26.69794891640867,58.0018439,56.2958022,"58.001844,56.295802",address
475,7716687066,"ООО ""ГОРИЗОНТ""",МОСКВА,Малое предприятие,"105064, МОСКВА, НИЖНИЙ СУСАЛЬНЫЙ, 5, 19",1022.989,76.677,100.86,7.495388513463977,55.7593457,37.66597,"55.759346,37.66597",address
476,7723428577,"ООО ""ОРГРЭС""",МОСКОВСКАЯ,Малое предприятие,"143409, МОСКОВСКАЯ, КРАСНОГОРСК, УСПЕНСКАЯ, 4А, 2/215",151.142,76.577,,50.66559923780286,55.8288738,37.2975749,"55.828874,37.297575",address
477,5406616375,"ООО ""РЕМСТРОЙ""",НОВОСИБИРСКАЯ,Среднее предприятие,"630099, НОВОСИБИРСКАЯ, НОВОСИБИРСК, ЯДРИНЦЕВСКАЯ, 73К1",381.2,76.498,,20.067681007345225,55.0329458,82.9272605,"55.032946,82.92726",address
478,7017326290,"ООО ""СИБСПЕЦСТРОЙ""",ТОМСКАЯ,Малое предприятие,"634009, ТОМСКАЯ, ТОМСК, НИЖНЕ-ЛУГОВАЯ, 87/5, 8",540.871,76.476,95.806,14.139415868109031,56.5190701,84.9256107,"56.51907,84.925611",address
479,6312134360,"АО ""СЗ ""КОШЕЛЕВ - ПРОЕКТ САМАРА""",КАЛУЖСКАЯ,Малое предприятие,"248039, КАЛУЖСКАЯ, КАЛУГА, БРАТЬЕВ ЛУКАНИНЫХ, 23, 1",605.477,76.102,118.363,12.568933254277207,54.5021681,36.1753329,"54.502168,36.175333",address
480,6166094692,"ООО ""РЕГИОН""",РОСТОВСКАЯ,Малое предприятие,"344009, РОСТОВСКАЯ, РОСТОВ-НА-ДОНУ, ШОЛОХОВА, 270/3",180.561,76.044,81.763,42.1154069815741,47.2594108,39.8077285,"47.259411,39.807728",address
481,7709051600,"АО ""НИТИС""",МОСКВА,Малое предприятие,"115432, МОСКВА, ТРОФИМОВА, 1/17, 39/1",468.003,75.886,84.368,16.214853323589807,55.7036085,37.6618846,"55.703608,37.661885",address
482,7814544002,"ООО ""РЕМАРК""",САНКТ-ПЕТЕРБУРГ,Малое предприятие,"199155, САНКТ-ПЕТЕРБУРГ, УРАЛЬСКАЯ, 19, 10, 1-Н, КОМ. 43",437.686,75.756,,17.308298643319638,59.9606739,30.1586551,"59.960674,30.158655",city_or_region
483,7707635248,"ООО ""ВО ""ТВОРЧЕСКИЕ МАСТЕРСКИЕ""",МОСКВА,Малое предприятие,"127030, МОСКВА, НОВОСЛОБОДСКАЯ, 20",7.946,75.669,,952.2904606091115,55.7804125,37.5996357,"55.780412,37.599636",address
484,2801202330,"ООО ""СПЕЦИАЛИЗИРОВАННЫЙ ЗАСТРОЙЩИК ""СОДРУЖЕСТВО""",САНКТ-ПЕТЕРБУРГ,Малое предприятие,"194100, САНКТ-ПЕТЕРБУРГ, БОЛЬШОЙ САМПСОНИЕВСКИЙ, 77, 1, 68",207.333,75.493,99.408,36.41147333034297,59.9864807,30.3351961,"59.986481,30.335196",address
485,5029171030,"ООО ""МОНОЛИТ-ИНЖИНИРИНГ""",МОСКОВСКАЯ,Малое предприятие,"141006, МОСКОВСКАЯ, МЫТИЩИ, МЫТИЩИ, ОЛИМПИЙСКИЙ, 48, ОФИС 32",116.185,75.467,,64.95416792184876,55.9338994,37.7533522,"55.933899,37.753352",address
486,1655211533,"ООО ""АПЕКС""",ТАТАРСТАН,Среднее предприятие,"420111, ТАТАРСТАН, КАЗАНЬ, КАРЛА ФУКСА, 11/6, ОФИС 16",5934.378,75.299,130.075,1.268860864609568,55.7946485,49.1115022,"55.794648,49.111502",city_or_region
487,7716067312,"ООО ""СМК ""ЭСТЕРА""",МОСКВА,Малое предприятие,"129323, МОСКВА, СЕРЕБРЯКОВА, 11, 1, 1 ПОМ XXII",642.551,75.251,,11.711288286844157,55.8486098,37.6514526,"55.84861,37.651453",address
488,4202051862,"ООО ""МАСТЕР-СТРОЙ""",КЕМЕРОВСКАЯ ОБЛАСТЬ - КУЗБАСС,Малое предприятие,"652600, КЕМЕРОВСКАЯ ОБЛАСТЬ - КУЗБАСС, БЕЛОВО, ОКТЯБРЬСКАЯ, 15А, 26",530.143,75.234,99.575,14.191265375568479,54.438943,86.3011858,"54.438943,86.301186",city_or_region
489,3906084559,"ООО ""РЕКСТРОЙ""",КАЛИНИНГРАДСКАЯ,Малое предприятие,"236016, КАЛИНИНГРАДСКАЯ, КАЛИНИНГРАД, ГЕНЕРАЛ-МАЙОРА ЯНОВСКОГО, 7",83.591,75.201,70.535,89.96303429795074,54.7143475,20.5314526,"54.714348,20.531453",address
490,1435301012,"ООО ""ПК ""ДСА""",САХА (ЯКУТИЯ),Малое предприятие,"677008, САХА (ЯКУТИЯ), ЯКУТСК, КУСТУК, 93/4",367.343,75.059,85.719,20.432946864374713,62.0096805,129.6222472,"62.00968,129.622247",address
491,7838086810,"ООО ""СК-СТРОЙ""",САНКТ-ПЕТЕРБУРГ,Малое предприятие,"190000, САНКТ-ПЕТЕРБУРГ, ПИРОГОВА, 7, А, 4Н КОМ 37",591.147,74.943,,12.67755735882953,59.9606739,30.1586551,"59.960674,30.158655",city_or_region
492,2315169420,"ООО ""ПРОФСТРОЙ-МПК""",КРАСНОДАРСКИЙ,Среднее предприятие,"353900, КРАСНОДАРСКИЙ, НОВОРОССИЙСК, МИРА, 12",1275.744,74.902,100.965,5.871240625078386,44.7186987,37.7810561,"44.718699,37.781056",address
493,9710027483,"ООО ""СОЛЕТАНШ""",МОСКВА,Малое предприятие,"119048, МОСКВА, КОМСОМОЛЬСКИЙ, 42, 3",1688.074,74.796,120.453,4.430848410673939,55.7214997,37.57242,"55.7215,37.57242",address
494,3662242938,"ООО СК ""ЗАРЕЧЬЕ""",ВОРОНЕЖСКАЯ,Малое предприятие,"394088, ВОРОНЕЖСКАЯ, ВОРОНЕЖ, ПОБЕДЫ, 50Б, 53Б",988.322,74.702,114.858,7.558467786814418,51.7124081,39.1469553,"51.712408,39.146955",address
495,2508003742,"ООО ""ХСО""",ПРИМОРСКИЙ,Малое предприятие,"692918, ПРИМОРСКИЙ, НАХОДКА, ЭНТУЗИАСТОВ, 15",270.266,74.624,,27.611316258796887,42.8391685,132.8816216,"42.839168,132.881622",address
496,7203372134,"ООО ГК ""РЕГИОН 72""",ТЮМЕНСКАЯ,Малое предприятие,"625013, ТЮМЕНСКАЯ, ТЮМЕНЬ, 50 ЛЕТ ОКТЯБРЯ, 120, 417",746.186,74.409,99.619,9.97191048880574,57.1316234,65.6068404,"57.131623,65.60684",address
497,6671163653,"ООО ""КОДЕКС""",СВЕРДЛОВСКАЯ,Малое предприятие,"620091, СВЕРДЛОВСКАЯ, ЕКАТЕРИНБУРГ, БАБУШКИНА, 5А, 252",155.628,74.247,,47.70799599043874,56.8832691,60.6260344,"56.883269,60.626034",address
498,0263009652,"ООО ""МАСТЕР - А""",БАШКОРТОСТАН,Малое предприятие,"453854, БАШКОРТОСТАН, МЕЛЕУЗОВСКИЙ, МЕЛЕУЗ, ОКТЯБРЬСКАЯ, 8А, 10",286.901,73.846,,25.739192264927624,52.9616535,55.9344773,"52.961654,55.934477",address
499,6230039620,"ООО ""МАРМАКС ИНЖИНИРИНГ""",РЯЗАНСКАЯ,Малое предприятие,"390000, РЯЗАНСКАЯ, РЯЗАНЬ, ПРАВО-ЛЫБЕДСКАЯ, 27, Н101",225.207,73.31,,32.5522741300226,54.6276312,39.7437396,"54.627631,39.74374",address
500,7326043436,"ООО ""ПОВОЛЖСКИЙ СТРОИТЕЛЬНЫЙ ЦЕНТР""",УЛЬЯНОВСКАЯ,Малое предприятие,"432000, УЛЬЯНОВСКАЯ, УЛЬЯНОВСК, ГОНЧАРОВА, 21, 123",6.623,72.935,13.569,1101.238109617998,54.31498,48.4014234,"54.31498,48.401423",address
