{
"type": "FeatureCollection",
"name": "top_500_geopandas",
"crs": { "type": "name", "properties": { "name": "urn:ogc:def:crs:OGC:1.3:CRS84" } },
"features": [
{ "type": "Feature", "properties": { "inn": "5257145631", "short_name": "ООО \"СЗ \"АНДОР\"", "region": "НИЖЕГОРОДСКАЯ", "registry_category": "Малое предприятие", "address": "603093, НИЖЕГОРОДСКАЯ, НИЖНИЙ НОВГОРОД, ЯБЛОНЕВАЯ, 28, П, 102/4", "revenue": 12406715.0, "net_profit": 2989870.0, "ebit": 3721799.0, "latitude": 56.3129075, "longitude": 44.0573767 }, "geometry": { "type": "Point", "coordinates": [ 44.0573767, 56.3129075 ] } },
{ "type": "Feature", "properties": { "inn": "7813475980", "short_name": "ООО \"РСТИ НА ГЛУХАРСКОЙ (СПЕЦИАЛИЗИРОВАННЫЙ ЗАСТРОЙЩИК)\"", "region": "САНКТ-ПЕТЕРБУРГ", "registry_category": "Малое предприятие", "address": "197198, САНКТ-ПЕТЕРБУРГ, ДОБРОЛЮБОВА, 17, С, 12-Н", "revenue": 6524184.0, "net_profit": 2756518.0, "ebit": 3537587.0, "latitude": 59.9498504, "longitude": 30.2998434 }, "geometry": { "type": "Point", "coordinates": [ 30.2998434, 59.9498504 ] } },
{ "type": "Feature", "properties": { "inn": "9715426146", "short_name": "АО \"МР-ЦЕНТР\"", "region": "МОСКВА", "registry_category": "Малое предприятие", "address": "127015, МОСКВА, НОВОДМИТРОВСКАЯ, 2, 2, 12", "revenue": 3870268.0, "net_profit": 2429778.0, "ebit": 3089335.0, "latitude": 55.7984126, "longitude": 37.58712 }, "geometry": { "type": "Point", "coordinates": [ 37.58712, 55.7984126 ] } },
{ "type": "Feature", "properties": { "inn": "2308034775", "short_name": "ООО СИК \"ДЕВЕЛОПМЕНТ-ЮГ\"", "region": "КРАСНОДАРСКИЙ", "registry_category": "Малое предприятие", "address": "350072, КРАСНОДАРСКИЙ, КРАСНОДАР, ИМ. 40-ЛЕТИЯ ПОБЕДЫ, 33Г, 1151190", "revenue": 652367.0, "net_profit": 2334634.0, "ebit": 2133482.0, "latitude": 45.0553775, "longitude": 39.0066001 }, "geometry": { "type": "Point", "coordinates": [ 39.0066001, 45.0553775 ] } },
{ "type": "Feature", "properties": { "inn": "7806056530", "short_name": "ЗАО \"СК \"ТЕМП\"", "region": "САНКТ-ПЕТЕРБУРГ", "registry_category": "Среднее предприятие", "address": "193318, САНКТ-ПЕТЕРБУРГ, БАДАЕВА, 8, 3, 1-Н", "revenue": 5744991.0, "net_profit": 2145252.0, "ebit": 2859153.0, "latitude": 59.9171293, "longitude": 30.4467655 }, "geometry": { "type": "Point", "coordinates": [ 30.4467655, 59.9171293 ] } },
{ "type": "Feature", "properties": { "inn": "7725127342", "short_name": "ООО \"МЕДЖИКОМ\"", "region": "МОСКВА", "registry_category": "Малое предприятие", "address": "119119, МОСКВА, ЛЕНИНСКИЙ, 42, 2", "revenue": 4982618.0, "net_profit": 1953530.0, "ebit": 2556095.0, "latitude": 55.7036816, "longitude": 37.5664139 }, "geometry": { "type": "Point", "coordinates": [ 37.5664139, 55.7036816 ] } },
{ "type": "Feature", "properties": { "inn": "7704879013", "short_name": "ООО УК \"СТАР-ЮГ\"", "region": "МОСКВА", "registry_category": "Малое предприятие", "address": "119048, МОСКВА, 3-Я ФРУНЗЕНСКАЯ, 19", "revenue": null, "net_profit": 1730603.0, "ebit": 2307471.0, "latitude": 55.7231292, "longitude": 37.573759 }, "geometry": { "type": "Point", "coordinates": [ 37.573759, 55.7231292 ] } },
{ "type": "Feature", "properties": { "inn": "4703142302", "short_name": "ООО \"АРСЕНАЛ ГРУПП\"", "region": "САНКТ-ПЕТЕРБУРГ", "registry_category": "Малое предприятие", "address": "197376, САНКТ-ПЕТЕРБУРГ, ПЛЕСЕЦКАЯ, 2, 1, 48Н", "revenue": 3260590.0, "net_profit": 1692267.0, "ebit": 2243830.0, "latitude": 60.0301543, "longitude": 30.2049501 }, "geometry": { "type": "Point", "coordinates": [ 30.2049501, 60.0301543 ] } },
{ "type": "Feature", "properties": { "inn": "9710078784", "short_name": "ООО \"ДИСТРИКТ ДЕВЕЛОПМЕНТ - СПЕЦЗАСТРОЙЩИК\"", "region": "МОСКВА", "registry_category": "Среднее предприятие", "address": "125009, МОСКВА, ТВЕРСКАЯ, 6, 2, 2 ПОМ I КОМ 23", "revenue": null, "net_profit": 1579177.0, "ebit": 1549839.0, "latitude": 55.625578, "longitude": 37.6063916 }, "geometry": { "type": "Point", "coordinates": [ 37.6063916, 55.625578 ] } },
{ "type": "Feature", "properties": { "inn": "7723882491", "short_name": "ООО \"ГАРАНТСТРОЙ\"", "region": "МОСКВА", "registry_category": "Малое предприятие", "address": "121609, МОСКВА, ОСЕННЯЯ, 23, 114А/1/9", "revenue": 1524362.0, "net_profit": 1524659.0, "ebit": 1524659.0, "latitude": 55.7637017, "longitude": 37.4056429 }, "geometry": { "type": "Point", "coordinates": [ 37.4056429, 55.7637017 ] } },
{ "type": "Feature", "properties": { "inn": "6316270445", "short_name": "ООО \"ТСГ1\"", "region": "САМАРСКАЯ", "registry_category": "Малое предприятие", "address": "443080, САМАРСКАЯ, САМАРА, МОСКОВСКОЕ, 43, 1012", "revenue": 6930087.0, "net_profit": 1309865.0, "ebit": 1768805.0, "latitude": 53.2229813, "longitude": 50.191615 }, "geometry": { "type": "Point", "coordinates": [ 50.191615, 53.2229813 ] } },
{ "type": "Feature", "properties": { "inn": "9103000552", "short_name": "ООО \"СИНТЕЗИС ИНГ\"", "region": "КРЫМ", "registry_category": "Малое предприятие", "address": "298600, КРЫМ, ЯЛТА, САДОВАЯ, 31", "revenue": 6804736.0, "net_profit": 995717.0, "ebit": 1029327.0, "latitude": 44.4963666, "longitude": 34.1687447 }, "geometry": { "type": "Point", "coordinates": [ 34.1687447, 44.4963666 ] } },
{ "type": "Feature", "properties": { "inn": "1001155425", "short_name": "ООО \"СПЕЦИАЛИЗИРОВАННЫЙ ЗАСТРОЙЩИК \"СТРОЙИНВЕСТ КСМ\"", "region": "КАРЕЛИЯ", "registry_category": "Малое предприятие", "address": "185001, КАРЕЛИЯ, ПЕТРОЗАВОДСК, ПЕРВОМАЙСКИЙ, 9", "revenue": 1219683.0, "net_profit": 919186.0, "ebit": 1140637.0, "latitude": 61.7899921, "longitude": 34.3417075 }, "geometry": { "type": "Point", "coordinates": [ 34.3417075, 61.7899921 ] } },
{ "type": "Feature", "properties": { "inn": "2129003280", "short_name": "АО \"СЗ \"ИНКОСТ\"", "region": "ЧУВАШСКАЯ РЕСПУБЛИКА -", "registry_category": "Среднее предприятие", "address": "428022, ЧУВАШСКАЯ РЕСПУБЛИКА -, ЧЕБОКСАРЫ, МАРПОСАДСКОЕ, 38", "revenue": 1869802.0, "net_profit": 893277.0, "ebit": 848682.0, "latitude": 56.0984586, "longitude": 47.268959 }, "geometry": { "type": "Point", "coordinates": [ 47.268959, 56.0984586 ] } },
{ "type": "Feature", "properties": { "inn": "3250518136", "short_name": "ООО СЗ \"МЕГАПОЛИС-СТРОЙ\"", "region": "БРЯНСКАЯ", "registry_category": "Среднее предприятие", "address": "241037, БРЯНСКАЯ, БРЯНСКИЙ, ПУТЕВКА, ОКРУЖНАЯ, 22", "revenue": 1555283.0, "net_profit": 880942.0, "ebit": 1062727.0, "latitude": 53.2568022, "longitude": 34.3178661 }, "geometry": { "type": "Point", "coordinates": [ 34.3178661, 53.2568022 ] } },
{ "type": "Feature", "properties": { "inn": "7723906368", "short_name": "ООО \"ВИК\"", "region": "МОСКОВСКАЯ", "registry_category": "Малое предприятие", "address": "142000, МОСКОВСКАЯ, ДОМОДЕДОВО, КАШИРСКОЕ ШОССЕ, 17А, 9", "revenue": 9768765.0, "net_profit": 844748.0, "ebit": 1085063.0, "latitude": 55.4448879, "longitude": 37.7676565 }, "geometry": { "type": "Point", "coordinates": [ 37.7676565, 55.4448879 ] } },
{ "type": "Feature", "properties": { "inn": "6658217878", "short_name": "ООО \"ВОЗРОЖДЕНИЕ ЕКАТЕРИНБУРГА\"", "region": "СВЕРДЛОВСКАЯ", "registry_category": "Малое предприятие", "address": "620014, СВЕРДЛОВСКАЯ, ЕКАТЕРИНБУРГ, ХОХРЯКОВА, 48, ОФИС 254", "revenue": null, "net_profit": 833103.0, "ebit": 793811.0, "latitude": 56.8313477, "longitude": 60.5922601 }, "geometry": { "type": "Point", "coordinates": [ 60.5922601, 56.8313477 ] } },
{ "type": "Feature", "properties": { "inn": "2315120129", "short_name": "ООО \"НОВОКОМ\"", "region": "КРАСНОДАРСКИЙ", "registry_category": "Малое предприятие", "address": "353900, КРАСНОДАРСКИЙ, НОВОРОССИЙСК, СОВЕТОВ, 55, 4", "revenue": 3063356.0, "net_profit": 781700.0, "ebit": 1008229.0, "latitude": 44.7166865, "longitude": 37.7788984 }, "geometry": { "type": "Point", "coordinates": [ 37.7788984, 44.7166865 ] } },
{ "type": "Feature", "properties": { "inn": "1001010821", "short_name": "АО \"СПЕЦИАЛИЗИРОВАННЫЙ ЗАСТРОЙЩИК \"СК \"ВЕК\"", "region": "КАРЕЛИЯ", "registry_category": "Среднее предприятие", "address": "185001, КАРЕЛИЯ, ПЕТРОЗАВОДСК, ПЕРВОМАЙСКИЙ, 43", "revenue": 480345.0, "net_profit": 714171.0, "ebit": 18822.0, "latitude": 61.7899921, "longitude": 34.3417075 }, "geometry": { "type": "Point", "coordinates": [ 34.3417075, 61.7899921 ] } },
{ "type": "Feature", "properties": { "inn": "5027006369", "short_name": "\"ХСТФ ФОБОС\" ООО", "region": "МОСКОВСКАЯ", "registry_category": "Среднее предприятие", "address": "140090, МОСКОВСКАЯ, ЛЮБЕРЦЫ, ДЗЕРЖИНСКИЙ, УГРЕШСКАЯ, 30, 700", "revenue": 1287757.0, "net_profit": 704973.0, "ebit": 709323.0, "latitude": 55.6317148, "longitude": 37.8646181 }, "geometry": { "type": "Point", "coordinates": [ 37.8646181, 55.6317148 ] } },
{ "type": "Feature", "properties": { "inn": "7840438730", "short_name": "ООО \"ЛЕГЕНДА\"", "region": "САНКТ-ПЕТЕРБУРГ", "registry_category": "Среднее предприятие", "address": "196210, САНКТ-ПЕТЕРБУРГ, СТАРТОВАЯ, 8, А, 307 КАБ. 1", "revenue": 2574338.0, "net_profit": 676819.0, "ebit": 1790022.0, "latitude": 59.8074809, "longitude": 30.3144783 }, "geometry": { "type": "Point", "coordinates": [ 30.3144783, 59.8074809 ] } },
{ "type": "Feature", "properties": { "inn": "6950108726", "short_name": "ООО \"ЕСТ\"", "region": "ТВЕРСКАЯ", "registry_category": "Среднее предприятие", "address": "170100, ТВЕРСКАЯ, ТВЕРЬ, СВОБОДНЫЙ, 9, ОФИС 304", "revenue": 3325415.0, "net_profit": 672759.0, "ebit": 803997.0, "latitude": 56.8578166, "longitude": 35.9039605 }, "geometry": { "type": "Point", "coordinates": [ 35.9039605, 56.8578166 ] } },
{ "type": "Feature", "properties": { "inn": "1901096758", "short_name": "ООО \"СЗ \"УК ТРАНССТРОЙ\"", "region": "ХАКАСИЯ", "registry_category": "Малое предприятие", "address": "655016, ХАКАСИЯ, АБАКАН, ДРУЖБЫ НАРОДОВ, 43, 422Н", "revenue": 1032548.0, "net_profit": 672116.0, "ebit": 888392.0, "latitude": 53.744376, "longitude": 91.4152164 }, "geometry": { "type": "Point", "coordinates": [ 91.4152164, 53.744376 ] } },
{ "type": "Feature", "properties": { "inn": "6164029673", "short_name": "ООО \"РОСТОВ-ДЕВЕЛОПМЕНТ\"", "region": "ПЕРМСКИЙ", "registry_category": "Малое предприятие", "address": "614113, ПЕРМСКИЙ, ПЕРМЬ, САПФИРНАЯ, 10, 02", "revenue": 632.0, "net_profit": 671021.0, "ebit": 669230.0, "latitude": 58.0116332, "longitude": 56.3301229 }, "geometry": { "type": "Point", "coordinates": [ 56.3301229, 58.0116332 ] } },
{ "type": "Feature", "properties": { "inn": "0276045224", "short_name": "ООО СП \"ИНИЦИАТИВА\" ОАО \"КПД\"", "region": "БАШКОРТОСТАН", "registry_category": "Малое предприятие", "address": "450098, БАШКОРТОСТАН, УФА, РОССИЙСКАЯ, 157/1, 19А", "revenue": 908384.0, "net_profit": 646975.0, "ebit": 666234.0, "latitude": 54.7723379, "longitude": 56.0360042 }, "geometry": { "type": "Point", "coordinates": [ 56.0360042, 54.7723379 ] } },
{ "type": "Feature", "properties": { "inn": "2543028394", "short_name": "АО \"РЕНЕССАНС АКТИВ\"", "region": "ПРИМОРСКИЙ", "registry_category": "Среднее предприятие", "address": "690042, ПРИМОРСКИЙ, ВЛАДИВОСТОК, АРХАНГЕЛЬСКАЯ, 10, 6, 3Н", "revenue": 37533.0, "net_profit": 605287.0, "ebit": 598627.0, "latitude": 43.0780059, "longitude": 131.9512665 }, "geometry": { "type": "Point", "coordinates": [ 131.9512665, 43.0780059 ] } },
{ "type": "Feature", "properties": { "inn": "4345276039", "short_name": "ООО СПЕЦИАЛИЗИРОВАННЫЙ ЗАСТРОЙЩИК \"СТРОЙСОЮЗ\"", "region": "КИРОВСКАЯ", "registry_category": "Малое предприятие", "address": "610002, КИРОВСКАЯ, КИРОВ, СВОБОДЫ, 110, 1004", "revenue": 1198810.0, "net_profit": 598210.0, "ebit": 844757.0, "latitude": 58.5926784, "longitude": 49.6768578 }, "geometry": { "type": "Point", "coordinates": [ 49.6768578, 58.5926784 ] } },
{ "type": "Feature", "properties": { "inn": "1655476201", "short_name": "ООО СК \"ЭЛЛАДА\"", "region": "ТАТАРСТАН", "registry_category": "Малое предприятие", "address": "420108, ТАТАРСТАН, КАЗАНЬ, МАЗИТА ГАФУРИ, 50, 1", "revenue": 8938370.0, "net_profit": 584041.0, "ebit": 776141.0, "latitude": 55.7670129, "longitude": 49.1023552 }, "geometry": { "type": "Point", "coordinates": [ 49.1023552, 55.7670129 ] } },
{ "type": "Feature", "properties": { "inn": "7841444504", "short_name": "ООО \"СК ЭНЕРГОТЕХСТРОЙ\"", "region": "САНКТ-ПЕТЕРБУРГ", "registry_category": "Среднее предприятие", "address": "195277, САНКТ-ПЕТЕРБУРГ, КОМИССАРА СМИРНОВА, 15, А, 264, ОФИС 357", "revenue": 3874449.0, "net_profit": 579607.0, "ebit": 696222.0, "latitude": 59.9606739, "longitude": 30.1586551 }, "geometry": { "type": "Point", "coordinates": [ 30.1586551, 59.9606739 ] } },
{ "type": "Feature", "properties": { "inn": "7712103721", "short_name": "АО \"ТЕПЛОИНДУСТРИЯ\"", "region": "МОСКВА", "registry_category": "Малое предприятие", "address": "107061, МОСКВА, ХРОМОВА, 20", "revenue": 6079192.0, "net_profit": 561157.0, "ebit": 628324.0, "latitude": 55.7996763, "longitude": 37.7163611 }, "geometry": { "type": "Point", "coordinates": [ 37.7163611, 55.7996763 ] } },
{ "type": "Feature", "properties": { "inn": "7813294991", "short_name": "ООО \"ЕВРОИНВЕСТ ДЕВЕЛОПМЕНТ\"", "region": "САНКТ-ПЕТЕРБУРГ", "registry_category": "Малое предприятие", "address": "191014, САНКТ-ПЕТЕРБУРГ, РЫЛЕЕВА, 11, А, 7-Н, 17-Н", "revenue": 56283.0, "net_profit": 561108.0, "ebit": 554637.0, "latitude": 59.9606739, "longitude": 30.1586551 }, "geometry": { "type": "Point", "coordinates": [ 30.1586551, 59.9606739 ] } },
{ "type": "Feature", "properties": { "inn": "7714299854", "short_name": "ООО \"МАТЕН\"", "region": "МОСКВА", "registry_category": "Среднее предприятие", "address": "123308, МОСКВА, МНЁВНИКИ, 3, 1, 1 ПОМ II КОМ 1-5,10,11", "revenue": 1730120.0, "net_profit": 524654.0, "ebit": 722757.0, "latitude": 55.625578, "longitude": 37.6063916 }, "geometry": { "type": "Point", "coordinates": [ 37.6063916, 55.625578 ] } },
{ "type": "Feature", "properties": { "inn": "7840100451", "short_name": "ООО \"СИТИ\"", "region": "САНКТ-ПЕТЕРБУРГ", "registry_category": "Малое предприятие", "address": "191036, САНКТ-ПЕТЕРБУРГ, ЛИГОВСКИЙ, 43-45, Б, 6Н,13", "revenue": 3049487.0, "net_profit": 519906.0, "ebit": 662707.0, "latitude": 59.9606739, "longitude": 30.1586551 }, "geometry": { "type": "Point", "coordinates": [ 30.1586551, 59.9606739 ] } },
{ "type": "Feature", "properties": { "inn": "5638065294", "short_name": "ООО \"СПЕЦИАЛИЗИРОВАННЫЙ ЗАСТРОЙЩИК \"ЖИЛСТРОЙИНВЕСТ\"", "region": "ОРЕНБУРГСКАЯ", "registry_category": "Малое предприятие", "address": "460525, ОРЕНБУРГСКАЯ, ОРЕНБУРГСКИЙ, БЛАГОСЛОВЕНКА, КООПЕРАТИВНАЯ, 43", "revenue": 508757.0, "net_profit": 519211.0, "ebit": 144626.0, "latitude": 51.7144111, "longitude": 55.3198137 }, "geometry": { "type": "Point", "coordinates": [ 55.3198137, 51.7144111 ] } },
{ "type": "Feature", "properties": { "inn": "6316203463", "short_name": "ООО \"СЗ \"КОМПАНИЯ ВЛАДИМИР\"", "region": "САМАРСКАЯ", "registry_category": "Малое предприятие", "address": "443086, САМАРСКАЯ, САМАРА, РЕВОЛЮЦИОННАЯ, 77", "revenue": 105608.0, "net_profit": 516174.0, "ebit": 658269.0, "latitude": 53.213809, "longitude": 50.167023 }, "geometry": { "type": "Point", "coordinates": [ 50.167023, 53.213809 ] } },
{ "type": "Feature", "properties": { "inn": "1639056866", "short_name": "ООО \"ПСК КАМА\"", "region": "ТАТАРСТАН", "registry_category": "Малое предприятие", "address": "423877, ТАТАРСТАН, ТУКАЕВСКИЙ, МАГИСТРАЛЬНАЯ, 1", "revenue": 3696606.0, "net_profit": 513641.0, "ebit": 639746.0, "latitude": 55.6717027, "longitude": 52.1319504 }, "geometry": { "type": "Point", "coordinates": [ 52.1319504, 55.6717027 ] } },
{ "type": "Feature", "properties": { "inn": "7203455253", "short_name": "ООО \"СПЕЦИАЛИЗИРОВАННЫЙ ЗАСТРОЙЩИК \"ГК АТЛАНТ\"", "region": "ТЮМЕНСКАЯ", "registry_category": "Малое предприятие", "address": "625051, ТЮМЕНСКАЯ, ТЮМЕНЬ, ПЕРМЯКОВА, 57, 6", "revenue": 2211556.0, "net_profit": 513015.0, "ebit": 646009.0, "latitude": 57.1164109, "longitude": 65.5772105 }, "geometry": { "type": "Point", "coordinates": [ 65.5772105, 57.1164109 ] } },
{ "type": "Feature", "properties": { "inn": "7202151894", "short_name": "ООО \"СТРОЙ КАПИТАЛ\"", "region": "ТЮМЕНСКАЯ", "registry_category": "Среднее предприятие", "address": "625031, ТЮМЕНСКАЯ, Тюмень, ДРУЖБЫ, 73, 4, 2", "revenue": 4008196.0, "net_profit": 498393.0, "ebit": 648616.0, "latitude": 57.1838353, "longitude": 65.5632067 }, "geometry": { "type": "Point", "coordinates": [ 65.5632067, 57.1838353 ] } },
{ "type": "Feature", "properties": { "inn": "6658399875", "short_name": "ООО \"ПГС\"", "region": "СВЕРДЛОВСКАЯ", "registry_category": "Среднее предприятие", "address": "620149, СВЕРДЛОВСКАЯ, ЕКАТЕРИНБУРГ, НАЧДИВА ОНУФРИЕВА, 10, 5", "revenue": 7478173.0, "net_profit": 483494.0, "ebit": 606575.0, "latitude": 56.8038236, "longitude": 60.5476021 }, "geometry": { "type": "Point", "coordinates": [ 60.5476021, 56.8038236 ] } },
{ "type": "Feature", "properties": { "inn": "5506004658", "short_name": "ООО \"ТОБОЛ\"", "region": "ОМСКАЯ", "registry_category": "Среднее предприятие", "address": "644027, ОМСКАЯ, ОМСК, 1-Я ИНДУСТРИАЛЬНАЯ, 7", "revenue": 2812609.0, "net_profit": 479229.0, "ebit": 638972.0, "latitude": 54.965483, "longitude": 73.4457595 }, "geometry": { "type": "Point", "coordinates": [ 73.4457595, 54.965483 ] } },
{ "type": "Feature", "properties": { "inn": "4028051443", "short_name": "ООО \"СПЕЦИАЛИЗИРОВАННЫЙ ЗАСТРОЙЩИК \"КАЛУГА-ЛИДЕР\"", "region": "КАЛУЖСКАЯ", "registry_category": "Малое предприятие", "address": "248021, КАЛУЖСКАЯ, КАЛУГА, БИЛИБИНА, 6, 4, КОМНАТА 20", "revenue": 677629.0, "net_profit": 468569.0, "ebit": 715567.0, "latitude": 54.5101087, "longitude": 36.2598115 }, "geometry": { "type": "Point", "coordinates": [ 36.2598115, 54.5101087 ] } },
{ "type": "Feature", "properties": { "inn": "6623099687", "short_name": "ООО ГК \"УРАЛСТРОЙКОМПЛЕКС\"", "region": "СВЕРДЛОВСКАЯ", "registry_category": "Малое предприятие", "address": "622013, СВЕРДЛОВСКАЯ, НИЖНИЙ ТАГИЛ, КУЛИБИНА, 62, 7", "revenue": 5869538.0, "net_profit": 453372.0, "ebit": 664829.0, "latitude": 57.901006, "longitude": 60.0011136 }, "geometry": { "type": "Point", "coordinates": [ 60.0011136, 57.901006 ] } },
{ "type": "Feature", "properties": { "inn": "5404523005", "short_name": "ООО \"ИНВЕСТТЭК\"", "region": "НОВОСИБИРСКАЯ", "registry_category": "Малое предприятие", "address": "630054, НОВОСИБИРСКАЯ, НОВОСИБИРСК, ТИТОВА, 31/1", "revenue": 831391.0, "net_profit": 453199.0, "ebit": 603962.0, "latitude": 54.9810193, "longitude": 82.8685415 }, "geometry": { "type": "Point", "coordinates": [ 82.8685415, 54.9810193 ] } },
{ "type": "Feature", "properties": { "inn": "7830001934", "short_name": "ЗАО \"ТРЕСТ 101\"", "region": "САНКТ-ПЕТЕРБУРГ", "registry_category": "Среднее предприятие", "address": "195248, САНКТ-ПЕТЕРБУРГ, УМАНСКИЙ, 71, А, 159", "revenue": 3154804.0, "net_profit": 452183.0, "ebit": 611667.0, "latitude": 59.9643084, "longitude": 30.4519003 }, "geometry": { "type": "Point", "coordinates": [ 30.4519003, 59.9643084 ] } },
{ "type": "Feature", "properties": { "inn": "5410112902", "short_name": "ООО \"ЭНЕРГОМОНТАЖ\"", "region": "НОВОСИБИРСКАЯ", "registry_category": "Среднее предприятие", "address": "630061, НОВОСИБИРСКАЯ, НОВОСИБИРСК, ТЮЛЕНИНА, 26", "revenue": 295632.0, "net_profit": 451347.0, "ebit": 441299.0, "latitude": 55.1114067, "longitude": 82.9358687 }, "geometry": { "type": "Point", "coordinates": [ 82.9358687, 55.1114067 ] } },
{ "type": "Feature", "properties": { "inn": "1717008397", "short_name": "ООО \"СПЕЦИАЛИЗИРОВАННЫЙ ЗАСТРОЙЩИК \"ЭНЕРГОСТРОЙ\"", "region": "ТЫВА", "registry_category": "Малое предприятие", "address": "667004, ТЫВА, КЫЗЫЛ, КОЛХОЗНАЯ, 2А", "revenue": 1106872.0, "net_profit": 449371.0, "ebit": 598924.0, "latitude": 51.7094525, "longitude": 94.5160789 }, "geometry": { "type": "Point", "coordinates": [ 94.5160789, 51.7094525 ] } },
{ "type": "Feature", "properties": { "inn": "7736565404", "short_name": "АО \"МНЦЭС-КАПСТРОЙ\"", "region": "МОСКОВСКАЯ", "registry_category": "Малое предприятие", "address": "141280, МОСКОВСКАЯ, ПУШКИНО, ИВАНТЕЕВКА, ФАБРИЧНЫЙ, 1Д", "revenue": 928119.0, "net_profit": 432799.0, "ebit": 702793.0, "latitude": 55.98029, "longitude": 37.894329 }, "geometry": { "type": "Point", "coordinates": [ 37.894329, 55.98029 ] } },
{ "type": "Feature", "properties": { "inn": "3128001437", "short_name": "АО СЗ \"КМАПЖС\"", "region": "БЕЛГОРОДСКАЯ", "registry_category": "Среднее предприятие", "address": "309511, БЕЛГОРОДСКАЯ, СТАРЫЙ ОСКОЛ, ОЛИМПИЙСКИЙ, 62", "revenue": 1501372.0, "net_profit": 420505.0, "ebit": 174178.0, "latitude": 51.3068411, "longitude": 37.8905332 }, "geometry": { "type": "Point", "coordinates": [ 37.8905332, 51.3068411 ] } },
{ "type": "Feature", "properties": { "inn": "7733801886", "short_name": "ООО \"ИНВЕСТСТРОЙ\"", "region": "МОСКВА", "registry_category": "Малое предприятие", "address": "125362, МОСКВА, СВОБОДЫ, 31, 1, 2/3", "revenue": 2501615.0, "net_profit": 408945.0, "ebit": 516244.0, "latitude": 55.837695, "longitude": 37.4538245 }, "geometry": { "type": "Point", "coordinates": [ 37.4538245, 55.837695 ] } },
{ "type": "Feature", "properties": { "inn": "5256129066", "short_name": "ООО \"СЗ \"ТЕРМИНАЛ СК\"", "region": "НИЖЕГОРОДСКАЯ", "registry_category": "Малое предприятие", "address": "603004, НИЖЕГОРОДСКАЯ, НИЖНИЙ НОВГОРОД, ЛЕНИНА, 100Г, 203", "revenue": 143477.0, "net_profit": 398866.0, "ebit": 516599.0, "latitude": 56.2483672, "longitude": 43.8759203 }, "geometry": { "type": "Point", "coordinates": [ 43.8759203, 56.2483672 ] } },
{ "type": "Feature", "properties": { "inn": "5503113553", "short_name": "ООО СК \"АНА\"", "region": "КРАСНОДАРСКИЙ", "registry_category": "Среднее предприятие", "address": "354395, КРАСНОДАРСКИЙ, СОЧИ, ГАСТЕЛЛО, 23А, 46", "revenue": 2179073.0, "net_profit": 398086.0, "ebit": 460568.0, "latitude": 43.4564031, "longitude": 39.9173842 }, "geometry": { "type": "Point", "coordinates": [ 39.9173842, 43.4564031 ] } },
{ "type": "Feature", "properties": { "inn": "7716686312", "short_name": "ООО \"СТРОЙТЕХСТАНДАРТ\"", "region": "МОСКВА", "registry_category": "Малое предприятие", "address": "117587, МОСКВА, ВАРШАВСКОЕ, 125Д, 1, 307", "revenue": 1153433.0, "net_profit": 395468.0, "ebit": 525705.0, "latitude": 55.6223935, "longitude": 37.6228888 }, "geometry": { "type": "Point", "coordinates": [ 37.6228888, 55.6223935 ] } },
{ "type": "Feature", "properties": { "inn": "6671388294", "short_name": "ООО \"УТПК\"", "region": "СВЕРДЛОВСКАЯ", "registry_category": "Малое предприятие", "address": "620000, СВЕРДЛОВСКАЯ, ЕКАТЕРИНБУРГ, МАЛЫШЕВА, 51, 25 ПОМЕЩЕНИЕ 1", "revenue": 1201615.0, "net_profit": 393251.0, "ebit": 495704.0, "latitude": 56.8382071, "longitude": 60.6007886 }, "geometry": { "type": "Point", "coordinates": [ 60.6007886, 56.8382071 ] } },
{ "type": "Feature", "properties": { "inn": "2801130630", "short_name": "ООО \"АПИН\"", "region": "АМУРСКАЯ", "registry_category": "Малое предприятие", "address": "675001, АМУРСКАЯ, БЛАГОВЕЩЕНСК, ПИОНЕРСКАЯ, 66/1", "revenue": 1000490.0, "net_profit": 393088.0, "ebit": 522631.0, "latitude": 50.2649274, "longitude": 127.5326329 }, "geometry": { "type": "Point", "coordinates": [ 127.5326329, 50.2649274 ] } },
{ "type": "Feature", "properties": { "inn": "6673149728", "short_name": "ООО \"ДРУЖБА Н\"", "region": "ХАНТЫ-МАНСИЙСКИЙ АВТОНОМНЫЙ ОКРУГ - ЮГРА", "registry_category": "Малое предприятие", "address": "628242, ХАНТЫ-МАНСИЙСКИЙ АВТОНОМНЫЙ ОКРУГ - ЮГРА, СОВЕТСКИЙ, СОВЕТСКИЙ, 5-Й, 3", "revenue": 3077613.0, "net_profit": 392471.0, "ebit": 497466.0, "latitude": 61.3591713, "longitude": 63.5671271 }, "geometry": { "type": "Point", "coordinates": [ 63.5671271, 61.3591713 ] } },
{ "type": "Feature", "properties": { "inn": "2128007123", "short_name": "АО \"СЗ \"СТРОЙТРЕСТ №3\"", "region": "ЧУВАШСКАЯ РЕСПУБЛИКА -", "registry_category": "Среднее предприятие", "address": "428000, ЧУВАШСКАЯ РЕСПУБЛИКА -, ЧЕБОКСАРЫ, ЯРОСЛАВСКАЯ, 76, 312", "revenue": 2877066.0, "net_profit": 389007.0, "ebit": 468423.0, "latitude": 56.0984586, "longitude": 47.268959 }, "geometry": { "type": "Point", "coordinates": [ 47.268959, 56.0984586 ] } },
{ "type": "Feature", "properties": { "inn": "6670115960", "short_name": "ООО \"ВМП - ИНЖИНИРИНГ\"", "region": "СВЕРДЛОВСКАЯ", "registry_category": "Малое предприятие", "address": "620016, СВЕРДЛОВСКАЯ, ЕКАТЕРИНБУРГ, АМУНДСЕНА, 105, 8", "revenue": 3690940.0, "net_profit": 388733.0, "ebit": 525898.0, "latitude": 56.7707061, "longitude": 60.5433276 }, "geometry": { "type": "Point", "coordinates": [ 60.5433276, 56.7707061 ] } },
{ "type": "Feature", "properties": { "inn": "3123378447", "short_name": "ООО \"ЭРИОНСТРОЙГРУПП\"", "region": "БЕЛГОРОДСКАЯ", "registry_category": "Малое предприятие", "address": "308019, БЕЛГОРОДСКАЯ, БЕЛГОРОД, ГОРЬКОГО, 54Б, 1", "revenue": 2594176.0, "net_profit": 384609.0, "ebit": 517494.0, "latitude": 50.572641, "longitude": 36.5613325 }, "geometry": { "type": "Point", "coordinates": [ 36.5613325, 50.572641 ] } },
{ "type": "Feature", "properties": { "inn": "7204034836", "short_name": "ООО \"СПЕЦИАЛИЗИРОВАННЫЙ ЗАСТРОЙЩИК \"ТЮМЕНЬСТРОЙ\"", "region": "ТЮМЕНСКАЯ", "registry_category": "Малое предприятие", "address": "625501, ТЮМЕНСКАЯ, ТЮМЕНСКИЙ, МОСКОВСКИЙ, БУРЛАКИ, 23Б, 2", "revenue": 1462226.0, "net_profit": 383267.0, "ebit": 417490.0, "latitude": 57.103912, "longitude": 65.4301738 }, "geometry": { "type": "Point", "coordinates": [ 65.4301738, 57.103912 ] } },
{ "type": "Feature", "properties": { "inn": "7719694625", "short_name": "ООО \"КАСКАД\"", "region": "МОСКВА", "registry_category": "Малое предприятие", "address": "115230, МОСКВА, ВАРШАВСКОЕ, 42", "revenue": 3735717.0, "net_profit": 382747.0, "ebit": 468460.0, "latitude": 55.6760155, "longitude": 37.6249807 }, "geometry": { "type": "Point", "coordinates": [ 37.6249807, 55.6760155 ] } },
{ "type": "Feature", "properties": { "inn": "7713030755", "short_name": "ЗАО ПТФ \"КУЛОН\"", "region": "МОСКВА", "registry_category": "Малое предприятие", "address": "111402, МОСКВА, 8 МАРТА, 14", "revenue": 520134.0, "net_profit": 379570.0, "ebit": 524252.0, "latitude": 55.8061875, "longitude": 37.5499467 }, "geometry": { "type": "Point", "coordinates": [ 37.5499467, 55.8061875 ] } },
{ "type": "Feature", "properties": { "inn": "9201004259", "short_name": "ООО \"СЗ \"РИЧ-ПЛЮС\"", "region": "КРЫМ", "registry_category": "Малое предприятие", "address": "295000, КРЫМ, СИМФЕРОПОЛЬ, СУВОРОВСКИЙ, 5", "revenue": 1083734.0, "net_profit": 377998.0, "ebit": 484791.0, "latitude": 44.9596091, "longitude": 34.0903827 }, "geometry": { "type": "Point", "coordinates": [ 34.0903827, 44.9596091 ] } },
{ "type": "Feature", "properties": { "inn": "6514009098", "short_name": "ООО \"ЛИДЕР-СПЕЦИАЛИЗИРОВАННЫЙ ЗАСТРОЙЩИК\"", "region": "САХАЛИНСКАЯ", "registry_category": "Среднее предприятие", "address": "694350, САХАЛИНСКАЯ, СМИРНЫХОВСКИЙ, СМИРНЫХ, ПИРОГОВА, 4В", "revenue": 1033238.0, "net_profit": 370239.0, "ebit": 425890.0, "latitude": 49.7462544, "longitude": 142.830099 }, "geometry": { "type": "Point", "coordinates": [ 142.830099, 49.7462544 ] } },
{ "type": "Feature", "properties": { "inn": "7733263469", "short_name": "ООО \"ИНФО ТЕХ\"", "region": "МОСКВА", "registry_category": "Малое предприятие", "address": "115172, МОСКВА, КРАСНОХОЛМСКАЯ, 1/15, 1", "revenue": 7603829.0, "net_profit": 357231.0, "ebit": 480010.0, "latitude": 55.7362644, "longitude": 37.6511952 }, "geometry": { "type": "Point", "coordinates": [ 37.6511952, 55.7362644 ] } },
{ "type": "Feature", "properties": { "inn": "5040155680", "short_name": "ООО \"РСБ КОНСТРАКШН\"", "region": "МОСКОВСКАЯ", "registry_category": "Малое предприятие", "address": "140104, МОСКОВСКАЯ, РАМЕНСКОЕ, ВЫСОКОВОЛЬТНАЯ, 21, 4", "revenue": 2226293.0, "net_profit": 356734.0, "ebit": 471286.0, "latitude": 55.569055, "longitude": 38.1932416 }, "geometry": { "type": "Point", "coordinates": [ 38.1932416, 55.569055 ] } },
{ "type": "Feature", "properties": { "inn": "6506009908", "short_name": "ООО\"ТЕХНОДОР\"", "region": "САХАЛИНСКАЯ", "registry_category": "Малое предприятие", "address": "694496, САХАЛИНСКАЯ, ОХИНСКИЙ, ОХА, КРАСНОАРМЕЙСКАЯ, 28", "revenue": 713592.0, "net_profit": 355445.0, "ebit": 455470.0, "latitude": 53.5877208, "longitude": 142.9443614 }, "geometry": { "type": "Point", "coordinates": [ 142.9443614, 53.5877208 ] } },
{ "type": "Feature", "properties": { "inn": "7736573934", "short_name": "ООО \"ПО СК\"", "region": "МОСКОВСКАЯ", "registry_category": "Малое предприятие", "address": "142821, МОСКОВСКАЯ, СТУПИНО, ШМАТОВО, ИНДУСТРИАЛЬНАЯ, 4, 1, 1/2", "revenue": 846895.0, "net_profit": 351992.0, "ebit": 491496.0, "latitude": 55.0046809, "longitude": 38.0632374 }, "geometry": { "type": "Point", "coordinates": [ 38.0632374, 55.0046809 ] } },
{ "type": "Feature", "properties": { "inn": "8901016434", "short_name": "ООО \"ЯМАЛЖИЛСТРОЙ\"", "region": "ЯМАЛО-НЕНЕЦКИЙ", "registry_category": "Малое предприятие", "address": "629003, ЯМАЛО-НЕНЕЦКИЙ, САЛЕХАРД, АВИАЦИОННАЯ, 33, 1, -", "revenue": 1081318.0, "net_profit": 350763.0, "ebit": 407232.0, "latitude": 66.5970689, "longitude": 66.5758724 }, "geometry": { "type": "Point", "coordinates": [ 66.5758724, 66.5970689 ] } },
{ "type": "Feature", "properties": { "inn": "5321207013", "short_name": "ООО \"СЗ \"ПРОЕКТСТРОЙ\"", "region": "НОВГОРОДСКАЯ", "registry_category": "Малое предприятие", "address": "173003, НОВГОРОДСКАЯ, ВЕЛИКИЙ НОВГОРОД, БОЛЬШАЯ САНКТ-ПЕТЕРБУРГСКАЯ, 74, 302", "revenue": 768512.0, "net_profit": 330024.0, "ebit": 383179.0, "latitude": 58.5475403, "longitude": 31.2732 }, "geometry": { "type": "Point", "coordinates": [ 31.2732, 58.5475403 ] } },
{ "type": "Feature", "properties": { "inn": "5905026364", "short_name": "ООО ПСК\"СТРОЙУРАЛ\"", "region": "ПЕРМСКИЙ", "registry_category": "Малое предприятие", "address": "614065, ПЕРМСКИЙ, ПЕРМЬ, РАЗВЕДЧИКОВ, 38", "revenue": 1173587.0, "net_profit": 328889.0, "ebit": 423690.0, "latitude": 57.9597908, "longitude": 56.1587046 }, "geometry": { "type": "Point", "coordinates": [ 56.1587046, 57.9597908 ] } },
{ "type": "Feature", "properties": { "inn": "7710866012", "short_name": "ООО \"СМУ МОСКОВИЯ\"", "region": "МОСКВА", "registry_category": "Малое предприятие", "address": "111024, МОСКВА, 2-Я КАБЕЛЬНАЯ, 2, 4, 4, ПОМ. XXI, КОМН. 29", "revenue": 3225526.0, "net_profit": 328160.0, "ebit": 389683.0, "latitude": 55.625578, "longitude": 37.6063916 }, "geometry": { "type": "Point", "coordinates": [ 37.6063916, 55.625578 ] } },
{ "type": "Feature", "properties": { "inn": "7202204320", "short_name": "ООО \"МИР\"", "region": "НОВОСИБИРСКАЯ", "registry_category": "Малое предприятие", "address": "630124, НОВОСИБИРСКАЯ, НОВОСИБИРСК, ВОЛОЧАЕВСКАЯ, 64, 1, 389В", "revenue": 1154606.0, "net_profit": 327572.0, "ebit": 422954.0, "latitude": 55.0520224, "longitude": 82.9998989 }, "geometry": { "type": "Point", "coordinates": [ 82.9998989, 55.0520224 ] } },
{ "type": "Feature", "properties": { "inn": "7725760555", "short_name": "ООО \"СПЕЦИАЛИЗИРОВАННЫЙ ЗАСТРОЙЩИК \"ОБЪЕКТСТРОЙ\"", "region": "НИЖЕГОРОДСКАЯ", "registry_category": "Малое предприятие", "address": "603104, НИЖЕГОРОДСКАЯ, НИЖНИЙ НОВГОРОД, КРАСНОЗВЕЗДНАЯ, 39, 1, П3 КОМНАТА 3", "revenue": 1234491.0, "net_profit": 317740.0, "ebit": 407926.0, "latitude": 56.2835624, "longitude": 43.9867487 }, "geometry": { "type": "Point", "coordinates": [ 43.9867487, 56.2835624 ] } },
{ "type": "Feature", "properties": { "inn": "6317135375", "short_name": "ООО СЗ \"ШАРД 63\"", "region": "САМАРСКАЯ", "registry_category": "Малое предприятие", "address": "443099, САМАРСКАЯ, САМАРА, СТЕПАНА РАЗИНА, 94А, 17", "revenue": 584528.0, "net_profit": 314318.0, "ebit": 416373.0, "latitude": 53.18745, "longitude": 50.08601 }, "geometry": { "type": "Point", "coordinates": [ 50.08601, 53.18745 ] } },
{ "type": "Feature", "properties": { "inn": "7706442589", "short_name": "ООО \"ПРОМИНВЕСТСТРОЙ-У\"", "region": "МОСКВА", "registry_category": "Малое предприятие", "address": "117105, МОСКВА, 1-Й НАГАТИНСКИЙ, 6, 1, 111", "revenue": 258641.0, "net_profit": 313839.0, "ebit": 406115.0, "latitude": 55.6810025, "longitude": 37.632703 }, "geometry": { "type": "Point", "coordinates": [ 37.632703, 55.6810025 ] } },
{ "type": "Feature", "properties": { "inn": "7130031154", "short_name": "ООО\"СМК\"", "region": "ИВАНОВСКАЯ", "registry_category": "Среднее предприятие", "address": "153510, ИВАНОВСКАЯ, КОХМА, ОКТЯБРЬСКАЯ, 49А, 2/1", "revenue": 2478705.0, "net_profit": 311790.0, "ebit": 401089.0, "latitude": 56.9277355, "longitude": 41.1039869 }, "geometry": { "type": "Point", "coordinates": [ 41.1039869, 56.9277355 ] } },
{ "type": "Feature", "properties": { "inn": "2315993797", "short_name": "ООО \"ЭЛЬМА\"", "region": "КРАСНОДАРСКИЙ", "registry_category": "Малое предприятие", "address": "353960, КРАСНОДАРСКИЙ, НОВОРОССИЙСК, СПОРТИВНАЯ, 2В, 39", "revenue": 2094345.0, "net_profit": 311266.0, "ebit": 416575.0, "latitude": 44.7431625, "longitude": 37.7233984 }, "geometry": { "type": "Point", "coordinates": [ 37.7233984, 44.7431625 ] } },
{ "type": "Feature", "properties": { "inn": "7325124442", "short_name": "ООО \"СЗ РЕНТ-СЕРВИС\"", "region": "ВОЛГОГРАДСКАЯ", "registry_category": "Малое предприятие", "address": "400138, ВОЛГОГРАДСКАЯ, ВОЛГОГРАД, ИМ. СОЛНЕЧНИКОВА, 11, 1", "revenue": 6393067.0, "net_profit": 307729.0, "ebit": 446682.0, "latitude": 48.6626419, "longitude": 44.4134106 }, "geometry": { "type": "Point", "coordinates": [ 44.4134106, 48.6626419 ] } },
{ "type": "Feature", "properties": { "inn": "3123228160", "short_name": "ООО \"СЛАВЯНСТРОЙ\"", "region": "БЕЛГОРОДСКАЯ", "registry_category": "Среднее предприятие", "address": "308015, БЕЛГОРОДСКАЯ, БЕЛГОРОД, НАРОДНЫЙ, 111, 508", "revenue": 2168588.0, "net_profit": 302841.0, "ebit": 346483.0, "latitude": 50.6022137, "longitude": 36.5732166 }, "geometry": { "type": "Point", "coordinates": [ 36.5732166, 50.6022137 ] } },
{ "type": "Feature", "properties": { "inn": "7105523240", "short_name": "ООО \"ВНЕШСТРОЙЦЕНТР\"", "region": "ТУЛЬСКАЯ", "registry_category": "Малое предприятие", "address": "300001, ТУЛЬСКАЯ, ТУЛА, ДЕМИДОВСКАЯ ПЛОТИНА, 27", "revenue": 4537.0, "net_profit": 300337.0, "ebit": 391775.0, "latitude": 54.2018613, "longitude": 37.6309422 }, "geometry": { "type": "Point", "coordinates": [ 37.6309422, 54.2018613 ] } },
{ "type": "Feature", "properties": { "inn": "7721506798", "short_name": "ООО \"ЛАНДШАФТПРОЕКТ\"", "region": "МОСКВА", "registry_category": "Среднее предприятие", "address": "127006, МОСКВА, ВОРОТНИКОВСКИЙ, 8, 1, I К 10 ОФ 1 РМ 2/3", "revenue": 1668970.0, "net_profit": 297916.0, "ebit": 377820.0, "latitude": 55.625578, "longitude": 37.6063916 }, "geometry": { "type": "Point", "coordinates": [ 37.6063916, 55.625578 ] } },
{ "type": "Feature", "properties": { "inn": "5260363213", "short_name": "ООО \"ХАЙ-ТЕК БИЛДИНГ\"", "region": "НИЖЕГОРОДСКАЯ", "registry_category": "Малое предприятие", "address": "603163, НИЖЕГОРОДСКАЯ, НИЖНИЙ НОВГОРОД, КАЗАНСКОЕ, 2, 1, 143", "revenue": 2433636.0, "net_profit": 290816.0, "ebit": 382349.0, "latitude": 56.295611, "longitude": 44.081578 }, "geometry": { "type": "Point", "coordinates": [ 44.081578, 56.295611 ] } },
{ "type": "Feature", "properties": { "inn": "7801643052", "short_name": "ООО \"СК \"СЕГМЕНТА\"", "region": "САНКТ-ПЕТЕРБУРГ", "registry_category": "Среднее предприятие", "address": "197022, САНКТ-ПЕТЕРБУРГ, ПРОФЕССОРА ПОПОВА, 23, М, 16Н ОФИС 8", "revenue": 278306.0, "net_profit": 284436.0, "ebit": 209868.0, "latitude": 59.9606739, "longitude": 30.1586551 }, "geometry": { "type": "Point", "coordinates": [ 30.1586551, 59.9606739 ] } },
{ "type": "Feature", "properties": { "inn": "7838030937", "short_name": "ООО \"ГСМ\"", "region": "САНКТ-ПЕТЕРБУРГ", "registry_category": "Малое предприятие", "address": "195277, САНКТ-ПЕТЕРБУРГ, КОМИССАРА СМИРНОВА, 11, Д, 204 (3-Н ЗА № 7)", "revenue": 4125502.0, "net_profit": 283112.0, "ebit": 374176.0, "latitude": 59.9606739, "longitude": 30.1586551 }, "geometry": { "type": "Point", "coordinates": [ 30.1586551, 59.9606739 ] } },
{ "type": "Feature", "properties": { "inn": "7728838739", "short_name": "ООО \"ГАЗСТРОЙТЕХ\"", "region": "САНКТ-ПЕТЕРБУРГ", "registry_category": "Малое предприятие", "address": "194292, САНКТ-ПЕТЕРБУРГ, ДОМОСТРОИТЕЛЬНАЯ, 16, А, 13-Н", "revenue": 10222661.0, "net_profit": 282781.0, "ebit": 390167.0, "latitude": 59.9606739, "longitude": 30.1586551 }, "geometry": { "type": "Point", "coordinates": [ 30.1586551, 59.9606739 ] } },
{ "type": "Feature", "properties": { "inn": "5262316681", "short_name": "ООО СЗ \"СМ-СТРОЙ52\"", "region": "НИЖЕГОРОДСКАЯ", "registry_category": "Малое предприятие", "address": "603105, НИЖЕГОРОДСКАЯ, НИЖНИЙ НОВГОРОД, ГЕНКИНОЙ, 25 А, П52 КАБИНЕТ 19", "revenue": 1260821.0, "net_profit": 281770.0, "ebit": 434331.0, "latitude": 56.3264816, "longitude": 44.0051395 }, "geometry": { "type": "Point", "coordinates": [ 44.0051395, 56.3264816 ] } },
{ "type": "Feature", "properties": { "inn": "2204054375", "short_name": "ООО \"МАТЕРИАЛСТРОЙСЕРВИС\"", "region": "НОВОСИБИРСКАЯ", "registry_category": "Малое предприятие", "address": "630088, НОВОСИБИРСКАЯ, НОВОСИБИРСК, ПЕТУХОВА, 67/8, 3", "revenue": 833957.0, "net_profit": 280973.0, "ebit": 366459.0, "latitude": 54.945482, "longitude": 82.8853237 }, "geometry": { "type": "Point", "coordinates": [ 82.8853237, 54.945482 ] } },
{ "type": "Feature", "properties": { "inn": "7725715633", "short_name": "ООО  \"ОБЪЕДИНЕННЫЕ ИНВЕСТИЦИИ В НЕДВИЖИМОСТЬ\"", "region": "МОСКВА", "registry_category": "Малое предприятие", "address": "115093, МОСКВА, ПАВЛОВСКАЯ, 7, 3 ПОМ V КОМ 16", "revenue": 484487.0, "net_profit": 279541.0, "ebit": 551517.0, "latitude": 55.625578, "longitude": 37.6063916 }, "geometry": { "type": "Point", "coordinates": [ 37.6063916, 55.625578 ] } },
{ "type": "Feature", "properties": { "inn": "3907211633", "short_name": "ООО СЗ \"КПД СТРОЙ\"", "region": "КАЛИНИНГРАДСКАЯ", "registry_category": "Малое предприятие", "address": "236004, КАЛИНИНГРАДСКАЯ, КАЛИНИНГРАД, ДЮННАЯ, 18, 201", "revenue": 398555.0, "net_profit": 277810.0, "ebit": 275937.0, "latitude": 54.6861466, "longitude": 20.5174023 }, "geometry": { "type": "Point", "coordinates": [ 20.5174023, 54.6861466 ] } },
{ "type": "Feature", "properties": { "inn": "2312189274", "short_name": "ООО СЗ \"РОМЕКС ДЕВЕЛОПМЕНТ\"", "region": "АДЫГЕЯ", "registry_category": "Малое предприятие", "address": "385200, АДЫГЕЯ, ТЕУЧЕЖСКИЙ, КОЧКИН, ЛОГИСТИЧЕСКАЯ, 3, 1, 146", "revenue": 974996.0, "net_profit": 275288.0, "ebit": 360695.0, "latitude": 44.866088, "longitude": 39.1835494 }, "geometry": { "type": "Point", "coordinates": [ 39.1835494, 44.866088 ] } },
{ "type": "Feature", "properties": { "inn": "9701063446", "short_name": "ООО \"СТРОЙБУР\"", "region": "МОСКВА", "registry_category": "Малое предприятие", "address": "105082, МОСКВА, РУБЦОВСКАЯ, 3, 1, 14 ПОМ I КОМ 9", "revenue": 678231.0, "net_profit": 271833.0, "ebit": 362527.0, "latitude": 55.625578, "longitude": 37.6063916 }, "geometry": { "type": "Point", "coordinates": [ 37.6063916, 55.625578 ] } },
{ "type": "Feature", "properties": { "inn": "5611022790", "short_name": "ООО СЗ \"ИСК \"СТРОЙТЕХСЕРВИС\"", "region": "ОРЕНБУРГСКАЯ", "registry_category": "Среднее предприятие", "address": "460058, ОРЕНБУРГСКАЯ, ОРЕНБУРГ, УРАЛЬСКАЯ, 2Д, 1", "revenue": 596656.0, "net_profit": 271580.0, "ebit": 278776.0, "latitude": 51.7635205, "longitude": 55.1405118 }, "geometry": { "type": "Point", "coordinates": [ 55.1405118, 51.7635205 ] } },
{ "type": "Feature", "properties": { "inn": "2308114879", "short_name": "ООО \"АГРОСПЕЦМОНТАЖ\"", "region": "КРАСНОДАРСКИЙ", "registry_category": "Малое предприятие", "address": "350072, КРАСНОДАРСКИЙ, КРАСНОДАР, ИМ. 40-ЛЕТИЯ ПОБЕДЫ, 37, 1483", "revenue": 1443985.0, "net_profit": 271196.0, "ebit": 363668.0, "latitude": 45.0553775, "longitude": 39.0066001 }, "geometry": { "type": "Point", "coordinates": [ 39.0066001, 45.0553775 ] } },
{ "type": "Feature", "properties": { "inn": "1643012519", "short_name": "ООО \"ТЕХБУРСЕРВИС\"", "region": "ТАТАРСТАН", "registry_category": "Малое предприятие", "address": "423458, ТАТАРСТАН, АЛЬМЕТЬЕВСКИЙ, АЛЬМЕТЬЕВСК, ЦЕХОВАЯ, 1, 4/1", "revenue": 908097.0, "net_profit": 265518.0, "ebit": 277574.0, "latitude": 54.899497, "longitude": 52.3259679 }, "geometry": { "type": "Point", "coordinates": [ 52.3259679, 54.899497 ] } },
{ "type": "Feature", "properties": { "inn": "7203294567", "short_name": "ООО \"СКС\"", "region": "ЯМАЛО-НЕНЕЦКИЙ", "registry_category": "Малое предприятие", "address": "629309, ЯМАЛО-НЕНЕЦКИЙ, НОВЫЙ УРЕНГОЙ, СЕВЕРНАЯ КОММУНАЛЬНАЯ ЗОНА, 8, 1", "revenue": 359697.0, "net_profit": 265266.0, "ebit": 328391.0, "latitude": 66.1233076, "longitude": 76.6776241 }, "geometry": { "type": "Point", "coordinates": [ 76.6776241, 66.1233076 ] } },
{ "type": "Feature", "properties": { "inn": "4632203108", "short_name": "ООО СЗ \"КАСКАД+\"", "region": "КУРСКАЯ", "registry_category": "Малое предприятие", "address": "305045, КУРСКАЯ, КУРСК, ОБЪЕЗДНАЯ, 8", "revenue": 818027.0, "net_profit": 264936.0, "ebit": 314578.0, "latitude": 51.6582966, "longitude": 36.0675251 }, "geometry": { "type": "Point", "coordinates": [ 36.0675251, 51.6582966 ] } },
{ "type": "Feature", "properties": { "inn": "5904272159", "short_name": "ООО \"ГСТ\"", "region": "ПЕРМСКИЙ", "registry_category": "Малое предприятие", "address": "614025, ПЕРМСКИЙ, ПЕРМЬ, ПИХТОВАЯ, 43", "revenue": 1519366.0, "net_profit": 262011.0, "ebit": 309794.0, "latitude": 57.9750863, "longitude": 56.2870375 }, "geometry": { "type": "Point", "coordinates": [ 56.2870375, 57.9750863 ] } },
{ "type": "Feature", "properties": { "inn": "8905039369", "short_name": "ООО \"СПЕЦМОНТАЖСТРОЙ\"", "region": "ЯМАЛО-НЕНЕЦКИЙ", "registry_category": "Среднее предприятие", "address": "629805, ЯМАЛО-НЕНЕЦКИЙ, НОЯБРЬСК, 3", "revenue": 1476130.0, "net_profit": 258442.0, "ebit": 273712.0, "latitude": 63.1930939, "longitude": 75.4593595 }, "geometry": { "type": "Point", "coordinates": [ 75.4593595, 63.1930939 ] } },
{ "type": "Feature", "properties": { "inn": "6444006904", "short_name": "ООО \"СТРОИТЕЛЬНАЯ КОМПАНИЯ\"", "region": "САРАТОВСКАЯ", "registry_category": "Малое предприятие", "address": "412515, САРАТОВСКАЯ, Петровский, Вязьмино, ЦЕНТРАЛЬНАЯ, 15", "revenue": 562473.0, "net_profit": 258178.0, "ebit": 274481.0, "latitude": 52.2196156, "longitude": 45.4179204 }, "geometry": { "type": "Point", "coordinates": [ 45.4179204, 52.2196156 ] } },
{ "type": "Feature", "properties": { "inn": "8904054325", "short_name": "ООО ПКК\"ЛИГА-СЕРВИС 89\"", "region": "ЯМАЛО-НЕНЕЦКИЙ", "registry_category": "Малое предприятие", "address": "629300, ЯМАЛО-НЕНЕЦКИЙ, НОВЫЙ УРЕНГОЙ, ЛЕНИНГРАДСКИЙ, 12, А, 142", "revenue": 638267.0, "net_profit": 256146.0, "ebit": null, "latitude": 66.0833716, "longitude": 76.6884057 }, "geometry": { "type": "Point", "coordinates": [ 76.6884057, 66.0833716 ] } },
{ "type": "Feature", "properties": { "inn": "6314023257", "short_name": "ООО \"МСС\"", "region": "САМАРСКАЯ", "registry_category": "Малое предприятие", "address": "443010, САМАРСКАЯ, САМАРА, ЧАПАЕВСКАЯ, 142, ОФИС 1", "revenue": 1102301.0, "net_profit": 255953.0, "ebit": 334645.0, "latitude": 53.1909785, "longitude": 50.0962865 }, "geometry": { "type": "Point", "coordinates": [ 50.0962865, 53.1909785 ] } },
{ "type": "Feature", "properties": { "inn": "1655119785", "short_name": "ООО \"КАМАСТРОЙИНВЕСТ\"", "region": "ТАТАРСТАН", "registry_category": "Малое предприятие", "address": "420021, ТАТАРСТАН, КАЗАНЬ, КАЮМА НАСЫРИ, 3, 200", "revenue": 242203.0, "net_profit": 254892.0, "ebit": 222816.0, "latitude": 55.781246, "longitude": 49.1154651 }, "geometry": { "type": "Point", "coordinates": [ 49.1154651, 55.781246 ] } },
{ "type": "Feature", "properties": { "inn": "7733732294", "short_name": "ООО \"БИЭФ\"", "region": "МОСКВА", "registry_category": "Малое предприятие", "address": "115230, МОСКВА, ЭЛЕКТРОЛИТНЫЙ, 1, 3, 3 П Х К 9 О 1Б", "revenue": 3586982.0, "net_profit": 254577.0, "ebit": 389565.0, "latitude": 55.625578, "longitude": 37.6063916 }, "geometry": { "type": "Point", "coordinates": [ 37.6063916, 55.625578 ] } },
{ "type": "Feature", "properties": { "inn": "7816300957", "short_name": "АО СК \"КОМПАКТ\"", "region": "САНКТ-ПЕТЕРБУРГ", "registry_category": "Среднее предприятие", "address": "192102, САНКТ-ПЕТЕРБУРГ, ФУЧИКА, 4, Б, 4Н", "revenue": 5849564.0, "net_profit": 250410.0, "ebit": 260957.0, "latitude": 59.877503, "longitude": 30.3625459 }, "geometry": { "type": "Point", "coordinates": [ 30.3625459, 59.877503 ] } },
{ "type": "Feature", "properties": { "inn": "2632083929", "short_name": "ООО \"МКАД\"", "region": "ЧЕЧЕНСКАЯ", "registry_category": "Малое предприятие", "address": "366208, ЧЕЧЕНСКАЯ, ГУДЕРМЕССКИЙ, ГУДЕРМЕС, АХМАТ-ХАДЖИ КАДЫРОВА, 38, 13/1", "revenue": 2886055.0, "net_profit": 249714.0, "ebit": 333370.0, "latitude": 43.3530186, "longitude": 46.1049578 }, "geometry": { "type": "Point", "coordinates": [ 46.1049578, 43.3530186 ] } },
{ "type": "Feature", "properties": { "inn": "1435194970", "short_name": "ООО \"СЗ ВЫСОТА\"", "region": "САХА (ЯКУТИЯ)", "registry_category": "Малое предприятие", "address": "677008, САХА (ЯКУТИЯ), ЯКУТСК, ЛОНГИНОВА, 20", "revenue": 16665.0, "net_profit": 248597.0, "ebit": 353512.0, "latitude": 62.0265426, "longitude": 129.6813768 }, "geometry": { "type": "Point", "coordinates": [ 129.68137680000001, 62.0265426 ] } },
{ "type": "Feature", "properties": { "inn": "7727803780", "short_name": "ООО \"СК СИСТЕМА\"", "region": "МОСКОВСКАЯ", "registry_category": "Среднее предприятие", "address": "140070, МОСКОВСКАЯ, ЛЮБЕРЦЫ, ТОМИЛИНО, ГАРШИНА, 11, 11", "revenue": 4861148.0, "net_profit": 246932.0, "ebit": 371998.0, "latitude": 55.6643407, "longitude": 37.9637584 }, "geometry": { "type": "Point", "coordinates": [ 37.9637584, 55.6643407 ] } },
{ "type": "Feature", "properties": { "inn": "7723596596", "short_name": "ООО \"СТЭЛС-СК\"", "region": "МОСКВА", "registry_category": "Малое предприятие", "address": "105118, МОСКВА, ЭНТУЗИАСТОВ, 34, 23/3", "revenue": 1382769.0, "net_profit": 246783.0, "ebit": 330287.0, "latitude": 55.7558154, "longitude": 37.7274467 }, "geometry": { "type": "Point", "coordinates": [ 37.7274467, 55.7558154 ] } },
{ "type": "Feature", "properties": { "inn": "5903070946", "short_name": "ООО \"КОЛИБРИ\"", "region": "ПЕРМСКИЙ", "registry_category": "Малое предприятие", "address": "614500, ПЕРМСКИЙ, ПЕРМСКИЙ, ХМЕЛИ, КОСМОНАВТОВ, 320Б/11", "revenue": 1193162.0, "net_profit": 245163.0, "ebit": null, "latitude": 57.9510299, "longitude": 56.1012992 }, "geometry": { "type": "Point", "coordinates": [ 56.1012992, 57.9510299 ] } },
{ "type": "Feature", "properties": { "inn": "2312200175", "short_name": "ООО \"ИСК ФАВОРИТ\"", "region": "КРАСНОДАРСКИЙ", "registry_category": "Малое предприятие", "address": "350063, КРАСНОДАРСКИЙ, Краснодар, КОМСОМОЛЬСКАЯ, 15, 32", "revenue": 1336023.0, "net_profit": 244517.0, "ebit": 305384.0, "latitude": 45.0200129, "longitude": 38.9654371 }, "geometry": { "type": "Point", "coordinates": [ 38.9654371, 45.0200129 ] } },
{ "type": "Feature", "properties": { "inn": "6234132853", "short_name": "ООО \"СТРОЙКОМПЛЕКТСЕРВИС\"", "region": "РЯЗАНСКАЯ", "registry_category": "Среднее предприятие", "address": "390013, РЯЗАНСКАЯ, РЯЗАНЬ, ШОССЕЙНЫЙ, 3", "revenue": 4966128.0, "net_profit": 244243.0, "ebit": 350381.0, "latitude": 54.6301521, "longitude": 39.6985374 }, "geometry": { "type": "Point", "coordinates": [ 39.6985374, 54.6301521 ] } },
{ "type": "Feature", "properties": { "inn": "5404041266", "short_name": "ООО \"ФОРТУНА +\"", "region": "НОВОСИБИРСКАЯ", "registry_category": "Малое предприятие", "address": "630054, НОВОСИБИРСКАЯ, НОВОСИБИРСК, КОСТЫЧЕВА, 5, 1", "revenue": 684670.0, "net_profit": 243475.0, "ebit": 329573.0, "latitude": 54.9806334, "longitude": 82.8766326 }, "geometry": { "type": "Point", "coordinates": [ 82.8766326, 54.9806334 ] } },
{ "type": "Feature", "properties": { "inn": "7733661420", "short_name": "ООО \"СК КАСКАД\"", "region": "МОСКВА", "registry_category": "Малое предприятие", "address": "108814, МОСКВА, КОММУНАРКА, КОММУНАРКА, АЛЕКСАНДРЫ МОНАХОВОЙ, 30, 1, 516", "revenue": 2167544.0, "net_profit": 243361.0, "ebit": 263590.0, "latitude": 55.5690764, "longitude": 37.4781677 }, "geometry": { "type": "Point", "coordinates": [ 37.4781677, 55.5690764 ] } },
{ "type": "Feature", "properties": { "inn": "2464134287", "short_name": "ООО \"СТРОЙАКТИВ\"", "region": "КРАСНОЯРСКИЙ", "registry_category": "Малое предприятие", "address": "660012, КРАСНОЯРСКИЙ, КРАСНОЯРСК, КАРАМЗИНА, 28А, 302", "revenue": 242294.0, "net_profit": 242767.0, "ebit": 222500.0, "latitude": 55.9889922, "longitude": 92.8486963 }, "geometry": { "type": "Point", "coordinates": [ 92.8486963, 55.9889922 ] } },
{ "type": "Feature", "properties": { "inn": "7726761368", "short_name": "ООО \"МЕКОМ\"", "region": "МОСКВА", "registry_category": "Среднее предприятие", "address": "129347, МОСКВА, ЯРОСЛАВСКОЕ, 146, 2, 4", "revenue": 3721295.0, "net_profit": 241279.0, "ebit": 348587.0, "latitude": 55.8763653, "longitude": 37.7211525 }, "geometry": { "type": "Point", "coordinates": [ 37.7211525, 55.8763653 ] } },
{ "type": "Feature", "properties": { "inn": "6453091656", "short_name": "ООО СЗ \"ШЭЛДОМ\"", "region": "САРАТОВСКАЯ", "registry_category": "Малое предприятие", "address": "410040, САРАТОВСКАЯ, САРАТОВ, ДЕЛОВОЙ, 9, 1", "revenue": 358660.0, "net_profit": 240976.0, "ebit": 215322.0, "latitude": 51.5694608, "longitude": 45.9890755 }, "geometry": { "type": "Point", "coordinates": [ 45.9890755, 51.5694608 ] } },
{ "type": "Feature", "properties": { "inn": "7604248060", "short_name": "ООО \"ЯСУ\"", "region": "ЯРОСЛАВСКАЯ", "registry_category": "Малое предприятие", "address": "150001, ЯРОСЛАВСКАЯ, ЯРОСЛАВЛЬ, НАУМОВА, 67/2, 28", "revenue": 2082397.0, "net_profit": 240628.0, "ebit": 281615.0, "latitude": 57.607367, "longitude": 39.863989 }, "geometry": { "type": "Point", "coordinates": [ 39.863989, 57.607367 ] } },
{ "type": "Feature", "properties": { "inn": "7706424276", "short_name": "ООО \"АЭРОДОРСТРОЙ\"", "region": "МОСКВА", "registry_category": "Среднее предприятие", "address": "119180, МОСКВА, БОЛЬШАЯ ПОЛЯНКА, 51А/9, 8, ПОМ 1. К 1, ОФ 5", "revenue": 981664.0, "net_profit": 239188.0, "ebit": 274369.0, "latitude": 55.625578, "longitude": 37.6063916 }, "geometry": { "type": "Point", "coordinates": [ 37.6063916, 55.625578 ] } },
{ "type": "Feature", "properties": { "inn": "0522017341", "short_name": "ООО \"МЕГА -СТРОЙ-1\"", "region": "ДАГЕСТАН", "registry_category": "Малое предприятие", "address": "368546, ДАГЕСТАН, КАРАБУДАХКЕНТСКИЙ, ГУБДЕН, АБДУЛАЕВА РАСУЛА, 1А", "revenue": 241199.0, "net_profit": 238787.0, "ebit": null, "latitude": 42.5663645, "longitude": 47.5667008 }, "geometry": { "type": "Point", "coordinates": [ 47.5667008, 42.5663645 ] } },
{ "type": "Feature", "properties": { "inn": "6670459753", "short_name": "ООО \"ПЛУТОН\"", "region": "СВЕРДЛОВСКАЯ", "registry_category": "Среднее предприятие", "address": "620075, СВЕРДЛОВСКАЯ, ЕКАТЕРИНБУРГ, МАМИНА-СИБИРЯКА, 101, 1241", "revenue": 1876985.0, "net_profit": 238480.0, "ebit": 317212.0, "latitude": 56.8399461, "longitude": 60.6177845 }, "geometry": { "type": "Point", "coordinates": [ 60.6177845, 56.8399461 ] } },
{ "type": "Feature", "properties": { "inn": "6679157757", "short_name": "ООО \"ГП \"СТРОЙТЭК\"", "region": "СВЕРДЛОВСКАЯ", "registry_category": "Малое предприятие", "address": "620144, СВЕРДЛОВСКАЯ, Екатеринбург, СУРИКОВА, 53, 218", "revenue": 4251197.0, "net_profit": 237920.0, "ebit": 301395.0, "latitude": 56.8065044, "longitude": 60.6025621 }, "geometry": { "type": "Point", "coordinates": [ 60.6025621, 56.8065044 ] } },
{ "type": "Feature", "properties": { "inn": "7703543324", "short_name": "ООО \"КОМПАНИЯ Б.В.С.\"", "region": "МОСКВА", "registry_category": "Среднее предприятие", "address": "109428, МОСКВА, РЯЗАНСКИЙ, 10, 18, 11/8", "revenue": 7211011.0, "net_profit": 235221.0, "ebit": 313890.0, "latitude": 55.7250685, "longitude": 37.7600718 }, "geometry": { "type": "Point", "coordinates": [ 37.7600718, 55.7250685 ] } },
{ "type": "Feature", "properties": { "inn": "7453326003", "short_name": "ПАО \"АПРИ\"", "region": "ЧЕЛЯБИНСКАЯ", "registry_category": "Среднее предприятие", "address": "454091, ЧЕЛЯБИНСКАЯ, ЧЕЛЯБИНСК, КИРОВА, 159, 909", "revenue": 3058612.0, "net_profit": 231140.0, "ebit": 443327.0, "latitude": 55.1646238, "longitude": 61.4012168 }, "geometry": { "type": "Point", "coordinates": [ 61.4012168, 55.1646238 ] } },
{ "type": "Feature", "properties": { "inn": "3906205764", "short_name": "ЗАО \"ДСП\"", "region": "КАЛИНИНГРАДСКАЯ", "registry_category": "Среднее предприятие", "address": "236003, КАЛИНИНГРАДСКАЯ, КАЛИНИНГРАД, МОСКОВСКИЙ, 186, 2", "revenue": 1937270.0, "net_profit": 230096.0, "ebit": 198537.0, "latitude": 54.71753, "longitude": 20.5300284 }, "geometry": { "type": "Point", "coordinates": [ 20.5300284, 54.71753 ] } },
{ "type": "Feature", "properties": { "inn": "2502054250", "short_name": "ООО \"КМ ЛОГИСТИК\"", "region": "ПРИМОРСКИЙ", "registry_category": "Малое предприятие", "address": "692754, ПРИМОРСКИЙ, АРТЕМ, 2-Я РАБОЧАЯ, 162, 1", "revenue": 391702.0, "net_profit": 229421.0, "ebit": 272736.0, "latitude": 43.3464204, "longitude": 132.1053688 }, "geometry": { "type": "Point", "coordinates": [ 132.1053688, 43.3464204 ] } },
{ "type": "Feature", "properties": { "inn": "7709759231", "short_name": "ООО \"СР.ДЕВЕЛОПМЕНТ\"", "region": "МОСКВА", "registry_category": "Малое предприятие", "address": "105120, МОСКВА, НИЖНЯЯ СЫРОМЯТНИЧЕСКАЯ, 10, 2, I СЕДЬМОЙ ЭТАЖ", "revenue": 1352293.0, "net_profit": 226308.0, "ebit": 228988.0, "latitude": 55.625578, "longitude": 37.6063916 }, "geometry": { "type": "Point", "coordinates": [ 37.6063916, 55.625578 ] } },
{ "type": "Feature", "properties": { "inn": "6454004416", "short_name": "ЗАО \"ГЕОТЕХНИКА-С\"", "region": "САРАТОВСКАЯ", "registry_category": "Малое предприятие", "address": "410022, САРАТОВСКАЯ, САРАТОВ, 1-Й ЭНЕРГЕТИКОВ, 25", "revenue": 397393.0, "net_profit": 226072.0, "ebit": 204303.0, "latitude": 51.4639974, "longitude": 45.9185311 }, "geometry": { "type": "Point", "coordinates": [ 45.9185311, 51.4639974 ] } },
{ "type": "Feature", "properties": { "inn": "7805562238", "short_name": "ООО \"СК РАКУРС\"", "region": "САНКТ-ПЕТЕРБУРГ", "registry_category": "Малое предприятие", "address": "192236, САНКТ-ПЕТЕРБУРГ, БЕЛЫ КУНА, 30, А, 25Н", "revenue": 2495415.0, "net_profit": 226008.0, "ebit": 302159.0, "latitude": 59.9606739, "longitude": 30.1586551 }, "geometry": { "type": "Point", "coordinates": [ 30.1586551, 59.9606739 ] } },
{ "type": "Feature", "properties": { "inn": "7722387769", "short_name": "ООО \"МЕКОНСПРО\"", "region": "МОСКВА", "registry_category": "Малое предприятие", "address": "109518, МОСКВА, 1-Й ГРАЙВОРОНОВСКИЙ, 20, 36, 4 ОФИС 413", "revenue": 565820.0, "net_profit": 225948.0, "ebit": 199735.0, "latitude": 55.625578, "longitude": 37.6063916 }, "geometry": { "type": "Point", "coordinates": [ 37.6063916, 55.625578 ] } },
{ "type": "Feature", "properties": { "inn": "3123411969", "short_name": "ООО \"СЕНА\"", "region": "БЕЛГОРОДСКАЯ", "registry_category": "Малое предприятие", "address": "308036, БЕЛГОРОДСКАЯ, БЕЛГОРОД, ГУБКИНА, 48А, 57", "revenue": 1164551.0, "net_profit": 223303.0, "ebit": 260474.0, "latitude": 50.5728065, "longitude": 36.5480248 }, "geometry": { "type": "Point", "coordinates": [ 36.5480248, 50.5728065 ] } },
{ "type": "Feature", "properties": { "inn": "4501187413", "short_name": "ООО \"СТАЛЬСТРОЙМОНТАЖ\"", "region": "КУРГАНСКАЯ", "registry_category": "Среднее предприятие", "address": "640023, КУРГАНСКАЯ, КУРГАН, ЗАГОРОДНАЯ, 3, 117", "revenue": 1518457.0, "net_profit": 222783.0, "ebit": 297581.0, "latitude": 55.4885802, "longitude": 65.2127618 }, "geometry": { "type": "Point", "coordinates": [ 65.2127618, 55.4885802 ] } },
{ "type": "Feature", "properties": { "inn": "6318240140", "short_name": "ООО РСК \"АРМАДА\"", "region": "САМАРСКАЯ", "registry_category": "Малое предприятие", "address": "443070, САМАРСКАЯ, САМАРА, ВЕРХНЕ-КАРЬЕРНАЯ, 6, 28", "revenue": 973302.0, "net_profit": 222286.0, "ebit": null, "latitude": 53.1814717, "longitude": 50.1764074 }, "geometry": { "type": "Point", "coordinates": [ 50.1764074, 53.1814717 ] } },
{ "type": "Feature", "properties": { "inn": "2310101500", "short_name": "ООО \"ЮГСТРОЙСЕРВИС\"", "region": "КРАСНОДАРСКИЙ", "registry_category": "Малое предприятие", "address": "350020, КРАСНОДАРСКИЙ, Краснодар, КРАСНАЯ, 180А, 206", "revenue": 437434.0, "net_profit": 222058.0, "ebit": null, "latitude": 45.0229637, "longitude": 38.9691053 }, "geometry": { "type": "Point", "coordinates": [ 38.9691053, 45.0229637 ] } },
{ "type": "Feature", "properties": { "inn": "2129040518", "short_name": "ООО \"СЗ \"СМУ-58\"", "region": "ЧУВАШСКАЯ РЕСПУБЛИКА -", "registry_category": "Малое предприятие", "address": "428034, ЧУВАШСКАЯ РЕСПУБЛИКА -, ЧЕБОКСАРЫ, МОСКОВСКИЙ, 17, 1, 2", "revenue": 254856.0, "net_profit": 220961.0, "ebit": 206681.0, "latitude": 56.0984586, "longitude": 47.268959 }, "geometry": { "type": "Point", "coordinates": [ 47.268959, 56.0984586 ] } },
{ "type": "Feature", "properties": { "inn": "3662058103", "short_name": "ООО СПЕЦИАЛИЗИРОВАННЫЙ ЗАСТРОЙЩИК \"СТЭЛ-ИНВЕСТ\"", "region": "ВОРОНЕЖСКАЯ", "registry_category": "Малое предприятие", "address": "394077, ВОРОНЕЖСКАЯ, ВОРОНЕЖ, МОСКОВСКИЙ, 109А, 1", "revenue": 135511.0, "net_profit": 220797.0, "ebit": 276975.0, "latitude": 51.7122209, "longitude": 39.1791603 }, "geometry": { "type": "Point", "coordinates": [ 39.1791603, 51.7122209 ] } },
{ "type": "Feature", "properties": { "inn": "2524004983", "short_name": "ООО \"КАПСТРОЙ\"", "region": "ПРИМОРСКИЙ", "registry_category": "Среднее предприятие", "address": "692941, ПРИМОРСКИЙ, НАХОДКА, БАЗОВАЯ, 32, 1", "revenue": 1629908.0, "net_profit": 218168.0, "ebit": 260403.0, "latitude": 42.7547279, "longitude": 133.0873885 }, "geometry": { "type": "Point", "coordinates": [ 133.0873885, 42.7547279 ] } },
{ "type": "Feature", "properties": { "inn": "7701769950", "short_name": "ООО \"БРАНД\"", "region": "МОСКВА", "registry_category": "Малое предприятие", "address": "117556, МОСКВА, НАХИМОВСКИЙ, 1, 1, 1 ПОМ 2 КОМ 16", "revenue": 480429.0, "net_profit": 216480.0, "ebit": 226183.0, "latitude": 55.5855432, "longitude": 37.468632 }, "geometry": { "type": "Point", "coordinates": [ 37.468632, 55.5855432 ] } },
{ "type": "Feature", "properties": { "inn": "7720698889", "short_name": "ООО \"ЭКОТЭС\"", "region": "МОСКВА", "registry_category": "Малое предприятие", "address": "117587, МОСКВА, ВАРШАВСКОЕ, 118, 1, 1/5", "revenue": 1326505.0, "net_profit": 212596.0, "ebit": 293495.0, "latitude": 55.6315717, "longitude": 37.6180684 }, "geometry": { "type": "Point", "coordinates": [ 37.6180684, 55.6315717 ] } },
{ "type": "Feature", "properties": { "inn": "6382020906", "short_name": "ООО СЗ \"ЕДИНЕНИЕ\"", "region": "САМАРСКАЯ", "registry_category": "Малое предприятие", "address": "445039, САМАРСКАЯ, ТОЛЬЯТТИ, 40 ЛЕТ ПОБЕДЫ, 94В", "revenue": 796480.0, "net_profit": 210427.0, "ebit": 332297.0, "latitude": 53.5259127, "longitude": 49.326438 }, "geometry": { "type": "Point", "coordinates": [ 49.326438, 53.5259127 ] } },
{ "type": "Feature", "properties": { "inn": "0326514530", "short_name": "ООО СЗ \"СМИТИНВЕСТ\"", "region": "БУРЯТИЯ", "registry_category": "Малое предприятие", "address": "670034, БУРЯТИЯ, УЛАН-УДЭ, ХАХАЛОВА, 2А", "revenue": 109191.0, "net_profit": 209458.0, "ebit": 213796.0, "latitude": 51.8326028, "longitude": 107.5994331 }, "geometry": { "type": "Point", "coordinates": [ 107.5994331, 51.8326028 ] } },
{ "type": "Feature", "properties": { "inn": "6501067536", "short_name": "ООО \"СЗ \"РЫБОВОДСТРОЙ\"", "region": "САХАЛИНСКАЯ", "registry_category": "Среднее предприятие", "address": "693004, САХАЛИНСКАЯ, ЮЖНО-САХАЛИНСК, ЛЕНИНА, 384Б/1", "revenue": 2863928.0, "net_profit": 208684.0, "ebit": 305591.0, "latitude": 46.9309048, "longitude": 142.7319259 }, "geometry": { "type": "Point", "coordinates": [ 142.7319259, 46.9309048 ] } },
{ "type": "Feature", "properties": { "inn": "7723788971", "short_name": "ООО \"САВ-СТРОЙ\"", "region": "МОСКВА", "registry_category": "Малое предприятие", "address": "125167, МОСКВА, ЛЕНИНГРАДСКИЙ, 45, 2, I/3/ПОДВАЛ", "revenue": 1345008.0, "net_profit": 206288.0, "ebit": 250038.0, "latitude": 55.625578, "longitude": 37.6063916 }, "geometry": { "type": "Point", "coordinates": [ 37.6063916, 55.625578 ] } },
{ "type": "Feature", "properties": { "inn": "7714957479", "short_name": "ООО \"СТРОИТЕЛЬНЫЙ ТРЕСТ-12\"", "region": "МОСКОВСКАЯ", "registry_category": "Среднее предприятие", "address": "140184, МОСКОВСКАЯ, ЖУКОВСКИЙ, МИЧУРИНА, 9, 1", "revenue": 8523566.0, "net_profit": 204622.0, "ebit": 279665.0, "latitude": 55.6076459, "longitude": 38.1067554 }, "geometry": { "type": "Point", "coordinates": [ 38.1067554, 55.6076459 ] } },
{ "type": "Feature", "properties": { "inn": "9110022780", "short_name": "ООО \"РЕГИОНСТРОЙСНАБ\"", "region": "КРЫМ", "registry_category": "Малое предприятие", "address": "297420, КРЫМ, ЕВПАТОРИЯ, ИМ.9-ГО МАЯ, 114, 1", "revenue": 369128.0, "net_profit": 203871.0, "ebit": 201074.0, "latitude": 45.2068827, "longitude": 33.3402337 }, "geometry": { "type": "Point", "coordinates": [ 33.3402337, 45.2068827 ] } },
{ "type": "Feature", "properties": { "inn": "7702834017", "short_name": "ООО \"СПЕЦПРОМСТРОЙ\"", "region": "МОСКВА", "registry_category": "Малое предприятие", "address": "129110, МОСКВА, ГИЛЯРОВСКОГО, 57, 1", "revenue": 1237896.0, "net_profit": 203744.0, "ebit": 296902.0, "latitude": 55.7870657, "longitude": 37.6321247 }, "geometry": { "type": "Point", "coordinates": [ 37.6321247, 55.7870657 ] } },
{ "type": "Feature", "properties": { "inn": "2310140354", "short_name": "ООО СК \"ЕКАТЕРИНОДАР-СИТИ\"", "region": "КРАСНОДАРСКИЙ", "registry_category": "Малое предприятие", "address": "350072, КРАСНОДАРСКИЙ, КРАСНОДАР, ИМ. 40-ЛЕТИЯ ПОБЕДЫ, 33Г, 1151190", "revenue": null, "net_profit": 203391.0, "ebit": null, "latitude": 45.0553775, "longitude": 39.0066001 }, "geometry": { "type": "Point", "coordinates": [ 39.0066001, 45.0553775 ] } },
{ "type": "Feature", "properties": { "inn": "5638050428", "short_name": "ООО \"УИК\"", "region": "ОРЕНБУРГСКАЯ", "registry_category": "Среднее предприятие", "address": "460525, ОРЕНБУРГСКАЯ, ОРЕНБУРГСКИЙ, БЛАГОСЛОВЕНКА, КООПЕРАТИВНАЯ, 43", "revenue": 1766414.0, "net_profit": 203152.0, "ebit": 109197.0, "latitude": 51.7144111, "longitude": 55.3198137 }, "geometry": { "type": "Point", "coordinates": [ 55.3198137, 51.7144111 ] } },
{ "type": "Feature", "properties": { "inn": "3444259931", "short_name": "ООО \"АСЗ\"", "region": "ВОЛГОГРАДСКАЯ", "registry_category": "Малое предприятие", "address": "400005, ВОЛГОГРАДСКАЯ, ВОЛГОГРАД, СОВЕТСКАЯ, 28", "revenue": 1876247.0, "net_profit": 202114.0, "ebit": 205860.0, "latitude": 48.7146204, "longitude": 44.5313225 }, "geometry": { "type": "Point", "coordinates": [ 44.5313225, 48.7146204 ] } },
{ "type": "Feature", "properties": { "inn": "7810741105", "short_name": "ООО \"ПСК\"", "region": "САНКТ-ПЕТЕРБУРГ", "registry_category": "Среднее предприятие", "address": "196128, САНКТ-ПЕТЕРБУРГ, КУЗНЕЦОВСКАЯ, 21, А, 4-Н", "revenue": 1569335.0, "net_profit": 200903.0, "ebit": 223111.0, "latitude": 59.8718703, "longitude": 30.3032182 }, "geometry": { "type": "Point", "coordinates": [ 30.3032182, 59.8718703 ] } },
{ "type": "Feature", "properties": { "inn": "6234101950", "short_name": "ООО \"ДОЛСТРИМ\"", "region": "РЯЗАНСКАЯ", "registry_category": "Среднее предприятие", "address": "390047, РЯЗАНСКАЯ, РЯЗАНЬ, 27А", "revenue": 2783811.0, "net_profit": 200461.0, "ebit": 284345.0, "latitude": 54.5995019, "longitude": 39.7647303 }, "geometry": { "type": "Point", "coordinates": [ 39.7647303, 54.5995019 ] } },
{ "type": "Feature", "properties": { "inn": "7801421194", "short_name": "ООО \"СЕЛЕНА МОНТАЖ\"", "region": "САНКТ-ПЕТЕРБУРГ", "registry_category": "Среднее предприятие", "address": "199178, САНКТ-ПЕТЕРБУРГ, 18-Я В.О., 29, И, 1-Н Ч.КОМ. 399, КОМН. 401-410", "revenue": 3699058.0, "net_profit": 199638.0, "ebit": 265773.0, "latitude": 59.9606739, "longitude": 30.1586551 }, "geometry": { "type": "Point", "coordinates": [ 30.1586551, 59.9606739 ] } },
{ "type": "Feature", "properties": { "inn": "7327090005", "short_name": "ООО \"МОНОЛИТ\"", "region": "УЛЬЯНОВСКАЯ", "registry_category": "Среднее предприятие", "address": "432027, УЛЬЯНОВСКАЯ, УЛЬЯНОВСК, СИМБИРСКАЯ, 7/1, 1", "revenue": 2834036.0, "net_profit": 198988.0, "ebit": 265119.0, "latitude": 54.3425308, "longitude": 48.3870507 }, "geometry": { "type": "Point", "coordinates": [ 48.3870507, 54.3425308 ] } },
{ "type": "Feature", "properties": { "inn": "3906302060", "short_name": "ООО \"ОМЕГА\"", "region": "КАЛИНИНГРАДСКАЯ", "registry_category": "Малое предприятие", "address": "236039, КАЛИНИНГРАДСКАЯ, КАЛИНИНГРАД, ЭПРОНОВСКАЯ, 12, 3", "revenue": 279604.0, "net_profit": 197496.0, "ebit": 169783.0, "latitude": 54.7022567, "longitude": 20.5137193 }, "geometry": { "type": "Point", "coordinates": [ 20.5137193, 54.7022567 ] } },
{ "type": "Feature", "properties": { "inn": "7225005025", "short_name": "ООО \"ЛЕСНЫЕ ТЕХНОЛОГИИ\"", "region": "ТЮМЕНСКАЯ", "registry_category": "Среднее предприятие", "address": "625056, ТЮМЕНСКАЯ, Тюмень, ВОРОНИНСКИЕ ГОРКИ, 101Б, 4", "revenue": 1353815.0, "net_profit": 197478.0, "ebit": 247647.0, "latitude": 57.203642, "longitude": 65.4433592 }, "geometry": { "type": "Point", "coordinates": [ 65.4433592, 57.203642 ] } },
{ "type": "Feature", "properties": { "inn": "9705037905", "short_name": "ООО \"СМК\"", "region": "МОСКВА", "registry_category": "Малое предприятие", "address": "125480, МОСКВА, ГЕРОЕВ ПАНФИЛОВЦЕВ, 16, 1, 8/3П", "revenue": 2779891.0, "net_profit": 195156.0, "ebit": 204201.0, "latitude": 55.8587145, "longitude": 37.423835 }, "geometry": { "type": "Point", "coordinates": [ 37.423835, 55.8587145 ] } },
{ "type": "Feature", "properties": { "inn": "5614014188", "short_name": "ООО \"УЦМР\"", "region": "ОРЕНБУРГСКАЯ", "registry_category": "Среднее предприятие", "address": "462401, ОРЕНБУРГСКАЯ, ОРСК, СТРОИТЕЛЕЙ, 35А", "revenue": 1513712.0, "net_profit": 194171.0, "ebit": 223353.0, "latitude": 51.2282749, "longitude": 58.5276682 }, "geometry": { "type": "Point", "coordinates": [ 58.5276682, 51.2282749 ] } },
{ "type": "Feature", "properties": { "inn": "7447139573", "short_name": "ООО \"РГС ГРУПП\"", "region": "ЧЕЛЯБИНСКАЯ", "registry_category": "Малое предприятие", "address": "454080, ЧЕЛЯБИНСКАЯ, ЧЕЛЯБИНСК, ЛЕСОПАРКОВАЯ, 6, 1, 701", "revenue": 1442594.0, "net_profit": 193447.0, "ebit": 93765.0, "latitude": 55.1508423, "longitude": 61.3637925 }, "geometry": { "type": "Point", "coordinates": [ 61.3637925, 55.1508423 ] } },
{ "type": "Feature", "properties": { "inn": "8904070510", "short_name": "ООО СЗ \"АНТАРЕС\"", "region": "ЯМАЛО-НЕНЕЦКИЙ", "registry_category": "Малое предприятие", "address": "629305, ЯМАЛО-НЕНЕЦКИЙ, НОВЫЙ УРЕНГОЙ, АРКТИЧЕСКАЯ, 4, 1", "revenue": 140184.0, "net_profit": 192420.0, "ebit": 258061.0, "latitude": 66.0827223, "longitude": 76.6340088 }, "geometry": { "type": "Point", "coordinates": [ 76.6340088, 66.0827223 ] } },
{ "type": "Feature", "properties": { "inn": "7106047347", "short_name": "ООО \"СТРОЙЭТАЛОН ФИНАНС\"", "region": "ТУЛЬСКАЯ", "registry_category": "Малое предприятие", "address": "300001, ТУЛЬСКАЯ, ТУЛА, К.МАРКСА, 5, 107А", "revenue": 1133769.0, "net_profit": 192414.0, "ebit": 228341.0, "latitude": 54.1974604, "longitude": 37.6350741 }, "geometry": { "type": "Point", "coordinates": [ 37.6350741, 54.1974604 ] } },
{ "type": "Feature", "properties": { "inn": "5903110050", "short_name": "ООО \"ПГП-СТРОЙ\"", "region": "ПЕРМСКИЙ", "registry_category": "Малое предприятие", "address": "614039, ПЕРМСКИЙ, ПЕРМЬ, СИБИРСКАЯ, 47А, 302", "revenue": 1578540.0, "net_profit": 192320.0, "ebit": 226297.0, "latitude": 58.0056661, "longitude": 56.2527866 }, "geometry": { "type": "Point", "coordinates": [ 56.2527866, 58.0056661 ] } },
{ "type": "Feature", "properties": { "inn": "5404278931", "short_name": "ООО \"ПРОМСТРОЙ\"", "region": "НОВОСИБИРСКАЯ", "registry_category": "Малое предприятие", "address": "630091, НОВОСИБИРСКАЯ, НОВОСИБИРСК, СОВЕТСКАЯ, 64, 419", "revenue": 623492.0, "net_profit": 191962.0, "ebit": 256002.0, "latitude": 55.04888, "longitude": 82.912171 }, "geometry": { "type": "Point", "coordinates": [ 82.912171, 55.04888 ] } },
{ "type": "Feature", "properties": { "inn": "3706011835", "short_name": "ООО \"РЕЗЦОФФ\"", "region": "ИВАНОВСКАЯ", "registry_category": "Среднее предприятие", "address": "155908, ИВАНОВСКАЯ, ШУЙСКИЙ, ОСТАПОВО, ЗЕЛЕНАЯ, 79Ф", "revenue": 3403335.0, "net_profit": 191851.0, "ebit": 233362.0, "latitude": 56.826144, "longitude": 41.3951504 }, "geometry": { "type": "Point", "coordinates": [ 41.3951504, 56.826144 ] } },
{ "type": "Feature", "properties": { "inn": "2466257083", "short_name": "ООО \"СТРОЙМОНТАЖ\"", "region": "КРАСНОЯРСКИЙ", "registry_category": "Малое предприятие", "address": "660017, КРАСНОЯРСКИЙ, КРАСНОЯРСК, МИРА, 94, ОФИС 3-05", "revenue": 1446693.0, "net_profit": 189622.0, "ebit": 235358.0, "latitude": 56.0091173, "longitude": 92.872586 }, "geometry": { "type": "Point", "coordinates": [ 92.872586, 56.0091173 ] } },
{ "type": "Feature", "properties": { "inn": "2460001399", "short_name": "ООО \"АЛЬФА\"", "region": "КРАСНОЯРСКИЙ", "registry_category": "Среднее предприятие", "address": "660048, КРАСНОЯРСКИЙ, КРАСНОЯРСК, КАЛИНИНА, 8, 244", "revenue": 593450.0, "net_profit": 189041.0, "ebit": 215228.0, "latitude": 56.0344777, "longitude": 92.8216841 }, "geometry": { "type": "Point", "coordinates": [ 92.8216841, 56.0344777 ] } },
{ "type": "Feature", "properties": { "inn": "7718904767", "short_name": "ООО \"ТЕЛЕ-НОВА\"", "region": "МОСКВА", "registry_category": "Малое предприятие", "address": "107061, МОСКВА, ПРЕОБРАЖЕНСКАЯ, 8, 43", "revenue": 1453716.0, "net_profit": 188985.0, "ebit": 266846.0, "latitude": 55.7905511, "longitude": 37.7126986 }, "geometry": { "type": "Point", "coordinates": [ 37.7126986, 55.7905511 ] } },
{ "type": "Feature", "properties": { "inn": "6731028404", "short_name": "АО \"СМОЛСТРОМ-СЕРВИС\"", "region": "СМОЛЕНСКАЯ", "registry_category": "Среднее предприятие", "address": "214014, СМОЛЕНСКАЯ, СМОЛЕНСК, ЭНГЕЛЬСА, 23А", "revenue": 1026914.0, "net_profit": 188909.0, "ebit": 146174.0, "latitude": 54.78079, "longitude": 32.064613 }, "geometry": { "type": "Point", "coordinates": [ 32.064613, 54.78079 ] } },
{ "type": "Feature", "properties": { "inn": "7802148357", "short_name": "АО \"НЕВСКИЙ ПРОЕКТ\"", "region": "САНКТ-ПЕТЕРБУРГ", "registry_category": "Малое предприятие", "address": "198095, САНКТ-ПЕТЕРБУРГ, МИТРОФАНЬЕВСКОЕ, 5, 2 ЛИТ.Б", "revenue": 1275417.0, "net_profit": 186462.0, "ebit": 222041.0, "latitude": 59.8930884, "longitude": 30.3049182 }, "geometry": { "type": "Point", "coordinates": [ 30.3049182, 59.8930884 ] } },
{ "type": "Feature", "properties": { "inn": "9701069818", "short_name": "ООО \"БС-СТРОЙ\"", "region": "МОСКВА", "registry_category": "Малое предприятие", "address": "105066, МОСКВА, НИЖНЯЯ КРАСНОСЕЛЬСКАЯ, 35, 9, 3, КОМ 3", "revenue": 7825531.0, "net_profit": 186340.0, "ebit": 231369.0, "latitude": 55.7761664, "longitude": 37.6728229 }, "geometry": { "type": "Point", "coordinates": [ 37.6728229, 55.7761664 ] } },
{ "type": "Feature", "properties": { "inn": "5401345428", "short_name": "ООО СК \"ВИРА-СТРОЙ\"", "region": "НОВОСИБИРСКАЯ", "registry_category": "Малое предприятие", "address": "630004, НОВОСИБИРСКАЯ, НОВОСИБИРСК, ДИМИТРОВА, 4/1", "revenue": 134238.0, "net_profit": 185721.0, "ebit": 203084.0, "latitude": 55.0306642, "longitude": 82.909687 }, "geometry": { "type": "Point", "coordinates": [ 82.909687, 55.0306642 ] } },
{ "type": "Feature", "properties": { "inn": "7702536109", "short_name": "ООО \"СЕВ. Р. ДЕВЕЛОПМЕНТ\"", "region": "МОСКВА", "registry_category": "Среднее предприятие", "address": "105120, МОСКВА, НИЖНЯЯ СЫРОМЯТНИЧЕСКАЯ, 10, 2, I СЕДЬМОЙ ЭТАЖ", "revenue": 2268670.0, "net_profit": 185061.0, "ebit": 202481.0, "latitude": 55.625578, "longitude": 37.6063916 }, "geometry": { "type": "Point", "coordinates": [ 37.6063916, 55.625578 ] } },
{ "type": "Feature", "properties": { "inn": "6155043061", "short_name": "ООО \"СМК\"", "region": "РОСТОВСКАЯ", "registry_category": "Малое предприятие", "address": "344013, РОСТОВСКАЯ, РОСТОВ-НА-ДОНУ, 2-Й ПЕРЕУЛОК, 114 А, 74", "revenue": 414125.0, "net_profit": 183615.0, "ebit": 244820.0, "latitude": 47.238038, "longitude": 39.682258 }, "geometry": { "type": "Point", "coordinates": [ 39.682258, 47.238038 ] } },
{ "type": "Feature", "properties": { "inn": "7810384189", "short_name": "ООО \"ИНТЕРИОР ДЕКОР\"", "region": "ЛЕНИНГРАДСКАЯ", "registry_category": "Малое предприятие", "address": "188645, ЛЕНИНГРАДСКАЯ, ВСЕВОЛОЖСКИЙ, ВСЕВОЛОЖСК, КОЛТУШСКОЕ, 298, 4", "revenue": 879734.0, "net_profit": 182836.0, "ebit": null, "latitude": 60.0376605, "longitude": 30.6311564 }, "geometry": { "type": "Point", "coordinates": [ 30.6311564, 60.0376605 ] } },
{ "type": "Feature", "properties": { "inn": "5009007401", "short_name": "ЗАО \"МОСОБЛСТРОЙТРЕСТ №11\"", "region": "МОСКОВСКАЯ", "registry_category": "Среднее предприятие", "address": "142000, МОСКОВСКАЯ, ДОМОДЕДОВО, СТАНЦИОННАЯ, 2", "revenue": 839621.0, "net_profit": 178426.0, "ebit": -16146.0, "latitude": 55.4421907, "longitude": 37.7736078 }, "geometry": { "type": "Point", "coordinates": [ 37.7736078, 55.4421907 ] } },
{ "type": "Feature", "properties": { "inn": "6673210179", "short_name": "ООО \"ЭНЕРГОКОМПЛЕКС\"", "region": "СВЕРДЛОВСКАЯ", "registry_category": "Среднее предприятие", "address": "620026, СВЕРДЛОВСКАЯ, ЕКАТЕРИНБУРГ, ТВЕРИТИНА, 34, 8", "revenue": 2721223.0, "net_profit": 177752.0, "ebit": 222397.0, "latitude": 56.8238639, "longitude": 60.6251405 }, "geometry": { "type": "Point", "coordinates": [ 60.6251405, 56.8238639 ] } },
{ "type": "Feature", "properties": { "inn": "7826728460", "short_name": "ООО\"ГАЛАКСИ\"", "region": "МОСКВА", "registry_category": "Малое предприятие", "address": "107031, МОСКВА, РОЖДЕСТВЕНСКИЙ, 22/23, 1, 3", "revenue": 582842.0, "net_profit": 177459.0, "ebit": 338777.0, "latitude": 55.76623, "longitude": 37.6304638 }, "geometry": { "type": "Point", "coordinates": [ 37.6304638, 55.76623 ] } },
{ "type": "Feature", "properties": { "inn": "7702406981", "short_name": "ООО \"ТЭМП\"", "region": "МОСКВА", "registry_category": "Малое предприятие", "address": "123298, МОСКВА, НАРОДНОГО ОПОЛЧЕНИЯ, 40, 2, 2Н", "revenue": 959102.0, "net_profit": 176659.0, "ebit": 226072.0, "latitude": 55.7955096, "longitude": 37.5007116 }, "geometry": { "type": "Point", "coordinates": [ 37.5007116, 55.7955096 ] } },
{ "type": "Feature", "properties": { "inn": "5906148686", "short_name": "ООО \"ДИАЛ-СТРОЙ\"", "region": "ПЕРМСКИЙ", "registry_category": "Малое предприятие", "address": "614030, ПЕРМСКИЙ, ПЕРМЬ, ЯНАУЛЬСКАЯ, 18, 3", "revenue": 864122.0, "net_profit": 176465.0, "ebit": 188084.0, "latitude": 58.1013342, "longitude": 56.3060806 }, "geometry": { "type": "Point", "coordinates": [ 56.3060806, 58.1013342 ] } },
{ "type": "Feature", "properties": { "inn": "5509009608", "short_name": "ООО \"СК \"НОВОСТРОЙ\"", "region": "ОМСКАЯ", "registry_category": "Малое предприятие", "address": "644007, ОМСКАЯ, ОМСК, ТРЕТЬЯКОВСКАЯ, 69", "revenue": 327643.0, "net_profit": 175779.0, "ebit": 177425.0, "latitude": 54.997869, "longitude": 73.3709342 }, "geometry": { "type": "Point", "coordinates": [ 73.3709342, 54.997869 ] } },
{ "type": "Feature", "properties": { "inn": "2465012193", "short_name": "ООО СЗ ПСК \"ОМЕГА\"", "region": "КРАСНОЯРСКИЙ", "registry_category": "Малое предприятие", "address": "660062, КРАСНОЯРСКИЙ, КРАСНОЯРСК, ВЫСОТНАЯ, 2Ц, 148", "revenue": 1227015.0, "net_profit": 175486.0, "ebit": 240462.0, "latitude": 56.0234133, "longitude": 92.7843517 }, "geometry": { "type": "Point", "coordinates": [ 92.7843517, 56.0234133 ] } },
{ "type": "Feature", "properties": { "inn": "7825483746", "short_name": "ООО \"ЦЕНТР-ИНВЕСТ-СТРОЙ\"", "region": "САНКТ-ПЕТЕРБУРГ", "registry_category": "Малое предприятие", "address": "191024, САНКТ-ПЕТЕРБУРГ, НЕВСКИЙ, 117, ЛИТЕР Б, ПОМЕЩЕНИЕ 6-Н 7-Н", "revenue": 1131530.0, "net_profit": 175238.0, "ebit": 185541.0, "latitude": 59.9606739, "longitude": 30.1586551 }, "geometry": { "type": "Point", "coordinates": [ 30.1586551, 59.9606739 ] } },
{ "type": "Feature", "properties": { "inn": "7452113771", "short_name": "ООО \"ДОРСТРОЙСЕРВИС\"", "region": "ЧЕЛЯБИНСКАЯ", "registry_category": "Малое предприятие", "address": "454007, ЧЕЛЯБИНСКАЯ, ЧЕЛЯБИНСК, 40-ЛЕТИЯ ОКТЯБРЯ, 24, 6", "revenue": 213432.0, "net_profit": 174114.0, "ebit": 168861.0, "latitude": 55.1614257, "longitude": 61.4486164 }, "geometry": { "type": "Point", "coordinates": [ 61.4486164, 55.1614257 ] } },
{ "type": "Feature", "properties": { "inn": "6154141958", "short_name": "ООО СЗ \"МОНТАЖЖИЛСТРОЙ-Т\"", "region": "РОСТОВСКАЯ", "registry_category": "Малое предприятие", "address": "347904, РОСТОВСКАЯ, ТАГАНРОГ, ОКТЯБРЬСКАЯ, 38, Б, 7,8", "revenue": 290551.0, "net_profit": 173357.0, "ebit": 189559.0, "latitude": 47.2212613, "longitude": 38.9104834 }, "geometry": { "type": "Point", "coordinates": [ 38.9104834, 47.2212613 ] } },
{ "type": "Feature", "properties": { "inn": "6629003208", "short_name": "ООО \"КОРВЕТ\"", "region": "СВЕРДЛОВСКАЯ", "registry_category": "Среднее предприятие", "address": "624135, СВЕРДЛОВСКАЯ, НОВОУРАЛЬСК, СЕРОВА, 4", "revenue": 1344407.0, "net_profit": 172247.0, "ebit": 209483.0, "latitude": 57.2415041, "longitude": 60.0711309 }, "geometry": { "type": "Point", "coordinates": [ 60.0711309, 57.2415041 ] } },
{ "type": "Feature", "properties": { "inn": "7610107766", "short_name": "ООО \"ВПС\"", "region": "ЯРОСЛАВСКАЯ", "registry_category": "Среднее предприятие", "address": "152901, ЯРОСЛАВСКАЯ, РЫБИНСКИЙ, РЫБИНСК, КРАСНАЯ, 3", "revenue": 899965.0, "net_profit": 170059.0, "ebit": 230170.0, "latitude": 58.0546377, "longitude": 38.7896906 }, "geometry": { "type": "Point", "coordinates": [ 38.7896906, 58.0546377 ] } },
{ "type": "Feature", "properties": { "inn": "4909071905", "short_name": "ООО \"ТЕПЛОМОНТАЖ\"", "region": "МАГАДАНСКАЯ", "registry_category": "Малое предприятие", "address": "685007, МАГАДАНСКАЯ, МАГАДАН, ШАНДОРА ШИМИЧА, 3, 2, 1", "revenue": 559813.0, "net_profit": 168850.0, "ebit": null, "latitude": 59.5757004, "longitude": 150.8058489 }, "geometry": { "type": "Point", "coordinates": [ 150.8058489, 59.5757004 ] } },
{ "type": "Feature", "properties": { "inn": "3802013497", "short_name": "ООО \"СИБСТРОЙСЕРВИС\"", "region": "ИРКУТСКАЯ", "registry_category": "Малое предприятие", "address": "666904, ИРКУТСКАЯ, БОДАЙБО, МК-135, 65/1А", "revenue": 337902.0, "net_profit": 168792.0, "ebit": null, "latitude": 57.8499525, "longitude": 114.2039967 }, "geometry": { "type": "Point", "coordinates": [ 114.2039967, 57.8499525 ] } },
{ "type": "Feature", "properties": { "inn": "9204003550", "short_name": "ООО \"СЕВПРОЕКТМОНТАЖ\"", "region": "СЕВАСТОПОЛЬ", "registry_category": "Малое предприятие", "address": "299040, СЕВАСТОПОЛЬ, ГЕНЕРАЛА КОЛОМИЙЦА, 11-Б, 3", "revenue": 247041.0, "net_profit": 168256.0, "ebit": 193918.0, "latitude": 44.5707903, "longitude": 33.5328658 }, "geometry": { "type": "Point", "coordinates": [ 33.5328658, 44.5707903 ] } },
{ "type": "Feature", "properties": { "inn": "5256137268", "short_name": "ООО \"ГАСК-НН\"", "region": "НИЖЕГОРОДСКАЯ", "registry_category": "Малое предприятие", "address": "603123, НИЖЕГОРОДСКАЯ, НИЖНИЙ НОВГОРОД, ЮЖНЫЙ, 22А, УСЛ. №П1", "revenue": 39364.0, "net_profit": 167962.0, "ebit": 178652.0, "latitude": 56.3264816, "longitude": 44.0051395 }, "geometry": { "type": "Point", "coordinates": [ 44.0051395, 56.3264816 ] } },
{ "type": "Feature", "properties": { "inn": "7733357413", "short_name": "ООО \"ДИ ЭЛ ДЖИ КОНСТРАКШН\"", "region": "МОСКВА", "registry_category": "Малое предприятие", "address": "125424, МОСКВА, ВОЛОКОЛАМСКОЕ, 71, 4, 70К", "revenue": 1066389.0, "net_profit": 167350.0, "ebit": 225066.0, "latitude": 55.8168277, "longitude": 37.4310272 }, "geometry": { "type": "Point", "coordinates": [ 37.4310272, 55.8168277 ] } },
{ "type": "Feature", "properties": { "inn": "7813439894", "short_name": "ООО \"ПГС\"", "region": "САНКТ-ПЕТЕРБУРГ", "registry_category": "Малое предприятие", "address": "193168, САНКТ-ПЕТЕРБУРГ, ДЫБЕНКО, 16, Б, 5-Н", "revenue": 3155387.0, "net_profit": 165753.0, "ebit": 192509.0, "latitude": 59.9041755, "longitude": 30.4702196 }, "geometry": { "type": "Point", "coordinates": [ 30.4702196, 59.9041755 ] } },
{ "type": "Feature", "properties": { "inn": "8617013981", "short_name": "ООО \"СВС\"", "region": "ХАНТЫ-МАНСИЙСКИЙ АВТОНОМНЫЙ ОКРУГ - ЮГРА", "registry_category": "Малое предприятие", "address": "628426, ХАНТЫ-МАНСИЙСКИЙ АВТОНОМНЫЙ ОКРУГ - ЮГРА, СУРГУТ, КОМПЛЕКТОВОЧНАЯ, 7/1", "revenue": 1375358.0, "net_profit": 165551.0, "ebit": 157307.0, "latitude": 61.2685007, "longitude": 73.4522192 }, "geometry": { "type": "Point", "coordinates": [ 73.4522192, 61.2685007 ] } },
{ "type": "Feature", "properties": { "inn": "3250532719", "short_name": "ООО \"СЗ ГРАДОСТРОИТЕЛЬ\"", "region": "БРЯНСКАЯ", "registry_category": "Малое предприятие", "address": "241050, БРЯНСКАЯ, БРЯНСК, ДУКИ, 65, II ОФИС 3012", "revenue": 541748.0, "net_profit": 165374.0, "ebit": 199261.0, "latitude": 53.2423778, "longitude": 34.3668288 }, "geometry": { "type": "Point", "coordinates": [ 34.3668288, 53.2423778 ] } },
{ "type": "Feature", "properties": { "inn": "8901017773", "short_name": "ООО \"СТРОИТЕЛЬ\"", "region": "ЯМАЛО-НЕНЕЦКИЙ", "registry_category": "Малое предприятие", "address": "629003, ЯМАЛО-НЕНЕЦКИЙ, САЛЕХАРД, ОБЪЕЗДНАЯ, 36А", "revenue": 566174.0, "net_profit": 164214.0, "ebit": null, "latitude": 66.5511632, "longitude": 66.5951464 }, "geometry": { "type": "Point", "coordinates": [ 66.5951464, 66.5511632 ] } },
{ "type": "Feature", "properties": { "inn": "6629013848", "short_name": "ООО \"ГОСТСТРОЙ\"", "region": "СВЕРДЛОВСКАЯ", "registry_category": "Среднее предприятие", "address": "624131, СВЕРДЛОВСКАЯ, НОВОУРАЛЬСК, ПОХОДНАЯ, 3", "revenue": 589610.0, "net_profit": 163067.0, "ebit": 212865.0, "latitude": 57.272396, "longitude": 60.0690401 }, "geometry": { "type": "Point", "coordinates": [ 60.0690401, 57.272396 ] } },
{ "type": "Feature", "properties": { "inn": "7702628790", "short_name": "ООО \"РЕМЭКСПО ЛТ\"", "region": "МОСКОВСКАЯ", "registry_category": "Среднее предприятие", "address": "141112, МОСКОВСКАЯ, ЩЁЛКОВО, 9, 1", "revenue": 1773101.0, "net_profit": 162062.0, "ebit": 215378.0, "latitude": 55.9092391, "longitude": 37.9938153 }, "geometry": { "type": "Point", "coordinates": [ 37.9938153, 55.9092391 ] } },
{ "type": "Feature", "properties": { "inn": "9704143450", "short_name": "ООО \"КОЛДИ-КОНСТРАКШН\"", "region": "МОСКВА", "registry_category": "Малое предприятие", "address": "107031, МОСКВА, КУЗНЕЦКИЙ МОСТ, 13/9, 1", "revenue": 5653398.0, "net_profit": 160159.0, "ebit": 143172.0, "latitude": 55.7624162, "longitude": 37.6231052 }, "geometry": { "type": "Point", "coordinates": [ 37.6231052, 55.7624162 ] } },
{ "type": "Feature", "properties": { "inn": "7455024456", "short_name": "ООО \"ЭЛЕКТРОСТРОЙСЕРВИС\"", "region": "ЧЕЛЯБИНСКАЯ", "registry_category": "Малое предприятие", "address": "455034, ЧЕЛЯБИНСКАЯ, МАГНИТОГОРСК, 50-ЛЕТИЯ МАГНИТКИ, 59А, 3, 4", "revenue": 1588896.0, "net_profit": 160000.0, "ebit": 212755.0, "latitude": 53.3580588, "longitude": 58.9558362 }, "geometry": { "type": "Point", "coordinates": [ 58.9558362, 53.3580588 ] } },
{ "type": "Feature", "properties": { "inn": "7203441934", "short_name": "ООО \"СК СТРОЙМОНТАЖ\"", "region": "ТЮМЕНСКАЯ", "registry_category": "Малое предприятие", "address": "625048, ТЮМЕНСКАЯ, ТЮМЕНЬ, МАКСИМА ГОРЬКОГО, 76", "revenue": 335017.0, "net_profit": 159263.0, "ebit": 167226.0, "latitude": 57.1462729, "longitude": 65.5560563 }, "geometry": { "type": "Point", "coordinates": [ 65.5560563, 57.1462729 ] } },
{ "type": "Feature", "properties": { "inn": "4703179856", "short_name": "ООО \"СЗ \"ЕВРОИНВЕСТ МУРИНО\"", "region": "ЛЕНИНГРАДСКАЯ", "registry_category": "Малое предприятие", "address": "188677, ЛЕНИНГРАДСКАЯ, ВСЕВОЛОЖСКИЙ, МУРИНО, МЕНДЕЛЕЕВА, 8, 21-Н, РАБОЧЕЕ МЕСТО № 1", "revenue": 755240.0, "net_profit": 159189.0, "ebit": 178252.0, "latitude": 60.046193, "longitude": 30.4458901 }, "geometry": { "type": "Point", "coordinates": [ 30.4458901, 60.046193 ] } },
{ "type": "Feature", "properties": { "inn": "1645023259", "short_name": "ООО \"РУСНЕФТЕГАЗСТРОЙ \"", "region": "ТАТАРСТАН", "registry_category": "Малое предприятие", "address": "423254, ТАТАРСТАН, ЛЕНИНОГОРСКИЙ, ЛЕНИНОГОРСК, АГАДУЛЛИНА, 25, 8, 3", "revenue": 277868.0, "net_profit": 159128.0, "ebit": null, "latitude": 54.5988613, "longitude": 52.4712942 }, "geometry": { "type": "Point", "coordinates": [ 52.4712942, 54.5988613 ] } },
{ "type": "Feature", "properties": { "inn": "1207007519", "short_name": "ООО \"БИРХАУС\"", "region": "МАРИЙ ЭЛ", "registry_category": "Малое предприятие", "address": "424016, МАРИЙ ЭЛ, ЙОШКАР-ОЛА, ЛУНАЧАРСКОГО, 52", "revenue": 794171.0, "net_profit": 158735.0, "ebit": null, "latitude": 56.6178753, "longitude": 47.8982441 }, "geometry": { "type": "Point", "coordinates": [ 47.8982441, 56.6178753 ] } },
{ "type": "Feature", "properties": { "inn": "1435203400", "short_name": "ООО \"СЗ \"ТРАНССТРОЙ\"", "region": "САХА /ЯКУТИЯ/", "registry_category": "Малое предприятие", "address": "677014, САХА /ЯКУТИЯ/, ЯКУТСК, АВТОСТРАДА 50 ЛЕТ ОКТЯБРЯ, 10, 1А", "revenue": 50230.0, "net_profit": 158080.0, "ebit": 171052.0, "latitude": 62.0738132, "longitude": 129.7366718 }, "geometry": { "type": "Point", "coordinates": [ 129.736671800000011, 62.0738132 ] } },
{ "type": "Feature", "properties": { "inn": "4823055595", "short_name": "ООО \"СМУ-48\"", "region": "ЛИПЕЦКАЯ", "registry_category": "Малое предприятие", "address": "398005, ЛИПЕЦКАЯ, ЛИПЕЦК, З.КОСМОДЕМЬЯНСКОЙ, 1А", "revenue": 890918.0, "net_profit": 157914.0, "ebit": null, "latitude": 52.5894524, "longitude": 39.6238674 }, "geometry": { "type": "Point", "coordinates": [ 39.6238674, 52.5894524 ] } },
{ "type": "Feature", "properties": { "inn": "4401159638", "short_name": "АО \"ПРОФИСТРОЙ\"", "region": "КОСТРОМСКАЯ", "registry_category": "Малое предприятие", "address": "156011, КОСТРОМСКАЯ, КОСТРОМА, БЕРЕЗОВЫЙ, 10", "revenue": 199776.0, "net_profit": 155579.0, "ebit": 163412.0, "latitude": 57.7302496, "longitude": 40.928541 }, "geometry": { "type": "Point", "coordinates": [ 40.928541, 57.7302496 ] } },
{ "type": "Feature", "properties": { "inn": "7536056600", "short_name": "ООО СПЕЦИАЛИЗИРОВАННЫЙ ЗАСТРОЙЩИК \"РАДЧЕНКО\"", "region": "ЗАБАЙКАЛЬСКИЙ", "registry_category": "Малое предприятие", "address": "672007, ЗАБАЙКАЛЬСКИЙ, ЧИТА, БАБУШКИНА, 108, 15", "revenue": 653095.0, "net_profit": 155306.0, "ebit": 197334.0, "latitude": 52.0455861, "longitude": 113.4846662 }, "geometry": { "type": "Point", "coordinates": [ 113.4846662, 52.0455861 ] } },
{ "type": "Feature", "properties": { "inn": "7714468005", "short_name": "ООО \"СУ-90\"", "region": "МОСКВА", "registry_category": "Малое предприятие", "address": "119330, МОСКВА, МОСФИЛЬМОВСКАЯ, 17Б, 89", "revenue": 8290111.0, "net_profit": 154882.0, "ebit": 214957.0, "latitude": 55.714739, "longitude": 37.5165308 }, "geometry": { "type": "Point", "coordinates": [ 37.5165308, 55.714739 ] } },
{ "type": "Feature", "properties": { "inn": "1435128505", "short_name": "ООО \"СТРОЙ-ИНДУСТРИЯ\"", "region": "САХА (ЯКУТИЯ)", "registry_category": "Малое предприятие", "address": "677014, САХА (ЯКУТИЯ), ЯКУТСК, АВИАТОРОВ, 15", "revenue": 1027092.0, "net_profit": 154578.0, "ebit": 183333.0, "latitude": 62.0979185, "longitude": 129.7507778 }, "geometry": { "type": "Point", "coordinates": [ 129.7507778, 62.0979185 ] } },
{ "type": "Feature", "properties": { "inn": "6679071411", "short_name": "ООО \"ЕЭМ\"", "region": "СВЕРДЛОВСКАЯ", "registry_category": "Малое предприятие", "address": "620000, СВЕРДЛОВСКАЯ, ЕКАТЕРИНБУРГ, ШЕЙНКМАНА, 9, 51", "revenue": 1117714.0, "net_profit": 154065.0, "ebit": 173241.0, "latitude": 56.8281447, "longitude": 60.5864036 }, "geometry": { "type": "Point", "coordinates": [ 60.5864036, 56.8281447 ] } },
{ "type": "Feature", "properties": { "inn": "7733294690", "short_name": "ООО \"ГОРСВЕТ\"", "region": "МОСКВА", "registry_category": "Малое предприятие", "address": "125476, МОСКВА, ВАСИЛИЯ ПЕТУШКОВА, 8, 3", "revenue": 1023565.0, "net_profit": 153813.0, "ebit": 199855.0, "latitude": 55.8359521, "longitude": 37.4011376 }, "geometry": { "type": "Point", "coordinates": [ 37.4011376, 55.8359521 ] } },
{ "type": "Feature", "properties": { "inn": "2723198420", "short_name": "ООО \"СОТ\"", "region": "САНКТ-ПЕТЕРБУРГ", "registry_category": "Малое предприятие", "address": "196191, САНКТ-ПЕТЕРБУРГ, НОВОИЗМАЙЛОВСКИЙ, 20, 1 ЛИТЕР А, 77", "revenue": 644543.0, "net_profit": 153131.0, "ebit": null, "latitude": 59.9606739, "longitude": 30.1586551 }, "geometry": { "type": "Point", "coordinates": [ 30.1586551, 59.9606739 ] } },
{ "type": "Feature", "properties": { "inn": "5044125581", "short_name": "ООО \"ВИС ИНЖИНИРИНГ\"", "region": "МОСКОВСКАЯ", "registry_category": "Малое предприятие", "address": "141506, МОСКОВСКАЯ, СОЛНЕЧНОГОРСК, КРАСНАЯ, 23, 16", "revenue": 757039.0, "net_profit": 152663.0, "ebit": -212.0, "latitude": 56.1868973, "longitude": 36.9797987 }, "geometry": { "type": "Point", "coordinates": [ 36.9797987, 56.1868973 ] } },
{ "type": "Feature", "properties": { "inn": "7204119039", "short_name": "ООО \"ТЮМЕНЬБУРСТРОЙ\"", "region": "ТЮМЕНСКАЯ", "registry_category": "Малое предприятие", "address": "625056, ТЮМЕНСКАЯ, ТЮМЕНЬ, ТРУБНАЯ, 32А", "revenue": 625884.0, "net_profit": 149787.0, "ebit": 196567.0, "latitude": 57.1893827, "longitude": 65.4614286 }, "geometry": { "type": "Point", "coordinates": [ 65.4614286, 57.1893827 ] } },
{ "type": "Feature", "properties": { "inn": "5902994670", "short_name": "ООО \"ИНТЕРКОМ\"", "region": "САНКТ-ПЕТЕРБУРГ", "registry_category": "Малое предприятие", "address": "191167, САНКТ-ПЕТЕРБУРГ, ТЕЛЕЖНАЯ, 37, С, 9-Н", "revenue": 768031.0, "net_profit": 149523.0, "ebit": null, "latitude": 59.9228816, "longitude": 30.3800651 }, "geometry": { "type": "Point", "coordinates": [ 30.3800651, 59.9228816 ] } },
{ "type": "Feature", "properties": { "inn": "7713748105", "short_name": "ООО \"АЛЬФА-ФИНАНС\"", "region": "МОСКВА", "registry_category": "Среднее предприятие", "address": "127299, МОСКВА, БОЛЬШАЯ АКАДЕМИЧЕСКАЯ, 5, 4/424", "revenue": 1005530.0, "net_profit": 148499.0, "ebit": 222336.0, "latitude": 55.8184848, "longitude": 37.5221579 }, "geometry": { "type": "Point", "coordinates": [ 37.5221579, 55.8184848 ] } },
{ "type": "Feature", "properties": { "inn": "5032247049", "short_name": "ООО \"ТЕХНОЛОГИЯ\"", "region": "МОСКОВСКАЯ", "registry_category": "Малое предприятие", "address": "143002, МОСКОВСКАЯ, ОДИНЦОВО, МОЖАЙСКОЕ, 8, Б19, 3", "revenue": 520109.0, "net_profit": 148455.0, "ebit": null, "latitude": 55.6699728, "longitude": 37.2709431 }, "geometry": { "type": "Point", "coordinates": [ 37.2709431, 55.6699728 ] } },
{ "type": "Feature", "properties": { "inn": "1215012600", "short_name": "АО \"СЗ ПМК-5\"", "region": "МАРИЙ ЭЛ", "registry_category": "Малое предприятие", "address": "424037, МАРИЙ ЭЛ, ЙОШКАР-ОЛА, ДРУЖБЫ, 98А", "revenue": 1030269.0, "net_profit": 148252.0, "ebit": 193580.0, "latitude": 56.6545467, "longitude": 47.8728127 }, "geometry": { "type": "Point", "coordinates": [ 47.8728127, 56.6545467 ] } },
{ "type": "Feature", "properties": { "inn": "2225079613", "short_name": "ООО \"ГТМ-СТРОЙ\"", "region": "АЛТАЙСКИЙ", "registry_category": "Малое предприятие", "address": "658084, АЛТАЙСКИЙ, НОВОАЛТАЙСК, ВОЕНСТРОЯ, 65", "revenue": 694793.0, "net_profit": 147980.0, "ebit": 195754.0, "latitude": 53.3875253, "longitude": 83.9570474 }, "geometry": { "type": "Point", "coordinates": [ 83.9570474, 53.3875253 ] } },
{ "type": "Feature", "properties": { "inn": "1215078778", "short_name": "ООО \"СЗ \"РУСАГРОСТРОЙ\"", "region": "МАРИЙ ЭЛ", "registry_category": "Малое предприятие", "address": "424004, МАРИЙ ЭЛ, ЙОШКАР-ОЛА, ЛЬВА ТОЛСТОГО, 62", "revenue": 1715423.0, "net_profit": 147015.0, "ebit": 203342.0, "latitude": 56.6458825, "longitude": 47.9024462 }, "geometry": { "type": "Point", "coordinates": [ 47.9024462, 56.6458825 ] } },
{ "type": "Feature", "properties": { "inn": "7455013408", "short_name": "ООО \"УРАЛПРОФСТРОЙ\"", "region": "ЧЕЛЯБИНСКАЯ", "registry_category": "Среднее предприятие", "address": "455006, ЧЕЛЯБИНСКАЯ, МАГНИТОГОРСК, ЛЮБИМАЯ, 20", "revenue": 1493294.0, "net_profit": 146593.0, "ebit": 189791.0, "latitude": 53.3349229, "longitude": 58.9783916 }, "geometry": { "type": "Point", "coordinates": [ 58.9783916, 53.3349229 ] } },
{ "type": "Feature", "properties": { "inn": "6167065479", "short_name": "АО \"СЗ \"СМУ №1\"", "region": "РОСТОВСКАЯ", "registry_category": "Среднее предприятие", "address": "344002, РОСТОВСКАЯ, Ростов-на-Дону, БУДЕННОВСКИЙ, 36, 406", "revenue": 21219.0, "net_profit": 146543.0, "ebit": -75591.0, "latitude": 47.22474, "longitude": 39.7065734 }, "geometry": { "type": "Point", "coordinates": [ 39.7065734, 47.22474 ] } },
{ "type": "Feature", "properties": { "inn": "1200003579", "short_name": "ООО \"СЗ \"СК\"ПИК\"", "region": "МАРИЙ ЭЛ", "registry_category": "Малое предприятие", "address": "424005, МАРИЙ ЭЛ, ЙОШКАР-ОЛА, СЕРНУРСКИЙ, 20Б, 2", "revenue": 825582.0, "net_profit": 146478.0, "ebit": 124541.0, "latitude": 56.653277, "longitude": 47.9549525 }, "geometry": { "type": "Point", "coordinates": [ 47.9549525, 56.653277 ] } },
{ "type": "Feature", "properties": { "inn": "7704442569", "short_name": "ООО \"МЕЖРЕГИОНСТРОЙ\"", "region": "МОСКВА", "registry_category": "Малое предприятие", "address": "125424, МОСКВА, ВОЛОКОЛАМСКОЕ, 73, 3", "revenue": 407203.0, "net_profit": 145286.0, "ebit": null, "latitude": 55.8243084, "longitude": 37.429523 }, "geometry": { "type": "Point", "coordinates": [ 37.429523, 55.8243084 ] } },
{ "type": "Feature", "properties": { "inn": "5001117650", "short_name": "ООО \"ЦЕНТР ГАЗ\"", "region": "МОСКОВСКАЯ", "registry_category": "Малое предприятие", "address": "143909, МОСКОВСКАЯ, БАЛАШИХА, СОЛНЕЧНАЯ, 6А, 1/С", "revenue": 2007865.0, "net_profit": 144862.0, "ebit": 191698.0, "latitude": 55.8224324, "longitude": 37.9560208 }, "geometry": { "type": "Point", "coordinates": [ 37.9560208, 55.8224324 ] } },
{ "type": "Feature", "properties": { "inn": "3906151325", "short_name": "ЗАО \"МОНТАЖ-ОКНО\"", "region": "КАЛИНИНГРАДСКАЯ", "registry_category": "Малое предприятие", "address": "236003, КАЛИНИНГРАДСКАЯ, КАЛИНИНГРАД, ЯЛТИНСКАЯ, 44, ЛИТ.А ЛИТ.II А", "revenue": 259037.0, "net_profit": 144835.0, "ebit": null, "latitude": 54.710128, "longitude": 20.5105838 }, "geometry": { "type": "Point", "coordinates": [ 20.5105838, 54.710128 ] } },
{ "type": "Feature", "properties": { "inn": "6027112351", "short_name": "ООО СЗ \"КАПИТАЛ ИНВЕСТСТРОЙ\"", "region": "ПСКОВСКАЯ", "registry_category": "Малое предприятие", "address": "180006, ПСКОВСКАЯ, ПСКОВ, ЛИНЕЙНАЯ, 3, 101", "revenue": 258270.0, "net_profit": 144649.0, "ebit": 173615.0, "latitude": 57.8404466, "longitude": 28.3317596 }, "geometry": { "type": "Point", "coordinates": [ 28.3317596, 57.8404466 ] } },
{ "type": "Feature", "properties": { "inn": "7725375056", "short_name": "ООО \"МОНОЛИТ\"", "region": "МОСКВА", "registry_category": "Малое предприятие", "address": "123298, МОСКВА, НАРОДНОГО ОПОЛЧЕНИЯ, 40, 1, 1 КОМ 4", "revenue": 358617.0, "net_profit": 144642.0, "ebit": null, "latitude": 55.7941411, "longitude": 37.5017091 }, "geometry": { "type": "Point", "coordinates": [ 37.5017091, 55.7941411 ] } },
{ "type": "Feature", "properties": { "inn": "6330032139", "short_name": "ООО \"РСГ-ГРУПП\"", "region": "МОСКВА", "registry_category": "Среднее предприятие", "address": "115280, МОСКВА, ЛЕНИНСКАЯ СЛОБОДА, 19, 6А/4", "revenue": 1285432.0, "net_profit": 144557.0, "ebit": 171547.0, "latitude": 55.707719, "longitude": 37.654326 }, "geometry": { "type": "Point", "coordinates": [ 37.654326, 55.707719 ] } },
{ "type": "Feature", "properties": { "inn": "8901020705", "short_name": "ООО \"УТС\"", "region": "ЯМАЛО-НЕНЕЦКИЙ", "registry_category": "Малое предприятие", "address": "629003, ЯМАЛО-НЕНЕЦКИЙ, САЛЕХАРД, АВИАЦИОННАЯ, 33, 1", "revenue": 263798.0, "net_profit": 143873.0, "ebit": null, "latitude": 66.5970689, "longitude": 66.5758724 }, "geometry": { "type": "Point", "coordinates": [ 66.5758724, 66.5970689 ] } },
{ "type": "Feature", "properties": { "inn": "7720714650", "short_name": "ООО \"АДЮТОН-Н\"", "region": "МОСКВА", "registry_category": "Среднее предприятие", "address": "123242, МОСКВА, ЗООЛОГИЧЕСКАЯ, 10, 2/5", "revenue": 2980717.0, "net_profit": 143859.0, "ebit": 199321.0, "latitude": 55.781429, "longitude": 37.5520571 }, "geometry": { "type": "Point", "coordinates": [ 37.5520571, 55.781429 ] } },
{ "type": "Feature", "properties": { "inn": "7203201298", "short_name": "ООО \"ТСП\"", "region": "ТЮМЕНСКАЯ", "registry_category": "Малое предприятие", "address": "625047, ТЮМЕНСКАЯ, Тюмень, ВЫСОТНАЯ, 1, 1, 301,307", "revenue": 350895.0, "net_profit": 142930.0, "ebit": 195437.0, "latitude": 57.0958285, "longitude": 65.1625961 }, "geometry": { "type": "Point", "coordinates": [ 65.1625961, 57.0958285 ] } },
{ "type": "Feature", "properties": { "inn": "5261090174", "short_name": "ООО \"СПЕЦИАЛИЗИРОВАННЫЙ ЗАСТРОЙЩИК \"МОЙ ДОМ КАМЕНКИ\"", "region": "НИЖЕГОРОДСКАЯ", "registry_category": "Малое предприятие", "address": "607635, НИЖЕГОРОДСКАЯ, НИЖНИЙ НОВГОРОД, КУСАКОВКА, ПОЛЕВАЯ, 58, П1", "revenue": 623800.0, "net_profit": 142727.0, "ebit": 181477.0, "latitude": 56.1806818, "longitude": 43.9100637 }, "geometry": { "type": "Point", "coordinates": [ 43.9100637, 56.1806818 ] } },
{ "type": "Feature", "properties": { "inn": "4703142292", "short_name": "ООО \"АРСЕНАЛ-10\"", "region": "САНКТ-ПЕТЕРБУРГ", "registry_category": "Малое предприятие", "address": "197376, САНКТ-ПЕТЕРБУРГ, ПЛЕСЕЦКАЯ, 2, 1, 48Н", "revenue": 488957.0, "net_profit": 142638.0, "ebit": 166611.0, "latitude": 60.0301543, "longitude": 30.2049501 }, "geometry": { "type": "Point", "coordinates": [ 30.2049501, 60.0301543 ] } },
{ "type": "Feature", "properties": { "inn": "7733881088", "short_name": "ООО \"БАСК\"", "region": "МОСКВА", "registry_category": "Среднее предприятие", "address": "111141, МОСКВА, КУСКОВСКАЯ, 20А, 1/1", "revenue": 4097138.0, "net_profit": 141785.0, "ebit": 120141.0, "latitude": 55.7408739, "longitude": 37.785077 }, "geometry": { "type": "Point", "coordinates": [ 37.785077, 55.7408739 ] } },
{ "type": "Feature", "properties": { "inn": "8911018470", "short_name": "ООО \"ПЦН\"", "region": "ЯМАЛО-НЕНЕЦКИЙ", "registry_category": "Малое предприятие", "address": "629851, ЯМАЛО-НЕНЕЦКИЙ, ПУРОВСКИЙ, ТАРКО-САЛЕ, ПРОМЫШЛЕННАЯ, 2", "revenue": 1102868.0, "net_profit": 141188.0, "ebit": 91069.0, "latitude": 64.9088483, "longitude": 77.7521784 }, "geometry": { "type": "Point", "coordinates": [ 77.7521784, 64.9088483 ] } },
{ "type": "Feature", "properties": { "inn": "3663033415", "short_name": "ООО ТСП \"ВОРОНЕЖ СТРОЙ КОМПЛЕКС\"", "region": "ВОРОНЕЖСКАЯ", "registry_category": "Среднее предприятие", "address": "396310, ВОРОНЕЖСКАЯ, НОВОУСМАНСКИЙ, НОВАЯ УСМАНЬ, ЛЕНИНА, 275, 15", "revenue": 2844177.0, "net_profit": 140815.0, "ebit": 278630.0, "latitude": 51.6145893, "longitude": 39.389748 }, "geometry": { "type": "Point", "coordinates": [ 39.389748, 51.6145893 ] } },
{ "type": "Feature", "properties": { "inn": "1513043241", "short_name": "ООО \"ПРОМЖИЛСТРОЙ РСО-АЛАНИЯ\"", "region": "СЕВЕРНАЯ ОСЕТИЯ - АЛАНИЯ", "registry_category": "Малое предприятие", "address": "362021, СЕВЕРНАЯ ОСЕТИЯ - АЛАНИЯ, ВЛАДИКАВКАЗ, НЕИЗВЕСТНОГО СОЛДАТА, 12, 1", "revenue": 1142806.0, "net_profit": 140676.0, "ebit": null, "latitude": 43.0520063, "longitude": 44.7011092 }, "geometry": { "type": "Point", "coordinates": [ 44.7011092, 43.0520063 ] } },
{ "type": "Feature", "properties": { "inn": "7802707358", "short_name": "ООО \"СК ВЕКТОР\"", "region": "САНКТ-ПЕТЕРБУРГ", "registry_category": "Малое предприятие", "address": "194214, САНКТ-ПЕТЕРБУРГ, ЛИСТВЕННАЯ, 20, 2, 50Н", "revenue": 1841358.0, "net_profit": 140654.0, "ebit": 188098.0, "latitude": 60.0291533, "longitude": 30.3370221 }, "geometry": { "type": "Point", "coordinates": [ 30.3370221, 60.0291533 ] } },
{ "type": "Feature", "properties": { "inn": "5238000045", "short_name": "АО \"СТРОИТЕЛЬ\"", "region": "НИЖЕГОРОДСКАЯ", "registry_category": "Среднее предприятие", "address": "607700, НИЖЕГОРОДСКАЯ, ШАТКОВСКИЙ, ШАТКИ, ПУШКИНА, 33", "revenue": 1565420.0, "net_profit": 140604.0, "ebit": 195039.0, "latitude": 55.187111, "longitude": 44.1273889 }, "geometry": { "type": "Point", "coordinates": [ 44.1273889, 55.187111 ] } },
{ "type": "Feature", "properties": { "inn": "3235001826", "short_name": "АО \"СЗ \"КОМПЛЕКТ\"", "region": "БРЯНСКАЯ", "registry_category": "Малое предприятие", "address": "241020, БРЯНСКАЯ, БРЯНСК, ТУХАЧЕВСКОГО, 8", "revenue": 414194.0, "net_profit": 140498.0, "ebit": 145520.0, "latitude": 53.2144774, "longitude": 34.4266512 }, "geometry": { "type": "Point", "coordinates": [ 34.4266512, 53.2144774 ] } },
{ "type": "Feature", "properties": { "inn": "5003110787", "short_name": "ООО \"РЕКОНСТРУКЦИЯ\"", "region": "МОСКОВСКАЯ", "registry_category": "Малое предприятие", "address": "142029, МОСКОВСКАЯ, ДОМОДЕДОВО, ЛОГИСТИЧЕСКАЯ, 10А", "revenue": 2563468.0, "net_profit": 140461.0, "ebit": 197602.0, "latitude": 55.4714094, "longitude": 37.7178493 }, "geometry": { "type": "Point", "coordinates": [ 37.7178493, 55.4714094 ] } },
{ "type": "Feature", "properties": { "inn": "3015102995", "short_name": "ООО  \"ГЕОБУРМОНТАЖ\"", "region": "АСТРАХАНСКАЯ", "registry_category": "Малое предприятие", "address": "414045, АСТРАХАНСКАЯ, АСТРАХАНЬ, ТАМБОВСКАЯ, 13", "revenue": 314535.0, "net_profit": 140343.0, "ebit": null, "latitude": 46.3409333, "longitude": 48.0258104 }, "geometry": { "type": "Point", "coordinates": [ 48.0258104, 46.3409333 ] } },
{ "type": "Feature", "properties": { "inn": "7722732736", "short_name": "ООО \"СФЕРА\"", "region": "МОСКВА", "registry_category": "Малое предприятие", "address": "123290, МОСКВА, 1-Й МАГИСТРАЛЬНЫЙ, 11СТР1, I, КОМ.14Л", "revenue": 1929537.0, "net_profit": 139641.0, "ebit": 88708.0, "latitude": 55.625578, "longitude": 37.6063916 }, "geometry": { "type": "Point", "coordinates": [ 37.6063916, 55.625578 ] } },
{ "type": "Feature", "properties": { "inn": "1643012357", "short_name": "ООО  \"НЕФТЕСТРОЙЭНЕРГО\"", "region": "ТАТАРСТАН", "registry_category": "Малое предприятие", "address": "423458, ТАТАРСТАН, АЛЬМЕТЬЕВСКИЙ, АЛЬМЕТЬЕВСК, ГАБДУЛЛЫ ТУКАЯ, 41Б, 22", "revenue": 3598841.0, "net_profit": 139426.0, "ebit": 185901.0, "latitude": 54.8968271, "longitude": 52.3140667 }, "geometry": { "type": "Point", "coordinates": [ 52.3140667, 54.8968271 ] } },
{ "type": "Feature", "properties": { "inn": "2632104953", "short_name": "ООО \"ЮГСТРОЙ\"", "region": "СТАВРОПОЛЬСКИЙ", "registry_category": "Среднее предприятие", "address": "357528, СТАВРОПОЛЬСКИЙ, ПЯТИГОРСК, ЕРМОЛОВА, 20О, 1", "revenue": 1893621.0, "net_profit": 139073.0, "ebit": 171330.0, "latitude": 44.047629, "longitude": 43.0184311 }, "geometry": { "type": "Point", "coordinates": [ 43.0184311, 44.047629 ] } },
{ "type": "Feature", "properties": { "inn": "7022009793", "short_name": "ООО \"СИБ-РЕКОН\"", "region": "ТОМСКАЯ", "registry_category": "Малое предприятие", "address": "636785, ТОМСКАЯ, СТРЕЖЕВОЙ, ЕРМАКОВА, 6", "revenue": 1392769.0, "net_profit": 138936.0, "ebit": 186545.0, "latitude": 60.7122348, "longitude": 77.6574246 }, "geometry": { "type": "Point", "coordinates": [ 77.6574246, 60.7122348 ] } },
{ "type": "Feature", "properties": { "inn": "2129005369", "short_name": "АО \"СЗ \"ТУС\"", "region": "ЧУВАШСКАЯ РЕСПУБЛИКА -", "registry_category": "Среднее предприятие", "address": "428034, ЧУВАШСКАЯ РЕСПУБЛИКА -, ЧЕБОКСАРЫ, МИЧМАНА ПАВЛОВА, 39, 7", "revenue": 1767005.0, "net_profit": 138826.0, "ebit": 199929.0, "latitude": 56.0984586, "longitude": 47.268959 }, "geometry": { "type": "Point", "coordinates": [ 47.268959, 56.0984586 ] } },
{ "type": "Feature", "properties": { "inn": "5027210212", "short_name": "ООО \"ТРОЙКА КОНСТРАКШН\"", "region": "МОСКОВСКАЯ", "registry_category": "Среднее предприятие", "address": "143500, МОСКОВСКАЯ, ИСТРА, СЕВЕРНЫЙ, ШОССЕЙНАЯ, 14А, 2/1", "revenue": 3462634.0, "net_profit": 138711.0, "ebit": 191405.0, "latitude": 55.9438467, "longitude": 36.8387548 }, "geometry": { "type": "Point", "coordinates": [ 36.8387548, 55.9438467 ] } },
{ "type": "Feature", "properties": { "inn": "6319024310", "short_name": "ООО СМПФ \"ЭЛРИ\"", "region": "САМАРСКАЯ", "registry_category": "Малое предприятие", "address": "443031, САМАРСКАЯ, САМАРА, ТАШКЕНТСКАЯ, 248Б", "revenue": 414866.0, "net_profit": 138468.0, "ebit": 149966.0, "latitude": 53.2700226, "longitude": 50.2192788 }, "geometry": { "type": "Point", "coordinates": [ 50.2192788, 53.2700226 ] } },
{ "type": "Feature", "properties": { "inn": "6150075888", "short_name": "ООО \"КОМКОРД\"", "region": "РОСТОВСКАЯ", "registry_category": "Малое предприятие", "address": "346428, РОСТОВСКАЯ, НОВОЧЕРКАССК, МИХАЙЛОВСКАЯ, 164А, 2, 3", "revenue": 552514.0, "net_profit": 138301.0, "ebit": 187776.0, "latitude": 47.415351, "longitude": 40.0810151 }, "geometry": { "type": "Point", "coordinates": [ 40.0810151, 47.415351 ] } },
{ "type": "Feature", "properties": { "inn": "9706005173", "short_name": "ООО \"СМАЙНЭКС ИНЖИНИРИНГ\"", "region": "МОСКВА", "registry_category": "Малое предприятие", "address": "119017, МОСКВА, КАДАШЁВСКАЯ, 6/1/2, 1, 1/6", "revenue": 238428.0, "net_profit": 138285.0, "ebit": 25472.0, "latitude": 55.7428235, "longitude": 37.6171296 }, "geometry": { "type": "Point", "coordinates": [ 37.6171296, 55.7428235 ] } },
{ "type": "Feature", "properties": { "inn": "6234165390", "short_name": "ООО \"СПЕЦПРОМСТРОЙ\"", "region": "РЯЗАНСКАЯ", "registry_category": "Малое предприятие", "address": "390000, РЯЗАНСКАЯ, РЯЗАНЬ, ПОЛЕВАЯ, 75, Н116", "revenue": 1616654.0, "net_profit": 138133.0, "ebit": 187898.0, "latitude": 54.6206225, "longitude": 39.7366367 }, "geometry": { "type": "Point", "coordinates": [ 39.7366367, 54.6206225 ] } },
{ "type": "Feature", "properties": { "inn": "6658460625", "short_name": "ООО \"МАСТЕР-Р\"", "region": "СВЕРДЛОВСКАЯ", "registry_category": "Малое предприятие", "address": "620028, СВЕРДЛОВСКАЯ, ЕКАТЕРИНБУРГ, ВИКУЛОВА, 30, КВАРТИРА 6", "revenue": 594546.0, "net_profit": 138104.0, "ebit": null, "latitude": 56.8335663, "longitude": 60.5414968 }, "geometry": { "type": "Point", "coordinates": [ 60.5414968, 56.8335663 ] } },
{ "type": "Feature", "properties": { "inn": "1655284186", "short_name": "ООО СМП \"ПОРТАЛ\"", "region": "ТАТАРСТАН", "registry_category": "Малое предприятие", "address": "420087, ТАТАРСТАН, КАЗАНЬ, АДЕЛЯ КУТУЯ, 157, 1", "revenue": 5169776.0, "net_profit": 137925.0, "ebit": 167726.0, "latitude": 55.7727748, "longitude": 49.1894634 }, "geometry": { "type": "Point", "coordinates": [ 49.1894634, 55.7727748 ] } },
{ "type": "Feature", "properties": { "inn": "7811419726", "short_name": "АО \"СПЕЦСТРОЙМОНТАЖ\"", "region": "ЛЕНИНГРАДСКАЯ", "registry_category": "Малое предприятие", "address": "188540, ЛЕНИНГРАДСКАЯ, СОСНОВЫЙ БОР, ЛЕНИНГРАДСКАЯ, 70, 4/2", "revenue": 343779.0, "net_profit": 137580.0, "ebit": null, "latitude": 59.9031064, "longitude": 29.0692337 }, "geometry": { "type": "Point", "coordinates": [ 29.0692337, 59.9031064 ] } },
{ "type": "Feature", "properties": { "inn": "6321244183", "short_name": "ООО \"ПРОМСТРОЙПРОЕКТ\"", "region": "САМАРСКАЯ", "registry_category": "Малое предприятие", "address": "445051, САМАРСКАЯ, ТОЛЬЯТТИ, МАРШАЛА ЖУКОВА, 35Б, 1006", "revenue": 1743973.0, "net_profit": 137498.0, "ebit": 182590.0, "latitude": 53.5099966, "longitude": 49.3009859 }, "geometry": { "type": "Point", "coordinates": [ 49.3009859, 53.5099966 ] } },
{ "type": "Feature", "properties": { "inn": "6658456643", "short_name": "ООО \"КИСЛОРОДМОНТАЖ\"", "region": "СВЕРДЛОВСКАЯ", "registry_category": "Малое предприятие", "address": "620034, СВЕРДЛОВСКАЯ, ЕКАТЕРИНБУРГ, ТОЛЕДОВА, 41, 143", "revenue": 764815.0, "net_profit": 136793.0, "ebit": null, "latitude": 56.8557928, "longitude": 60.544771 }, "geometry": { "type": "Point", "coordinates": [ 60.544771, 56.8557928 ] } },
{ "type": "Feature", "properties": { "inn": "7727337232", "short_name": "ООО \"СТРОЙЭНЕРГОМОНТАЖ\"", "region": "МОСКВА", "registry_category": "Малое предприятие", "address": "117036, МОСКВА, ШВЕРНИКА, 4, 2, I КОМНАТА 4 ЭТАЖ 11", "revenue": 252849.0, "net_profit": 136595.0, "ebit": null, "latitude": 55.625578, "longitude": 37.6063916 }, "geometry": { "type": "Point", "coordinates": [ 37.6063916, 55.625578 ] } },
{ "type": "Feature", "properties": { "inn": "8601048996", "short_name": "ООО \"СТАНДАРТ\"", "region": "ХАНТЫ-МАНСИЙСКИЙ АВТОНОМНЫЙ ОКРУГ - ЮГРА", "registry_category": "Малое предприятие", "address": "628195, ХАНТЫ-МАНСИЙСКИЙ АВТОНОМНЫЙ ОКРУГ - ЮГРА, ОКТЯБРЬСКИЙ, ТАЛИНКА, КОММУНАЛЬНАЯ, 7, 1", "revenue": 1108950.0, "net_profit": 136131.0, "ebit": 167229.0, "latitude": 61.5447221, "longitude": 66.4574505 }, "geometry": { "type": "Point", "coordinates": [ 66.4574505, 61.5447221 ] } },
{ "type": "Feature", "properties": { "inn": "2130136045", "short_name": "ООО \"СЗ\"МОНОЛИТ-58\"", "region": "ЧУВАШСКАЯ РЕСПУБЛИКА -", "registry_category": "Малое предприятие", "address": "428018, ЧУВАШСКАЯ РЕСПУБЛИКА -, ЧЕБОКСАРЫ, МОСКОВСКИЙ, 17, 1, 3", "revenue": 124464.0, "net_profit": 135977.0, "ebit": 92995.0, "latitude": 56.1451477, "longitude": 47.2223102 }, "geometry": { "type": "Point", "coordinates": [ 47.2223102, 56.1451477 ] } },
{ "type": "Feature", "properties": { "inn": "6165197180", "short_name": "ООО СЗ \"ДОНСТРОЙ\"", "region": "РОСТОВСКАЯ", "registry_category": "Малое предприятие", "address": "344012, РОСТОВСКАЯ, РОСТОВ-НА-ДОНУ, БУДЕННОВСКИЙ, 120/1, 107", "revenue": 990921.0, "net_profit": 135501.0, "ebit": 147950.0, "latitude": 47.2431057, "longitude": 39.7019207 }, "geometry": { "type": "Point", "coordinates": [ 39.7019207, 47.2431057 ] } },
{ "type": "Feature", "properties": { "inn": "0278210378", "short_name": "ООО \"СТЗ\"", "region": "БАШКОРТОСТАН", "registry_category": "Малое предприятие", "address": "450097, БАШКОРТОСТАН, УФА, ХАДИИ ДАВЛЕТШИНОЙ, 11, А, 294", "revenue": 216207.0, "net_profit": 134766.0, "ebit": 146182.0, "latitude": 54.7365116, "longitude": 55.9927139 }, "geometry": { "type": "Point", "coordinates": [ 55.9927139, 54.7365116 ] } },
{ "type": "Feature", "properties": { "inn": "3728001189", "short_name": "АО \"ДСУ-1\"", "region": "МОСКВА", "registry_category": "Среднее предприятие", "address": "125284, МОСКВА, ХОРОШЁВСКОЕ, 16, 3", "revenue": 715409.0, "net_profit": 134226.0, "ebit": 286116.0, "latitude": 55.7741834, "longitude": 37.5458649 }, "geometry": { "type": "Point", "coordinates": [ 37.5458649, 55.7741834 ] } },
{ "type": "Feature", "properties": { "inn": "1658073480", "short_name": "ООО \"ИМИН\"", "region": "ТАТАРСТАН", "registry_category": "Малое предприятие", "address": "420061, ТАТАРСТАН, КАЗАНЬ, НИКОЛАЯ ЕРШОВА, 27", "revenue": 939052.0, "net_profit": 133841.0, "ebit": 165565.0, "latitude": 55.7984908, "longitude": 49.1781024 }, "geometry": { "type": "Point", "coordinates": [ 49.1781024, 55.7984908 ] } },
{ "type": "Feature", "properties": { "inn": "5638073104", "short_name": "ООО \"СП-33\"", "region": "ОРЕНБУРГСКАЯ", "registry_category": "Малое предприятие", "address": "460000, ОРЕНБУРГСКАЯ, ОРЕНБУРГ, ХЛЕБНЫЙ, 3/1, 1", "revenue": 296208.0, "net_profit": 133833.0, "ebit": null, "latitude": 51.7646002, "longitude": 55.0941194 }, "geometry": { "type": "Point", "coordinates": [ 55.0941194, 51.7646002 ] } },
{ "type": "Feature", "properties": { "inn": "1515920378", "short_name": "ООО СЗ \"СТК-59+\"", "region": "СЕВЕРНАЯ ОСЕТИЯ - АЛАНИЯ", "registry_category": "Малое предприятие", "address": "362041, СЕВЕРНАЯ ОСЕТИЯ - АЛАНИЯ, ВЛАДИКАВКАЗ, ВЕСЕННЯЯ, 21А, 8", "revenue": 573042.0, "net_profit": 133793.0, "ebit": 136319.0, "latitude": 43.0492558, "longitude": 44.6200567 }, "geometry": { "type": "Point", "coordinates": [ 44.6200567, 43.0492558 ] } },
{ "type": "Feature", "properties": { "inn": "7203094857", "short_name": "ООО \"СЗ \"ИНКО И К\"", "region": "ТЮМЕНСКАЯ", "registry_category": "Малое предприятие", "address": "625001, ТЮМЕНСКАЯ, ТЮМЕНЬ, ПОЛЕВАЯ, 115 Б", "revenue": 1933401.0, "net_profit": 130260.0, "ebit": 474812.0, "latitude": 57.1720342, "longitude": 65.4896449 }, "geometry": { "type": "Point", "coordinates": [ 65.4896449, 57.1720342 ] } },
{ "type": "Feature", "properties": { "inn": "1215048572", "short_name": "АО \"СЗ \"КОНТИНЕНТ\"", "region": "МАРИЙ ЭЛ", "registry_category": "Малое предприятие", "address": "424004, МАРИЙ ЭЛ, ЙОШКАР-ОЛА, ВОЗНЕСЕНСКАЯ, 30, II", "revenue": 977758.0, "net_profit": 130241.0, "ebit": 144673.0, "latitude": 56.6433672, "longitude": 47.9051436 }, "geometry": { "type": "Point", "coordinates": [ 47.9051436, 56.6433672 ] } },
{ "type": "Feature", "properties": { "inn": "1001177997", "short_name": "ООО \"ЖИЛСТРОЙТРЕСТ\"", "region": "КАРЕЛИЯ", "registry_category": "Малое предприятие", "address": "185003, КАРЕЛИЯ, ПЕТРОЗАВОДСК, ВАРЛАМОВА, 64", "revenue": 136323.0, "net_profit": 129902.0, "ebit": null, "latitude": 61.7756842, "longitude": 34.3888809 }, "geometry": { "type": "Point", "coordinates": [ 34.3888809, 61.7756842 ] } },
{ "type": "Feature", "properties": { "inn": "7448163642", "short_name": "ООО \"СТРОЙКРАФТ\"", "region": "ЧЕЛЯБИНСКАЯ", "registry_category": "Малое предприятие", "address": "454091, ЧЕЛЯБИНСКАЯ, ЧЕЛЯБИНСК, СВОБОДЫ, 185", "revenue": 326288.0, "net_profit": 129316.0, "ebit": 129056.0, "latitude": 55.1647104, "longitude": 61.4102783 }, "geometry": { "type": "Point", "coordinates": [ 61.4102783, 55.1647104 ] } },
{ "type": "Feature", "properties": { "inn": "0506001496", "short_name": "ООО \"БОТЛИХАГРОПРОМДОРСТРОЙ\"", "region": "ДАГЕСТАН", "registry_category": "Малое предприятие", "address": "368971, ДАГЕСТАН, БОТЛИХСКИЙ, БОТЛИХ, НИЧАРАХИ, 1", "revenue": 2594375.0, "net_profit": 128865.0, "ebit": 162642.0, "latitude": 42.6649255, "longitude": 46.2197454 }, "geometry": { "type": "Point", "coordinates": [ 46.2197454, 42.6649255 ] } },
{ "type": "Feature", "properties": { "inn": "1435317647", "short_name": "ООО \"МАГИСТРАЛЬ\" С АТК", "region": "САХА (ЯКУТИЯ)", "registry_category": "Малое предприятие", "address": "677027, САХА (ЯКУТИЯ), ЯКУТСК, КАЛАНДАРИШВИЛИ, 1, 2", "revenue": 859378.0, "net_profit": 128790.0, "ebit": null, "latitude": 62.0220753, "longitude": 129.7184318 }, "geometry": { "type": "Point", "coordinates": [ 129.7184318, 62.0220753 ] } },
{ "type": "Feature", "properties": { "inn": "5408172453", "short_name": "ООО \"СЗ \"СРС\"", "region": "НОВОСИБИРСКАЯ", "registry_category": "Среднее предприятие", "address": "633009, НОВОСИБИРСКАЯ, БЕРДСК, ЗЕЛЕНАЯ РОЩА, 5/13", "revenue": 847294.0, "net_profit": 128342.0, "ebit": 118536.0, "latitude": 54.7393953, "longitude": 83.0442236 }, "geometry": { "type": "Point", "coordinates": [ 83.0442236, 54.7393953 ] } },
{ "type": "Feature", "properties": { "inn": "1659143147", "short_name": "ООО СПЕЦИАЛИЗИРОВАННЫЙ ЗАСТРОЙЩИК \"СК \"УНИСТРОЙДОМ\"", "region": "ТАТАРСТАН", "registry_category": "Среднее предприятие", "address": "420133, ТАТАРСТАН, КАЗАНЬ, ГАВРИЛОВА, 1, 15Л", "revenue": 1167518.0, "net_profit": 128339.0, "ebit": 214265.0, "latitude": 55.8273851, "longitude": 49.1583556 }, "geometry": { "type": "Point", "coordinates": [ 49.1583556, 55.8273851 ] } },
{ "type": "Feature", "properties": { "inn": "2465094260", "short_name": "ООО \"ДНТ\"", "region": "КРАСНОЯРСКИЙ", "registry_category": "Малое предприятие", "address": "660077, КРАСНОЯРСКИЙ, Красноярск, ПЕТРА ЛОМАКО, 2, 355", "revenue": 331228.0, "net_profit": 128131.0, "ebit": 165518.0, "latitude": 56.0573234, "longitude": 92.896885 }, "geometry": { "type": "Point", "coordinates": [ 92.896885, 56.0573234 ] } },
{ "type": "Feature", "properties": { "inn": "2508121129", "short_name": "ООО \"СЗ \"РИМЭКО\"", "region": "ПРИМОРСКИЙ", "registry_category": "Малое предприятие", "address": "692906, ПРИМОРСКИЙ, НАХОДКА, ШОССЕЙНАЯ, 183, А, 2", "revenue": 905190.0, "net_profit": 126005.0, "ebit": 126911.0, "latitude": 42.849354, "longitude": 132.9621113 }, "geometry": { "type": "Point", "coordinates": [ 132.9621113, 42.849354 ] } },
{ "type": "Feature", "properties": { "inn": "7701866545", "short_name": "ООО \"ВСК\"", "region": "МОСКВА", "registry_category": "Среднее предприятие", "address": "105082, МОСКВА, БОЛЬШАЯ ПОЧТОВАЯ, 26В, 1, 410", "revenue": 1398394.0, "net_profit": 125887.0, "ebit": 129515.0, "latitude": 55.7784644, "longitude": 37.6985618 }, "geometry": { "type": "Point", "coordinates": [ 37.6985618, 55.7784644 ] } },
{ "type": "Feature", "properties": { "inn": "7702019661", "short_name": "АО РСФ \"РЕМСТРОЙСЕРВИС\"", "region": "МОСКВА", "registry_category": "Среднее предприятие", "address": "129041, МОСКВА, ОРЛОВО-ДАВЫДОВСКИЙ, 2/5, 3", "revenue": 1754842.0, "net_profit": 125059.0, "ebit": 155802.0, "latitude": 55.7826311, "longitude": 37.6385056 }, "geometry": { "type": "Point", "coordinates": [ 37.6385056, 55.7826311 ] } },
{ "type": "Feature", "properties": { "inn": "1425001669", "short_name": "ПК \"МОНТАЖНИК\"", "region": "САХА (ЯКУТИЯ)", "registry_category": "Малое предприятие", "address": "678650, САХА (ЯКУТИЯ), ТАТТИНСКИЙ, ЫТЫК-КЮЕЛЬ, ЮБИЛЕЙНАЯ, 9", "revenue": 1768120.0, "net_profit": 124792.0, "ebit": 180060.0, "latitude": 62.3411829, "longitude": 133.5368088 }, "geometry": { "type": "Point", "coordinates": [ 133.536808799999989, 62.3411829 ] } },
{ "type": "Feature", "properties": { "inn": "3662149086", "short_name": "ООО \"СПЕЦСТРОЙ\"", "region": "ВОРОНЕЖСКАЯ", "registry_category": "Малое предприятие", "address": "394068, ВОРОНЕЖСКАЯ, ВОРОНЕЖ, ШИШКОВА, 75Б, 5", "revenue": 1862616.0, "net_profit": 124745.0, "ebit": 156507.0, "latitude": 51.7058976, "longitude": 39.1952625 }, "geometry": { "type": "Point", "coordinates": [ 39.1952625, 51.7058976 ] } },
{ "type": "Feature", "properties": { "inn": "7814558855", "short_name": "ООО \"СК \"ПОТЕНЦИАЛ\"", "region": "САНКТ-ПЕТЕРБУРГ", "registry_category": "Среднее предприятие", "address": "197375, САНКТ-ПЕТЕРБУРГ, РЕПИЩЕВА, 14, АД", "revenue": 1370528.0, "net_profit": 124197.0, "ebit": 159950.0, "latitude": 60.0304906, "longitude": 30.2785648 }, "geometry": { "type": "Point", "coordinates": [ 30.2785648, 60.0304906 ] } },
{ "type": "Feature", "properties": { "inn": "9718003519", "short_name": "ООО \"МОНОЛИТНОЕ ДОМОСТРОЕНИЕ\"", "region": "МОСКВА", "registry_category": "Малое предприятие", "address": "108814, МОСКВА, КОММУНАРКА, 24-Й, 1, 1, 6", "revenue": 470272.0, "net_profit": 123601.0, "ebit": -15919.0, "latitude": 55.5878455, "longitude": 37.4437418 }, "geometry": { "type": "Point", "coordinates": [ 37.4437418, 55.5878455 ] } },
{ "type": "Feature", "properties": { "inn": "5405341390", "short_name": "ООО СЗ \"ЖК АКАДЕМИЯ\"", "region": "НОВОСИБИРСКАЯ", "registry_category": "Малое предприятие", "address": "630102, НОВОСИБИРСКАЯ, НОВОСИБИРСК, ШЕВЧЕНКО, 19/1, КАБИНЕТ 2", "revenue": 39772.0, "net_profit": 123575.0, "ebit": -34454.0, "latitude": 55.0180009, "longitude": 82.9333172 }, "geometry": { "type": "Point", "coordinates": [ 82.9333172, 55.0180009 ] } },
{ "type": "Feature", "properties": { "inn": "0107027037", "short_name": "ООО \"ФОРВАРД\"", "region": "АДЫГЕЯ", "registry_category": "Малое предприятие", "address": "385140, АДЫГЕЯ, ТАХТАМУКАЙСКИЙ, ТАХТАМУКАЙ, МОРСКАЯ, 4/1", "revenue": 734343.0, "net_profit": 123421.0, "ebit": 144465.0, "latitude": 44.9769341, "longitude": 38.9561482 }, "geometry": { "type": "Point", "coordinates": [ 38.9561482, 44.9769341 ] } },
{ "type": "Feature", "properties": { "inn": "1215214967", "short_name": "ООО \"ТРЕЙДИНВЕСТ\"", "region": "МАРИЙ ЭЛ", "registry_category": "Малое предприятие", "address": "424003, МАРИЙ ЭЛ, ЙОШКАР-ОЛА, БАУМАНА, 16, 9", "revenue": 147181.0, "net_profit": 123310.0, "ebit": 91813.0, "latitude": 56.6409009, "longitude": 47.8439489 }, "geometry": { "type": "Point", "coordinates": [ 47.8439489, 56.6409009 ] } },
{ "type": "Feature", "properties": { "inn": "2311159020", "short_name": "ООО \"СЭС\"", "region": "КРАСНОДАРСКИЙ", "registry_category": "Малое предприятие", "address": "350028, КРАСНОДАРСКИЙ, КРАСНОДАР, ИМ. ГЕРОЯ АВЕРКИЕВА А.А., 22, 74", "revenue": 936963.0, "net_profit": 123250.0, "ebit": 142665.0, "latitude": 45.0609293, "longitude": 39.0326473 }, "geometry": { "type": "Point", "coordinates": [ 39.0326473, 45.0609293 ] } },
{ "type": "Feature", "properties": { "inn": "7448100515", "short_name": "ООО \"СТРОЙКАПИТАЛ\"", "region": "ЧЕЛЯБИНСКАЯ", "registry_category": "Малое предприятие", "address": "454106, ЧЕЛЯБИНСКАЯ, ЧЕЛЯБИНСК, ЧАЙКОВСКОГО, 15, 326", "revenue": 299476.0, "net_profit": 123214.0, "ebit": null, "latitude": 55.1911935, "longitude": 61.363956 }, "geometry": { "type": "Point", "coordinates": [ 61.363956, 55.1911935 ] } },
{ "type": "Feature", "properties": { "inn": "3444186948", "short_name": "ООО \"ЮГ СТРОЙ\"", "region": "ВОЛГОГРАДСКАЯ", "registry_category": "Малое предприятие", "address": "400078, ВОЛГОГРАДСКАЯ, ВОЛГОГРАД, ИМ. В.И. ЛЕНИНА, 98", "revenue": 185240.0, "net_profit": 122523.0, "ebit": null, "latitude": 48.7484912, "longitude": 44.5497273 }, "geometry": { "type": "Point", "coordinates": [ 44.5497273, 48.7484912 ] } },
{ "type": "Feature", "properties": { "inn": "6658473007", "short_name": "ООО \"ЛЕВ\"", "region": "СВЕРДЛОВСКАЯ", "registry_category": "Малое предприятие", "address": "620902, СВЕРДЛОВСКАЯ, ЕКАТЕРИНБУРГ, ГОРНЫЙ ЩИТ, СВЕРДЛОВА, 48", "revenue": 1546314.0, "net_profit": 122180.0, "ebit": 82126.0, "latitude": 56.6942806, "longitude": 60.5365214 }, "geometry": { "type": "Point", "coordinates": [ 60.5365214, 56.6942806 ] } },
{ "type": "Feature", "properties": { "inn": "3665100339", "short_name": "ООО \"ПОДРЯД СТРОЙ\"", "region": "ВОРОНЕЖСКАЯ", "registry_category": "Малое предприятие", "address": "394016, ВОРОНЕЖСКАЯ, ВОРОНЕЖ, МОСКОВСКИЙ, 42Б, I", "revenue": 176164.0, "net_profit": 122127.0, "ebit": null, "latitude": 51.69297, "longitude": 39.1842275 }, "geometry": { "type": "Point", "coordinates": [ 39.1842275, 51.69297 ] } },
{ "type": "Feature", "properties": { "inn": "7816131635", "short_name": "АО \"ПЕТРОС\"", "region": "САНКТ-ПЕТЕРБУРГ", "registry_category": "Малое предприятие", "address": "192007, САНКТ-ПЕТЕРБУРГ, ЛИГОВСКИЙ, 200А, А, 7Н", "revenue": 888901.0, "net_profit": 120751.0, "ebit": 160948.0, "latitude": 59.9135624, "longitude": 30.3489769 }, "geometry": { "type": "Point", "coordinates": [ 30.3489769, 59.9135624 ] } },
{ "type": "Feature", "properties": { "inn": "7709862944", "short_name": "ООО \"СПЕЦИАЛИЗИРОВАННЫЙ ЗАСТРОЙЩИК Ю-ИНВЕСТ\"", "region": "МОСКОВСКАЯ", "registry_category": "Малое предприятие", "address": "141401, МОСКОВСКАЯ, ХИМКИ, ОЗЕРНАЯ, 1", "revenue": 15292.0, "net_profit": 120143.0, "ebit": 164937.0, "latitude": 55.8991547, "longitude": 37.4516935 }, "geometry": { "type": "Point", "coordinates": [ 37.4516935, 55.8991547 ] } },
{ "type": "Feature", "properties": { "inn": "2223056681", "short_name": "ООО \"РПК\"", "region": "НОВОСИБИРСКАЯ", "registry_category": "Малое предприятие", "address": "630083, НОВОСИБИРСКАЯ, НОВОСИБИРСК, БОЛЬШЕВИСТСКАЯ, 177/24, 302", "revenue": 482510.0, "net_profit": 119714.0, "ebit": 159618.0, "latitude": 54.9934299, "longitude": 82.9763187 }, "geometry": { "type": "Point", "coordinates": [ 82.9763187, 54.9934299 ] } },
{ "type": "Feature", "properties": { "inn": "1609036742", "short_name": "ООО \"СОЮЗ СТРОЙ\"", "region": "ТАТАРСТАН", "registry_category": "Малое предприятие", "address": "422022, ТАТАРСТАН, АРСКИЙ, МЕНДЮШ, МТС, 1А, 1", "revenue": 1577726.0, "net_profit": 119011.0, "ebit": 107200.0, "latitude": 56.1693592, "longitude": 49.9072411 }, "geometry": { "type": "Point", "coordinates": [ 49.9072411, 56.1693592 ] } },
{ "type": "Feature", "properties": { "inn": "2536269896", "short_name": "ООО \"АРКТИКА\"", "region": "ПРИМОРСКИЙ", "registry_category": "Малое предприятие", "address": "690034, ПРИМОРСКИЙ, ВЛАДИВОСТОК, ВОРОПАЕВА, 11, 207", "revenue": 491549.0, "net_profit": 118873.0, "ebit": 126162.0, "latitude": 43.1064485, "longitude": 131.9475405 }, "geometry": { "type": "Point", "coordinates": [ 131.9475405, 43.1064485 ] } },
{ "type": "Feature", "properties": { "inn": "9201519498", "short_name": "ООО \"АЛЬФА ГРУПП ПОДРЯД\"", "region": "СЕВАСТОПОЛЬ", "registry_category": "Малое предприятие", "address": "299008, СЕВАСТОПОЛЬ, МЕЧНИКОВА, 5, 9-Б/4", "revenue": 240583.0, "net_profit": 118873.0, "ebit": null, "latitude": 44.60257, "longitude": 33.50874 }, "geometry": { "type": "Point", "coordinates": [ 33.50874, 44.60257 ] } },
{ "type": "Feature", "properties": { "inn": "5025012896", "short_name": "АО \"ДУКС\"", "region": "МОСКОВСКАЯ", "registry_category": "Малое предприятие", "address": "141704, МОСКОВСКАЯ, Долгопрудный, НАБЕРЕЖНАЯ, 23, 1, НП 6", "revenue": null, "net_profit": 118729.0, "ebit": -41082.0, "latitude": 55.9625968, "longitude": 37.5222103 }, "geometry": { "type": "Point", "coordinates": [ 37.5222103, 55.9625968 ] } },
{ "type": "Feature", "properties": { "inn": "7724424720", "short_name": "ООО \"СТРОЙМОНТАЖ\"", "region": "МОСКВА", "registry_category": "Малое предприятие", "address": "115230, МОСКВА, ХЛЕБОЗАВОДСКИЙ, 7, 9, 39/Н", "revenue": 992280.0, "net_profit": 118426.0, "ebit": null, "latitude": 55.6698936, "longitude": 37.6325049 }, "geometry": { "type": "Point", "coordinates": [ 37.6325049, 55.6698936 ] } },
{ "type": "Feature", "properties": { "inn": "3817026548", "short_name": "ООО \"ИЛИМСПЕЦЗАЩИТА\"", "region": "ИРКУТСКАЯ", "registry_category": "Малое предприятие", "address": "666684, ИРКУТСКАЯ, УСТЬ-ИЛИМСК, 000000/1592", "revenue": 272613.0, "net_profit": 118168.0, "ebit": null, "latitude": 57.9388562, "longitude": 102.7374626 }, "geometry": { "type": "Point", "coordinates": [ 102.7374626, 57.9388562 ] } },
{ "type": "Feature", "properties": { "inn": "5405458373", "short_name": "ООО \"АМТ-ГРУПП\"", "region": "НОВОСИБИРСКАЯ", "registry_category": "Малое предприятие", "address": "630048, НОВОСИБИРСКАЯ, НОВОСИБИРСК, НЕМИРОВИЧА-ДАНЧЕНКО, 120/2, 3", "revenue": 2849079.0, "net_profit": 117845.0, "ebit": 169614.0, "latitude": 54.9758341, "longitude": 82.9000789 }, "geometry": { "type": "Point", "coordinates": [ 82.9000789, 54.9758341 ] } },
{ "type": "Feature", "properties": { "inn": "7726276121", "short_name": "ООО \"СТРОИТЕЛЬ-9\"", "region": "МОСКВА", "registry_category": "Малое предприятие", "address": "107497, МОСКВА, ИРКУТСКАЯ, 17, 4", "revenue": 550551.0, "net_profit": 117243.0, "ebit": null, "latitude": 55.8243565, "longitude": 37.7822835 }, "geometry": { "type": "Point", "coordinates": [ 37.7822835, 55.8243565 ] } },
{ "type": "Feature", "properties": { "inn": "2208060980", "short_name": "ООО \"СК ВЕРШИНА\"", "region": "АЛТАЙСКИЙ", "registry_category": "Малое предприятие", "address": "658080, АЛТАЙСКИЙ, НОВОАЛТАЙСК, ВЫСОКОВОЛЬТНАЯ, 2А, 2", "revenue": 190477.0, "net_profit": 116586.0, "ebit": 120591.0, "latitude": 53.4257474, "longitude": 83.9255709 }, "geometry": { "type": "Point", "coordinates": [ 83.9255709, 53.4257474 ] } },
{ "type": "Feature", "properties": { "inn": "6730033514", "short_name": "ООО СЗ \"ГРАЖДАНСТРОЙ\"", "region": "СМОЛЕНСКАЯ", "registry_category": "Малое предприятие", "address": "214019, СМОЛЕНСКАЯ, СМОЛЕНСК, ТРАМВАЙНЫЙ, 14, 309", "revenue": 114657.0, "net_profit": 116256.0, "ebit": 140894.0, "latitude": 54.7695606, "longitude": 32.0704655 }, "geometry": { "type": "Point", "coordinates": [ 32.0704655, 54.7695606 ] } },
{ "type": "Feature", "properties": { "inn": "7447220947", "short_name": "ООО \"ГЕНЕРАЦИОННОЕ ОБОРУДОВАНИЕ\"", "region": "ЧЕЛЯБИНСКАЯ", "registry_category": "Малое предприятие", "address": "454080, ЧЕЛЯБИНСКАЯ, ЧЕЛЯБИНСК, ТЕРНОПОЛЬСКАЯ, 6, 108", "revenue": 847214.0, "net_profit": 115681.0, "ebit": 126004.0, "latitude": 55.1555272, "longitude": 61.3700726 }, "geometry": { "type": "Point", "coordinates": [ 61.3700726, 55.1555272 ] } },
{ "type": "Feature", "properties": { "inn": "5503174732", "short_name": "ООО СК \"ФОРДЕВИНД\"", "region": "ОМСКАЯ", "registry_category": "Малое предприятие", "address": "644042, ОМСКАЯ, ОМСК, ИРТЫШСКАЯ НАБЕРЕЖНАЯ, 14А, 4", "revenue": 1102223.0, "net_profit": 115586.0, "ebit": null, "latitude": 54.9612113, "longitude": 73.3798927 }, "geometry": { "type": "Point", "coordinates": [ 73.3798927, 54.9612113 ] } },
{ "type": "Feature", "properties": { "inn": "4823038399", "short_name": "ОАО ТРЕСТ \"ЛИПЕЦКСТРОЙ\"", "region": "ЛИПЕЦКАЯ", "registry_category": "Среднее предприятие", "address": "398017, ЛИПЕЦКАЯ, ЛИПЕЦК, 9-ГО МАЯ, 14", "revenue": 2130277.0, "net_profit": 114859.0, "ebit": 182109.0, "latitude": 52.5717038, "longitude": 39.6150847 }, "geometry": { "type": "Point", "coordinates": [ 39.6150847, 52.5717038 ] } },
{ "type": "Feature", "properties": { "inn": "1424008929", "short_name": "ООО \"ВИД\"", "region": "САХА (ЯКУТИЯ)", "registry_category": "Малое предприятие", "address": "678290, САХА (ЯКУТИЯ), СУНТАРСКИЙ, СУНТАР, СТРОДА, 19", "revenue": 163708.0, "net_profit": 114356.0, "ebit": 127858.0, "latitude": 62.1587105, "longitude": 117.6431695 }, "geometry": { "type": "Point", "coordinates": [ 117.6431695, 62.1587105 ] } },
{ "type": "Feature", "properties": { "inn": "3907202653", "short_name": "ООО \"ТРИКА-СТРОЙ\"", "region": "КАЛИНИНГРАДСКАЯ", "registry_category": "Малое предприятие", "address": "236029, КАЛИНИНГРАДСКАЯ, КАЛИНИНГРАД, ГЕРЦЕНА, 68А, XVIII", "revenue": 564443.0, "net_profit": 114124.0, "ebit": 152190.0, "latitude": 54.7518953, "longitude": 20.5339718 }, "geometry": { "type": "Point", "coordinates": [ 20.5339718, 54.7518953 ] } },
{ "type": "Feature", "properties": { "inn": "3525168721", "short_name": "ООО \"ЦЕНТРСПЕЦАВТОМАТИКА\"", "region": "МОСКВА", "registry_category": "Среднее предприятие", "address": "109004, МОСКВА, ЗЕМЛЯНОЙ ВАЛ, 64, 2, 2/4", "revenue": 4737634.0, "net_profit": 114007.0, "ebit": 121729.0, "latitude": 55.7461097, "longitude": 37.6547441 }, "geometry": { "type": "Point", "coordinates": [ 37.6547441, 55.7461097 ] } },
{ "type": "Feature", "properties": { "inn": "1661057880", "short_name": "ООО \"СК ГАЛАТА\"", "region": "ТАТАРСТАН", "registry_category": "Малое предприятие", "address": "420085, ТАТАРСТАН, КАЗАНЬ, ОБНОРСКОГО, 208, 1, 3", "revenue": 1006106.0, "net_profit": 113720.0, "ebit": 155552.0, "latitude": 55.863137, "longitude": 49.025059 }, "geometry": { "type": "Point", "coordinates": [ 49.025059, 55.863137 ] } },
{ "type": "Feature", "properties": { "inn": "7751179308", "short_name": "ООО \"ФД ТЕХНОЛОГИЯ\"", "region": "МОСКВА", "registry_category": "Среднее предприятие", "address": "108842, МОСКВА, ТРОИЦК, ПОЛКОВНИКА МИЛИЦИИ КУРОЧКИНА, 19, 4/5", "revenue": 1817740.0, "net_profit": 113705.0, "ebit": 108477.0, "latitude": 55.4891432, "longitude": 37.3021396 }, "geometry": { "type": "Point", "coordinates": [ 37.3021396, 55.4891432 ] } },
{ "type": "Feature", "properties": { "inn": "4025084289", "short_name": "ООО СПЕЦИАЛИЗИРОВАННЫЙ ЗАСТРОЙЩИК \"НОВЫЙ ГОРОД\"", "region": "КАЛУЖСКАЯ", "registry_category": "Малое предприятие", "address": "249034, КАЛУЖСКАЯ, ОБНИНСК, ПОЛЕНОВА, 11, 1", "revenue": 1083331.0, "net_profit": 113655.0, "ebit": 163326.0, "latitude": 55.1315736, "longitude": 36.5733546 }, "geometry": { "type": "Point", "coordinates": [ 36.5733546, 55.1315736 ] } },
{ "type": "Feature", "properties": { "inn": "7703733340", "short_name": "АО ПСК \"МОНОЛИТ\"", "region": "МОСКВА", "registry_category": "Малое предприятие", "address": "123557, МОСКВА, БОЛЬШОЙ ТИШИНСКИЙ, 43", "revenue": 431177.0, "net_profit": 113612.0, "ebit": 135803.0, "latitude": 55.7692627, "longitude": 37.5680049 }, "geometry": { "type": "Point", "coordinates": [ 37.5680049, 55.7692627 ] } },
{ "type": "Feature", "properties": { "inn": "4825086937", "short_name": "ООО \"СУ-12 АПК-СТРОЙ\"", "region": "ЛИПЕЦКАЯ", "registry_category": "Среднее предприятие", "address": "398501, ЛИПЕЦКАЯ, ЛИПЕЦКИЙ, 5", "revenue": 1829433.0, "net_profit": 113547.0, "ebit": 4674.0, "latitude": 52.6457538, "longitude": 39.4554427 }, "geometry": { "type": "Point", "coordinates": [ 39.4554427, 52.6457538 ] } },
{ "type": "Feature", "properties": { "inn": "8911030766", "short_name": "ООО \"РГС-СТРОЙ 4\"", "region": "ЯМАЛО-НЕНЕЦКИЙ", "registry_category": "Малое предприятие", "address": "629830, ЯМАЛО-НЕНЕЦКИЙ, ГУБКИНСКИЙ, 57, 109/4", "revenue": 283869.0, "net_profit": 113083.0, "ebit": null, "latitude": 64.4730505, "longitude": 76.7005091 }, "geometry": { "type": "Point", "coordinates": [ 76.7005091, 64.4730505 ] } },
{ "type": "Feature", "properties": { "inn": "0274106224", "short_name": "ООО \"БПГС\"", "region": "БАШКОРТОСТАН", "registry_category": "Среднее предприятие", "address": "450057, БАШКОРТОСТАН, УФА, ЗАКИ ВАЛИДИ, 73", "revenue": 1104603.0, "net_profit": 113007.0, "ebit": 113311.0, "latitude": 54.7148851, "longitude": 55.9559976 }, "geometry": { "type": "Point", "coordinates": [ 55.9559976, 54.7148851 ] } },
{ "type": "Feature", "properties": { "inn": "7725108773", "short_name": "ООО \"ГРЭМ СЕРВИС ГРУПП\"", "region": "МОСКВА", "registry_category": "Малое предприятие", "address": "115191, МОСКВА, СЕРПУХОВСКИЙ ВАЛ, 17, 1, 9", "revenue": 442605.0, "net_profit": 112455.0, "ebit": null, "latitude": 55.7112793, "longitude": 37.6126851 }, "geometry": { "type": "Point", "coordinates": [ 37.6126851, 55.7112793 ] } },
{ "type": "Feature", "properties": { "inn": "7207012446", "short_name": "ООО \"ТЕХНИЧЕСКИЙ ЗАКАЗЧИК \"ПАРИТЕТ\"", "region": "ТЮМЕНСКАЯ", "registry_category": "Малое предприятие", "address": "625000, ТЮМЕНСКАЯ, ТЮМЕНЬ, 8 МАРТА, 1, 72", "revenue": 193720.0, "net_profit": 111931.0, "ebit": 91377.0, "latitude": 57.1540178, "longitude": 65.5459214 }, "geometry": { "type": "Point", "coordinates": [ 65.5459214, 57.1540178 ] } },
{ "type": "Feature", "properties": { "inn": "7707051002", "short_name": "ООО ФИРМА \"МОСИНВЕСТ\"", "region": "МОСКВА", "registry_category": "Малое предприятие", "address": "129337, МОСКВА, КРАСНАЯ СОСНА, 30, СТР.3", "revenue": 213995.0, "net_profit": 111804.0, "ebit": null, "latitude": 55.8436212, "longitude": 37.6815135 }, "geometry": { "type": "Point", "coordinates": [ 37.6815135, 55.8436212 ] } },
{ "type": "Feature", "properties": { "inn": "7536158377", "short_name": "ООО \"АТОМСПЕЦСТРОЙ\"", "region": "ЗАБАЙКАЛЬСКИЙ", "registry_category": "Среднее предприятие", "address": "672027, ЗАБАЙКАЛЬСКИЙ, ЧИТА, БУТИНА, 72, 7", "revenue": 1831099.0, "net_profit": 111417.0, "ebit": 150771.0, "latitude": 52.0488146, "longitude": 113.5145536 }, "geometry": { "type": "Point", "coordinates": [ 113.5145536, 52.0488146 ] } },
{ "type": "Feature", "properties": { "inn": "1215014090", "short_name": "АО \"СЗ \"ПМК-3\"", "region": "МАРИЙ ЭЛ", "registry_category": "Среднее предприятие", "address": "424031, МАРИЙ ЭЛ, ЙОШКАР-ОЛА, ПРОЛЕТАРСКАЯ, 63А", "revenue": 763688.0, "net_profit": 111095.0, "ebit": 145397.0, "latitude": 56.6474798, "longitude": 47.8791182 }, "geometry": { "type": "Point", "coordinates": [ 47.8791182, 56.6474798 ] } },
{ "type": "Feature", "properties": { "inn": "2536154479", "short_name": "ООО \"СПЕЦСТРОЙМОНТАЖ\"", "region": "ПРИМОРСКИЙ", "registry_category": "Малое предприятие", "address": "690080, ПРИМОРСКИЙ, ВЛАДИВОСТОК, ДОБРОВОЛЬСКОГО, 5, 5", "revenue": 749704.0, "net_profit": 110956.0, "ebit": null, "latitude": 43.0923202, "longitude": 131.9730122 }, "geometry": { "type": "Point", "coordinates": [ 131.9730122, 43.0923202 ] } },
{ "type": "Feature", "properties": { "inn": "1633608768", "short_name": "ООО \"НОКСА\"", "region": "ТАТАРСТАН", "registry_category": "Малое предприятие", "address": "422773, ТАТАРСТАН, ПЕСТРЕЧИНСКИЙ, КУЮКИ, КВАРТАЛ 12, 5, 2", "revenue": 337453.0, "net_profit": 110911.0, "ebit": 111469.0, "latitude": 55.7044948, "longitude": 49.3607031 }, "geometry": { "type": "Point", "coordinates": [ 49.3607031, 55.7044948 ] } },
{ "type": "Feature", "properties": { "inn": "3906980731", "short_name": "ООО \"СМУ-17\"", "region": "КАЛИНИНГРАДСКАЯ", "registry_category": "Малое предприятие", "address": "236043, КАЛИНИНГРАДСКАЯ, КАЛИНИНГРАД, АКСАКОВА, 137", "revenue": 227654.0, "net_profit": 110692.0, "ebit": null, "latitude": 54.7113903, "longitude": 20.5869635 }, "geometry": { "type": "Point", "coordinates": [ 20.5869635, 54.7113903 ] } },
{ "type": "Feature", "properties": { "inn": "4345468069", "short_name": "ООО \"КЛЕВЕР ДЕВЕЛОПМЕНТ\"", "region": "КИРОВСКАЯ", "registry_category": "Среднее предприятие", "address": "610000, КИРОВСКАЯ, КИРОВ, КАЗАНСКАЯ, 77Б, 2", "revenue": 3169295.0, "net_profit": 110682.0, "ebit": 131451.0, "latitude": 58.6029943, "longitude": 49.6837869 }, "geometry": { "type": "Point", "coordinates": [ 49.6837869, 58.6029943 ] } },
{ "type": "Feature", "properties": { "inn": "7447081450", "short_name": "ООО \"ЦЕНТР УПРАВЛЕНИЯ ПРОЕКТАМИ\"", "region": "ЧЕЛЯБИНСКАЯ", "registry_category": "Малое предприятие", "address": "454080, ЧЕЛЯБИНСКАЯ, ЧЕЛЯБИНСК, ГЕРОЯ РОССИИ ЯКОВЛЕВА А.В., 5, 3", "revenue": 76.0, "net_profit": 109954.0, "ebit": 26559.0, "latitude": 55.1719851, "longitude": 61.3683494 }, "geometry": { "type": "Point", "coordinates": [ 61.3683494, 55.1719851 ] } },
{ "type": "Feature", "properties": { "inn": "5404482221", "short_name": "ООО СЗ \"СУ-ЗАПАДНОЕ\"", "region": "НОВОСИБИРСКАЯ", "registry_category": "Малое предприятие", "address": "630024, НОВОСИБИРСКАЯ, Новосибирск, ПРИГОРОДНАЯ, 1/3, 2/21", "revenue": 159027.0, "net_profit": 109545.0, "ebit": 54301.0, "latitude": 54.9738203, "longitude": 82.9235392 }, "geometry": { "type": "Point", "coordinates": [ 82.9235392, 54.9738203 ] } },
{ "type": "Feature", "properties": { "inn": "2512300970", "short_name": "АО ТСПК", "region": "ПРИМОРСКИЙ", "registry_category": "Среднее предприятие", "address": "692880, ПРИМОРСКИЙ, ФОКИНО, ЗАВОДСКАЯ, 1Б", "revenue": 1914217.0, "net_profit": 109275.0, "ebit": 194923.0, "latitude": 42.96928, "longitude": 132.3949536 }, "geometry": { "type": "Point", "coordinates": [ 132.3949536, 42.96928 ] } },
{ "type": "Feature", "properties": { "inn": "7604214008", "short_name": "ООО \"ТЕХНОСТРОЙ\"", "region": "МОСКВА", "registry_category": "Среднее предприятие", "address": "123308, МОСКВА, МНЁВНИКИ, 6, 2/3", "revenue": 3853858.0, "net_profit": 109052.0, "ebit": 148452.0, "latitude": 55.7748739, "longitude": 37.4969771 }, "geometry": { "type": "Point", "coordinates": [ 37.4969771, 55.7748739 ] } },
{ "type": "Feature", "properties": { "inn": "4501175947", "short_name": "ООО \"МПМ\"", "region": "КУРГАНСКАЯ", "registry_category": "Малое предприятие", "address": "640008, КУРГАНСКАЯ, КУРГАН, ЮРГАМЫШСКАЯ, 3, 12, 1", "revenue": 254337.0, "net_profit": 109017.0, "ebit": 116424.0, "latitude": 55.4569113, "longitude": 65.3381711 }, "geometry": { "type": "Point", "coordinates": [ 65.3381711, 55.4569113 ] } },
{ "type": "Feature", "properties": { "inn": "3801095786", "short_name": "ООО \"РСМП\" ТАНГЕН\"", "region": "ИРКУТСКАЯ", "registry_category": "Малое предприятие", "address": "665806, ИРКУТСКАЯ, АНГАРСК, КОМСОМОЛЬСКАЯ, 10", "revenue": 353823.0, "net_profit": 108782.0, "ebit": 110512.0, "latitude": 52.592659, "longitude": 103.8683175 }, "geometry": { "type": "Point", "coordinates": [ 103.8683175, 52.592659 ] } },
{ "type": "Feature", "properties": { "inn": "9201015388", "short_name": "ООО \"СЕВСПЕЦСТРОЙ\"", "region": "СЕВАСТОПОЛЬ", "registry_category": "Малое предприятие", "address": "299059, СЕВАСТОПОЛЬ, ГЕРОЕВ БРЕСТА, 33", "revenue": 641.0, "net_profit": 108775.0, "ebit": null, "latitude": 44.5868504, "longitude": 33.4477671 }, "geometry": { "type": "Point", "coordinates": [ 33.4477671, 44.5868504 ] } },
{ "type": "Feature", "properties": { "inn": "7728050401", "short_name": "ООО \"ХИМКИ БИЗНЕС ПАРК\"", "region": "МОСКОВСКАЯ", "registry_category": "Малое предприятие", "address": "141402, МОСКОВСКАЯ, ХИМКИ, ЛЕНИНГРАДСКАЯ, 39, 6", "revenue": 679619.0, "net_profit": 108690.0, "ebit": 170313.0, "latitude": 55.8862634, "longitude": 37.4408317 }, "geometry": { "type": "Point", "coordinates": [ 37.4408317, 55.8862634 ] } },
{ "type": "Feature", "properties": { "inn": "1830000270", "short_name": "АО\"МСО\"", "region": "УДМУРТСКАЯ", "registry_category": "Среднее предприятие", "address": "427791, УДМУРТСКАЯ, МОЖГА, УСТЮЖАНИНА, 5", "revenue": 207641.0, "net_profit": 108237.0, "ebit": 27768.0, "latitude": 56.4484711, "longitude": 52.2053659 }, "geometry": { "type": "Point", "coordinates": [ 52.2053659, 56.4484711 ] } },
{ "type": "Feature", "properties": { "inn": "0274925865", "short_name": "ООО \"ЛЮКССТРОЙ\"", "region": "БАШКОРТОСТАН", "registry_category": "Среднее предприятие", "address": "450018, БАШКОРТОСТАН, УФА, ДАЯНА МУРЗИНА, 9/1, 2А", "revenue": 2655448.0, "net_profit": 107462.0, "ebit": 151315.0, "latitude": 54.6718837, "longitude": 55.9189678 }, "geometry": { "type": "Point", "coordinates": [ 55.9189678, 54.6718837 ] } },
{ "type": "Feature", "properties": { "inn": "7701388112", "short_name": "ООО \"ПРОМСТРОЙРЕМОНТ\"", "region": "БЕЛГОРОДСКАЯ", "registry_category": "Малое предприятие", "address": "309540, БЕЛГОРОДСКАЯ, СТАРЫЙ ОСКОЛ, Строительная проезд Ш-5, 11, 208", "revenue": 223710.0, "net_profit": 107421.0, "ebit": null, "latitude": 51.2333854, "longitude": 37.9353078 }, "geometry": { "type": "Point", "coordinates": [ 37.9353078, 51.2333854 ] } },
{ "type": "Feature", "properties": { "inn": "0107021081", "short_name": "ООО \"СТРОИТЕЛЬ\"", "region": "КРАСНОДАРСКИЙ", "registry_category": "Малое предприятие", "address": "350075, КРАСНОДАРСКИЙ, КРАСНОДАР, ИМ. СТАСОВА, 183, 48", "revenue": 511478.0, "net_profit": 107041.0, "ebit": null, "latitude": 45.0273988, "longitude": 39.0441624 }, "geometry": { "type": "Point", "coordinates": [ 39.0441624, 45.0273988 ] } },
{ "type": "Feature", "properties": { "inn": "3328412522", "short_name": "АО \"ВЛАДИМИР-СОЮЗПРОММОНТАЖ\"", "region": "ВЛАДИМИРСКАЯ", "registry_category": "Малое предприятие", "address": "600005, ВЛАДИМИРСКАЯ, ВЛАДИМИР, ПОЧАЕВСКИЙ ОВРАГ, 1, 1", "revenue": 886134.0, "net_profit": 106911.0, "ebit": 122748.0, "latitude": 56.1530303, "longitude": 40.3999278 }, "geometry": { "type": "Point", "coordinates": [ 40.3999278, 56.1530303 ] } },
{ "type": "Feature", "properties": { "inn": "2311194948", "short_name": "ООО \"СТРОЙТРЕВЛ\"", "region": "КРАСНОДАРСКИЙ", "registry_category": "Среднее предприятие", "address": "350059, КРАСНОДАРСКИЙ, КРАСНОДАР, ЯЛТИНСКАЯ, 39", "revenue": 1089345.0, "net_profit": 106314.0, "ebit": 132504.0, "latitude": 45.0266497, "longitude": 39.0298568 }, "geometry": { "type": "Point", "coordinates": [ 39.0298568, 45.0266497 ] } },
{ "type": "Feature", "properties": { "inn": "8615011812", "short_name": "ООО \"СТРОИТЕЛЬНО-ТОРГОВАЯ КОМПАНИЯ\"", "region": "ХАНТЫ-МАНСИЙСКИЙ АВТОНОМНЫЙ ОКРУГ - ЮГРА", "registry_category": "Малое предприятие", "address": "628240, ХАНТЫ-МАНСИЙСКИЙ АВТОНОМНЫЙ ОКРУГ - ЮГРА, СОВЕТСКИЙ, СОВЕТСКИЙ, ЗАПАДНЫЙ, 1А, 31", "revenue": 788487.0, "net_profit": 106303.0, "ebit": 141833.0, "latitude": 61.3549695, "longitude": 63.5100004 }, "geometry": { "type": "Point", "coordinates": [ 63.5100004, 61.3549695 ] } },
{ "type": "Feature", "properties": { "inn": "5262325157", "short_name": "ООО \"МЕЛАРИТ\"", "region": "НИЖЕГОРОДСКАЯ", "registry_category": "Малое предприятие", "address": "603057, НИЖЕГОРОДСКАЯ, НИЖНИЙ НОВГОРОД, НАРТОВА, 2, 13", "revenue": 199134.0, "net_profit": 105960.0, "ebit": null, "latitude": 56.2878258, "longitude": 43.9944002 }, "geometry": { "type": "Point", "coordinates": [ 43.9944002, 56.2878258 ] } },
{ "type": "Feature", "properties": { "inn": "2462201876", "short_name": "ООО \"КГК\"", "region": "КРАСНОЯРСКИЙ", "registry_category": "Малое предприятие", "address": "660064, КРАСНОЯРСКИЙ, КРАСНОЯРСК, АКАДЕМИКА ВАВИЛОВА, 1, 9, 2", "revenue": 1478351.0, "net_profit": 105083.0, "ebit": 127803.0, "latitude": 55.9969351, "longitude": 92.9284847 }, "geometry": { "type": "Point", "coordinates": [ 92.9284847, 55.9969351 ] } },
{ "type": "Feature", "properties": { "inn": "7536167389", "short_name": "ООО \"СПЕЦТРАНС\"", "region": "ЗАБАЙКАЛЬСКИЙ", "registry_category": "Малое предприятие", "address": "672027, ЗАБАЙКАЛЬСКИЙ, ЧИТА, БУТИНА, 72, 411", "revenue": 940391.0, "net_profit": 105078.0, "ebit": 157369.0, "latitude": 52.0488146, "longitude": 113.5145536 }, "geometry": { "type": "Point", "coordinates": [ 113.5145536, 52.0488146 ] } },
{ "type": "Feature", "properties": { "inn": "6163222353", "short_name": "ООО \"ПФК\"", "region": "РОСТОВСКАЯ", "registry_category": "Малое предприятие", "address": "344000, РОСТОВСКАЯ, Ростов-на-Дону, ЛЕРМОНТОВСКАЯ, 190, 513", "revenue": 273954.0, "net_profit": 104928.0, "ebit": null, "latitude": 47.2346141, "longitude": 39.7321596 }, "geometry": { "type": "Point", "coordinates": [ 39.7321596, 47.2346141 ] } },
{ "type": "Feature", "properties": { "inn": "6646008630", "short_name": "ЗАО \"ФСК \"ВЫСОТНИК\"", "region": "СВЕРДЛОВСКАЯ", "registry_category": "Малое предприятие", "address": "620028, СВЕРДЛОВСКАЯ, ЕКАТЕРИНБУРГ, ТОКАРЕЙ, 24, КВ. 64", "revenue": 333455.0, "net_profit": 104897.0, "ebit": 118659.0, "latitude": 56.8380426, "longitude": 60.5613113 }, "geometry": { "type": "Point", "coordinates": [ 60.5613113, 56.8380426 ] } },
{ "type": "Feature", "properties": { "inn": "6501282808", "short_name": "ООО \"ИМПУЛЬС\"", "region": "САХАЛИНСКАЯ", "registry_category": "Малое предприятие", "address": "694496, САХАЛИНСКАЯ, ОХИНСКИЙ, ОХА, ПРОМЫСЛОВАЯ, 6, 1", "revenue": 1169031.0, "net_profit": 104894.0, "ebit": 144465.0, "latitude": 53.5877208, "longitude": 142.9443614 }, "geometry": { "type": "Point", "coordinates": [ 142.9443614, 53.5877208 ] } },
{ "type": "Feature", "properties": { "inn": "7604198109", "short_name": "ООО СК \"СПЕЦСТРОЙ\"", "region": "ЯРОСЛАВСКАЯ", "registry_category": "Малое предприятие", "address": "150049, ЯРОСЛАВСКАЯ, ЯРОСЛАВЛЬ, ТОЛБУХИНА, 17А, 2-11", "revenue": 1000629.0, "net_profit": 104632.0, "ebit": null, "latitude": 57.622044, "longitude": 39.8566605 }, "geometry": { "type": "Point", "coordinates": [ 39.8566605, 57.622044 ] } },
{ "type": "Feature", "properties": { "inn": "7453129206", "short_name": "ООО \"ИБК\"", "region": "ЧЕЛЯБИНСКАЯ", "registry_category": "Малое предприятие", "address": "456320, ЧЕЛЯБИНСКАЯ, МИАСС, МАКЕЕВА, 54", "revenue": 706224.0, "net_profit": 104618.0, "ebit": 144656.0, "latitude": 55.1679493, "longitude": 60.1620625 }, "geometry": { "type": "Point", "coordinates": [ 60.1620625, 55.1679493 ] } },
{ "type": "Feature", "properties": { "inn": "7714872296", "short_name": "ООО \"БУТА КОНСТРАКШН\"", "region": "МОСКВА", "registry_category": "Малое предприятие", "address": "129515, МОСКВА, АКАДЕМИКА КОРОЛЕВА, 13, 1, 2/ПОМ IIIА/К 5/О 5", "revenue": 2618932.0, "net_profit": 104609.0, "ebit": 80923.0, "latitude": 55.625578, "longitude": 37.6063916 }, "geometry": { "type": "Point", "coordinates": [ 37.6063916, 55.625578 ] } },
{ "type": "Feature", "properties": { "inn": "6147040074", "short_name": "ООО \"СТРОИТЕЛЬ\"", "region": "РОСТОВСКАЯ", "registry_category": "Малое предприятие", "address": "347801, РОСТОВСКАЯ, КАМЕНСК-ШАХТИНСКИЙ, 4-Я ЛИНИЯ, 2", "revenue": 1397593.0, "net_profit": 104438.0, "ebit": null, "latitude": 48.3168474, "longitude": 40.3105939 }, "geometry": { "type": "Point", "coordinates": [ 40.3105939, 48.3168474 ] } },
{ "type": "Feature", "properties": { "inn": "9715334294", "short_name": "ООО \"РЕМЭКСПО СЛТ\"", "region": "МОСКВА", "registry_category": "Малое предприятие", "address": "127106, МОСКВА, ГОСТИНИЧНАЯ, 9, 1 ПОМ VIII ОФ 5", "revenue": 2293597.0, "net_profit": 104376.0, "ebit": 101476.0, "latitude": 55.625578, "longitude": 37.6063916 }, "geometry": { "type": "Point", "coordinates": [ 37.6063916, 55.625578 ] } },
{ "type": "Feature", "properties": { "inn": "7705989107", "short_name": "ООО \"СПК-ИНЖИНИРИНГ\"", "region": "МОСКВА", "registry_category": "Малое предприятие", "address": "129515, МОСКВА, АКАДЕМИКА КОРОЛЕВА, 13, 1, 6 ПОМ V КОМ 32", "revenue": 10800142.0, "net_profit": 104009.0, "ebit": 529679.0, "latitude": 55.625578, "longitude": 37.6063916 }, "geometry": { "type": "Point", "coordinates": [ 37.6063916, 55.625578 ] } },
{ "type": "Feature", "properties": { "inn": "5902168924", "short_name": "ООО \"ЭЛЕКТРОКОМ\"", "region": "ПЕРМСКИЙ", "registry_category": "Малое предприятие", "address": "614031, ПЕРМСКИЙ, ПЕРМЬ, ДОКУЧАЕВА, 42, 14", "revenue": 249988.0, "net_profit": 103487.0, "ebit": null, "latitude": 58.0358401, "longitude": 56.1434569 }, "geometry": { "type": "Point", "coordinates": [ 56.1434569, 58.0358401 ] } },
{ "type": "Feature", "properties": { "inn": "6315018549", "short_name": "ООО \"ЖИЛСТРОЙ\"", "region": "САМАРСКАЯ", "registry_category": "Малое предприятие", "address": "443013, САМАРСКАЯ, САМАРА, КОММУНИСТИЧЕСКАЯ, 105, 5", "revenue": 374445.0, "net_profit": 103471.0, "ebit": 118674.0, "latitude": 53.2016523, "longitude": 50.1443382 }, "geometry": { "type": "Point", "coordinates": [ 50.1443382, 53.2016523 ] } },
{ "type": "Feature", "properties": { "inn": "7704592660", "short_name": "ООО \"МЕГАСТРОЙ\"", "region": "МОСКВА", "registry_category": "Среднее предприятие", "address": "129075, МОСКВА, 2-Я НОВООСТАНКИНСКАЯ, 12, 6/1", "revenue": 2080285.0, "net_profit": 103218.0, "ebit": 134229.0, "latitude": 55.8151021, "longitude": 37.6250079 }, "geometry": { "type": "Point", "coordinates": [ 37.6250079, 55.8151021 ] } },
{ "type": "Feature", "properties": { "inn": "6322037052", "short_name": "ООО \"КОВЧЕГ\"", "region": "САМАРСКАЯ", "registry_category": "Среднее предприятие", "address": "445009, САМАРСКАЯ, ТОЛЬЯТТИ, ПОБЕДЫ, 4", "revenue": 1669379.0, "net_profit": 102738.0, "ebit": 151102.0, "latitude": 53.5225716, "longitude": 49.4279928 }, "geometry": { "type": "Point", "coordinates": [ 49.4279928, 53.5225716 ] } },
{ "type": "Feature", "properties": { "inn": "1215003701", "short_name": "АО СЗ \"СПП \"САЛЮТ\"", "region": "МАРИЙ ЭЛ", "registry_category": "Малое предприятие", "address": "424033, МАРИЙ ЭЛ, ЙОШКАР-ОЛА, ВОСКРЕСЕНСКАЯ, 34", "revenue": 208634.0, "net_profit": 102597.0, "ebit": 42473.0, "latitude": 56.6320794, "longitude": 47.9035092 }, "geometry": { "type": "Point", "coordinates": [ 47.9035092, 56.6320794 ] } },
{ "type": "Feature", "properties": { "inn": "5903044618", "short_name": "ООО \"ГРАН.АР-СТРОЙ\"", "region": "ПЕРМСКИЙ", "registry_category": "Малое предприятие", "address": "614087, ПЕРМСКИЙ, ПЕРМЬ, КОСМОНАВТОВ, 120, 4", "revenue": 562371.0, "net_profit": 102480.0, "ebit": 106681.0, "latitude": 57.9910071, "longitude": 56.191936 }, "geometry": { "type": "Point", "coordinates": [ 56.191936, 57.9910071 ] } },
{ "type": "Feature", "properties": { "inn": "6167138198", "short_name": "ООО \"БАЗАЛЬТ\"", "region": "РОСТОВСКАЯ", "registry_category": "Малое предприятие", "address": "344072, РОСТОВСКАЯ, РОСТОВ-НА-ДОНУ, ВЕРЕСАЕВА, 101/3, 1, 9", "revenue": 641519.0, "net_profit": 102219.0, "ebit": 112533.0, "latitude": 47.2398802, "longitude": 39.7997895 }, "geometry": { "type": "Point", "coordinates": [ 39.7997895, 47.2398802 ] } },
{ "type": "Feature", "properties": { "inn": "3456002465", "short_name": "ООО \"РЕМСТРОЙМОНТАЖ\"", "region": "ВОЛГОГРАДСКАЯ", "registry_category": "Малое предприятие", "address": "403343, ВОЛГОГРАДСКАЯ, МИХАЙЛОВКА, ПРОМЫШЛЕННАЯ, 2", "revenue": 249896.0, "net_profit": 102025.0, "ebit": 135124.0, "latitude": 50.0906413, "longitude": 43.2347341 }, "geometry": { "type": "Point", "coordinates": [ 43.2347341, 50.0906413 ] } },
{ "type": "Feature", "properties": { "inn": "2130136091", "short_name": "ООО \"СМУ-158\"", "region": "ЧУВАШСКАЯ РЕСПУБЛИКА -", "registry_category": "Малое предприятие", "address": "428018, ЧУВАШСКАЯ РЕСПУБЛИКА -, ЧЕБОКСАРЫ, МОСКОВСКИЙ, 17, 1, 3", "revenue": 151548.0, "net_profit": 101856.0, "ebit": 76658.0, "latitude": 56.1451477, "longitude": 47.2223102 }, "geometry": { "type": "Point", "coordinates": [ 47.2223102, 56.1451477 ] } },
{ "type": "Feature", "properties": { "inn": "3908603496", "short_name": "ООО \"ЗЕВА\"", "region": "КАЛИНИНГРАДСКАЯ", "registry_category": "Малое предприятие", "address": "236039, КАЛИНИНГРАДСКАЯ, КАЛИНИНГРАД, ЭЛЬБЛОНГСКАЯ, 33, 28", "revenue": 308726.0, "net_profit": 101733.0, "ebit": 105337.0, "latitude": 54.6988796, "longitude": 20.4948835 }, "geometry": { "type": "Point", "coordinates": [ 20.4948835, 54.6988796 ] } },
{ "type": "Feature", "properties": { "inn": "9715414870", "short_name": "ООО \"СПГ\"", "region": "МОСКВА", "registry_category": "Малое предприятие", "address": "111024, МОСКВА, 2-Я ЭНТУЗИАСТОВ, 5, 2/Н", "revenue": 1044270.0, "net_profit": 101431.0, "ebit": null, "latitude": 55.7493072, "longitude": 37.7273234 }, "geometry": { "type": "Point", "coordinates": [ 37.7273234, 55.7493072 ] } },
{ "type": "Feature", "properties": { "inn": "3651009168", "short_name": "ООО \"ТЕХСТРОЙПРОМ\"", "region": "ВОРОНЕЖСКАЯ", "registry_category": "Малое предприятие", "address": "396070, ВОРОНЕЖСКАЯ, НОВОВОРОНЕЖ, ЗАВОДСКОЙ, 8", "revenue": 412798.0, "net_profit": 101158.0, "ebit": 133796.0, "latitude": 51.3099367, "longitude": 39.2298469 }, "geometry": { "type": "Point", "coordinates": [ 39.2298469, 51.3099367 ] } },
{ "type": "Feature", "properties": { "inn": "7725813655", "short_name": "ООО \"КОМПЛЕКСНОЕ СТРОИТЕЛЬСТВО\"", "region": "МОСКВА", "registry_category": "Малое предприятие", "address": "115191, МОСКВА, СЕРПУХОВСКИЙ ВАЛ, 17, 1, 17", "revenue": 325050.0, "net_profit": 101134.0, "ebit": null, "latitude": 55.7112793, "longitude": 37.6126851 }, "geometry": { "type": "Point", "coordinates": [ 37.6126851, 55.7112793 ] } },
{ "type": "Feature", "properties": { "inn": "2311011320", "short_name": "АО \"ЖБИ №1\"", "region": "КРАСНОДАРСКИЙ", "registry_category": "Среднее предприятие", "address": "350051, КРАСНОДАРСКИЙ, КРАСНОДАР, ИМ. РЕПИНА, 22, ОФИС 54", "revenue": 342967.0, "net_profit": 100988.0, "ebit": 137577.0, "latitude": 45.0351532, "longitude": 38.9772396 }, "geometry": { "type": "Point", "coordinates": [ 38.9772396, 45.0351532 ] } },
{ "type": "Feature", "properties": { "inn": "2304016990", "short_name": "АО \"КУРОРТСТРОЙ\"", "region": "КРАСНОДАРСКИЙ", "registry_category": "Малое предприятие", "address": "353460, КРАСНОДАРСКИЙ, Геленджик, 12", "revenue": 1239967.0, "net_profit": 100650.0, "ebit": 132909.0, "latitude": 44.5604048, "longitude": 38.0770652 }, "geometry": { "type": "Point", "coordinates": [ 38.0770652, 44.5604048 ] } },
{ "type": "Feature", "properties": { "inn": "7203138261", "short_name": "ООО СЗ \"ТЮМЕНГАЗСТРОЙ\"", "region": "ТЮМЕНСКАЯ", "registry_category": "Среднее предприятие", "address": "625003, ТЮМЕНСКАЯ, Тюмень, КИРОВА, 43, 1, МАНСАРДНЫЙ", "revenue": 133843.0, "net_profit": 100594.0, "ebit": 29538.0, "latitude": 57.1551186, "longitude": 65.528273 }, "geometry": { "type": "Point", "coordinates": [ 65.528273, 57.1551186 ] } },
{ "type": "Feature", "properties": { "inn": "4025449758", "short_name": "ООО \"ЦБ\"", "region": "КАЛУЖСКАЯ", "registry_category": "Малое предприятие", "address": "249035, КАЛУЖСКАЯ, ОБНИНСК, МАРКСА, 20, 21", "revenue": 839645.0, "net_profit": 99877.0, "ebit": 133491.0, "latitude": 55.1144177, "longitude": 36.5929749 }, "geometry": { "type": "Point", "coordinates": [ 36.5929749, 55.1144177 ] } },
{ "type": "Feature", "properties": { "inn": "7801648847", "short_name": "ООО \"КОСОУР\"", "region": "САНКТ-ПЕТЕРБУРГ", "registry_category": "Малое предприятие", "address": "199034, САНКТ-ПЕТЕРБУРГ, 16-Я В.О., 7, Б, 12/16-Н", "revenue": 290315.0, "net_profit": 99637.0, "ebit": 157259.0, "latitude": 59.9422016, "longitude": 30.2849636 }, "geometry": { "type": "Point", "coordinates": [ 30.2849636, 59.9422016 ] } },
{ "type": "Feature", "properties": { "inn": "7731646956", "short_name": "ООО \"КАСТА\"", "region": "МОСКВА", "registry_category": "Малое предприятие", "address": "119270, МОСКВА, НОВОЛУЖНЕЦКИЙ, 9, 6", "revenue": 321092.0, "net_profit": 99425.0, "ebit": 99748.0, "latitude": 55.7194292, "longitude": 37.5624222 }, "geometry": { "type": "Point", "coordinates": [ 37.5624222, 55.7194292 ] } },
{ "type": "Feature", "properties": { "inn": "6453133218", "short_name": "ООО \"ЭВЕРЕСТ-СИ\"", "region": "САРАТОВСКАЯ", "registry_category": "Малое предприятие", "address": "410086, САРАТОВСКАЯ, САРАТОВ, БУРОВАЯ, 32А", "revenue": 573031.0, "net_profit": 99382.0, "ebit": null, "latitude": 51.5966994, "longitude": 45.902826 }, "geometry": { "type": "Point", "coordinates": [ 45.902826, 51.5966994 ] } },
{ "type": "Feature", "properties": { "inn": "3525048992", "short_name": "АО \"АПСК \"ГСА\"", "region": "ЯРОСЛАВСКАЯ", "registry_category": "Малое предприятие", "address": "150000, ЯРОСЛАВСКАЯ, ЯРОСЛАВЛЬ, РЕСПУБЛИКАНСКАЯ, 81, 2, 49", "revenue": 1487117.0, "net_profit": 99325.0, "ebit": 181370.0, "latitude": 57.6230096, "longitude": 39.8788835 }, "geometry": { "type": "Point", "coordinates": [ 39.8788835, 57.6230096 ] } },
{ "type": "Feature", "properties": { "inn": "7716576574", "short_name": "ООО \"СПЕЦИАЛИЗИРОВАННЫЙ ЗАСТРОЙЩИК \"РУССТРОЙГРУП\"", "region": "МОСКОВСКАЯ", "registry_category": "Среднее предприятие", "address": "141009, МОСКОВСКАЯ, МЫТИЩИ, КОЛОНЦОВА, 5, 2, 604", "revenue": 2717812.0, "net_profit": 99084.0, "ebit": 148413.0, "latitude": 55.9162403, "longitude": 37.765921 }, "geometry": { "type": "Point", "coordinates": [ 37.765921, 55.9162403 ] } },
{ "type": "Feature", "properties": { "inn": "5904350618", "short_name": "ООО \"СК \"ВЕГА\"", "region": "ПЕРМСКИЙ", "registry_category": "Малое предприятие", "address": "614016, ПЕРМСКИЙ, ПЕРМЬ, КУЙБЫШЕВА, 50", "revenue": 1366296.0, "net_profit": 98988.0, "ebit": 67791.0, "latitude": 58.0027308, "longitude": 56.239225 }, "geometry": { "type": "Point", "coordinates": [ 56.239225, 58.0027308 ] } },
{ "type": "Feature", "properties": { "inn": "7604226395", "short_name": "ООО \"ХАЙТЕК ФАСАД\"", "region": "ЯРОСЛАВСКАЯ", "registry_category": "Малое предприятие", "address": "150010, ЯРОСЛАВСКАЯ, ЯРОСЛАВЛЬ, ТОРМОЗНОЕ, 120, 33", "revenue": 497135.0, "net_profit": 98330.0, "ebit": 124238.0, "latitude": 57.5478433, "longitude": 39.9650703 }, "geometry": { "type": "Point", "coordinates": [ 39.9650703, 57.5478433 ] } },
{ "type": "Feature", "properties": { "inn": "5001107429", "short_name": "ООО \"МОСТЫ И ТОННЕЛИ\"", "region": "МОСКОВСКАЯ", "registry_category": "Малое предприятие", "address": "140014, МОСКОВСКАЯ, ЛЮБЕРЦЫ, ЭЛЕКТРИФИКАЦИИ, 3, 3, 12", "revenue": 1087278.0, "net_profit": 98271.0, "ebit": 149914.0, "latitude": 55.6701916, "longitude": 37.9190291 }, "geometry": { "type": "Point", "coordinates": [ 37.9190291, 55.6701916 ] } },
{ "type": "Feature", "properties": { "inn": "1326219505", "short_name": "ООО \"САРАНСКТЕХПРИБОР\"", "region": "МОРДОВИЯ", "registry_category": "Малое предприятие", "address": "430030, МОРДОВИЯ, САРАНСК, ВАСЕНКО, 38А", "revenue": 2854800.0, "net_profit": 98159.0, "ebit": 117831.0, "latitude": 54.1946774, "longitude": 45.1634118 }, "geometry": { "type": "Point", "coordinates": [ 45.1634118, 54.1946774 ] } },
{ "type": "Feature", "properties": { "inn": "2317057426", "short_name": "ООО \"СДС\"", "region": "КРАСНОДАРСКИЙ", "registry_category": "Малое предприятие", "address": "354340, КРАСНОДАРСКИЙ, СОЧИ, ГАСТЕЛЛО, 28, 3/3", "revenue": 1625527.0, "net_profit": 97423.0, "ebit": 119935.0, "latitude": 43.4456915, "longitude": 39.9139907 }, "geometry": { "type": "Point", "coordinates": [ 39.9139907, 43.4456915 ] } },
{ "type": "Feature", "properties": { "inn": "2543121643", "short_name": "ООО \"ЭСВ\"", "region": "ПРИМОРСКИЙ", "registry_category": "Малое предприятие", "address": "690105, ПРИМОРСКИЙ, ВЛАДИВОСТОК, АННЫ ЩЕТИНИНОЙ, 39, 1", "revenue": 2006497.0, "net_profit": 96795.0, "ebit": 120240.0, "latitude": 43.1651581, "longitude": 131.9548107 }, "geometry": { "type": "Point", "coordinates": [ 131.9548107, 43.1651581 ] } },
{ "type": "Feature", "properties": { "inn": "8602194090", "short_name": "ООО \"ССС\"", "region": "ХАНТЫ-МАНСИЙСКИЙ АВТОНОМНЫЙ ОКРУГ - ЮГРА", "registry_category": "Среднее предприятие", "address": "ХАНТЫ-МАНСИЙСКИЙ АВТОНОМНЫЙ ОКРУГ - ЮГРА, НИЖНЕВАРТОВСК, ИНДУСТРИАЛЬНАЯ, 105", "revenue": 3003048.0, "net_profit": 95960.0, "ebit": 121826.0, "latitude": 60.9598958, "longitude": 76.51628 }, "geometry": { "type": "Point", "coordinates": [ 76.51628, 60.9598958 ] } },
{ "type": "Feature", "properties": { "inn": "4414006950", "short_name": "ООО \" БАРС \"", "region": "КОСТРОМСКАЯ", "registry_category": "Малое предприятие", "address": "156012, КОСТРОМСКАЯ, КОСТРОМА, КОСТРОМСКАЯ, 105", "revenue": 507904.0, "net_profit": 95754.0, "ebit": 99355.0, "latitude": 57.8069838, "longitude": 40.9995772 }, "geometry": { "type": "Point", "coordinates": [ 40.9995772, 57.8069838 ] } },
{ "type": "Feature", "properties": { "inn": "6317106247", "short_name": "ООО \"СМУ - 5\"", "region": "САМАРСКАЯ", "registry_category": "Малое предприятие", "address": "443086, САМАРСКАЯ, САМАРА, ВРУБЕЛЯ, 17, Н5", "revenue": 383989.0, "net_profit": 95587.0, "ebit": 122999.0, "latitude": 53.2189117, "longitude": 50.1696805 }, "geometry": { "type": "Point", "coordinates": [ 50.1696805, 53.2189117 ] } },
{ "type": "Feature", "properties": { "inn": "2540212331", "short_name": "ООО \"ЗИМА ЮЖНАЯ\"", "region": "ПРИМОРСКИЙ", "registry_category": "Среднее предприятие", "address": "690002, ПРИМОРСКИЙ, ВЛАДИВОСТОК, 2-Я КРУГОВАЯ, 14, 100", "revenue": 34277.0, "net_profit": 95500.0, "ebit": 95512.0, "latitude": 43.1321011, "longitude": 131.908855 }, "geometry": { "type": "Point", "coordinates": [ 131.908855, 43.1321011 ] } },
{ "type": "Feature", "properties": { "inn": "7723434605", "short_name": "ООО СК \"ПЕРСПЕКТИВА\"", "region": "МОСКВА", "registry_category": "Среднее предприятие", "address": "109382, МОСКВА, ЛЮБЛИНСКАЯ, 64", "revenue": 3467253.0, "net_profit": 95407.0, "ebit": 213500.0, "latitude": 55.6634127, "longitude": 37.7313268 }, "geometry": { "type": "Point", "coordinates": [ 37.7313268, 55.6634127 ] } },
{ "type": "Feature", "properties": { "inn": "3801993892", "short_name": "ООО \"АСМ\"", "region": "ИРКУТСКАЯ", "registry_category": "Среднее предприятие", "address": "665821, ИРКУТСКАЯ, АНГАРСК, КАРЛА МАРКСА, 74А, 204", "revenue": 2154667.0, "net_profit": 95171.0, "ebit": 119831.0, "latitude": 52.524911, "longitude": 103.901069 }, "geometry": { "type": "Point", "coordinates": [ 103.901069, 52.524911 ] } },
{ "type": "Feature", "properties": { "inn": "0702007173", "short_name": "ООО \"ЗОЛЬСКАЯ ПМК-1\"", "region": "КАБАРДИНО-БАЛКАРСКАЯ", "registry_category": "Малое предприятие", "address": "361710, КАБАРДИНО-БАЛКАРСКАЯ, ЗОЛЬСКИЙ, МАЛКА, БОЛЬНИЧНАЯ, 6", "revenue": 42333.0, "net_profit": 94708.0, "ebit": null, "latitude": 43.4691791, "longitude": 43.5805188 }, "geometry": { "type": "Point", "coordinates": [ 43.5805188, 43.4691791 ] } },
{ "type": "Feature", "properties": { "inn": "6678068222", "short_name": "ООО СУ \"АРСЕНАЛ\"", "region": "СВЕРДЛОВСКАЯ", "registry_category": "Среднее предприятие", "address": "623702, СВЕРДЛОВСКАЯ, БЕРЕЗОВСКИЙ, АЛЕКСАНДРОВСКИЙ, 3, 1", "revenue": 647757.0, "net_profit": 94623.0, "ebit": 125867.0, "latitude": 56.895058, "longitude": 60.8345604 }, "geometry": { "type": "Point", "coordinates": [ 60.8345604, 56.895058 ] } },
{ "type": "Feature", "properties": { "inn": "2508073972", "short_name": "ООО \"ТРАНССТРОЙ\"", "region": "ПРИМОРСКИЙ", "registry_category": "Малое предприятие", "address": "692941, ПРИМОРСКИЙ, НАХОДКА, БАЗОВАЯ, 22", "revenue": 604277.0, "net_profit": 94310.0, "ebit": 92031.0, "latitude": 42.769419, "longitude": 133.0554148 }, "geometry": { "type": "Point", "coordinates": [ 133.0554148, 42.769419 ] } },
{ "type": "Feature", "properties": { "inn": "2801048449", "short_name": "АО СПЕЦИАЛИЗИРОВАННЫЙ ЗАСТРОЙЩИК \"АНК\"", "region": "АМУРСКАЯ", "registry_category": "Малое предприятие", "address": "675028, АМУРСКАЯ, БЛАГОВЕЩЕНСК, ПРОМЫШЛЕННАЯ, 7, 15", "revenue": 268119.0, "net_profit": 94237.0, "ebit": 115552.0, "latitude": 50.2932878, "longitude": 127.5026555 }, "geometry": { "type": "Point", "coordinates": [ 127.5026555, 50.2932878 ] } },
{ "type": "Feature", "properties": { "inn": "6166051748", "short_name": "ООО \"СМИ\"", "region": "СТАВРОПОЛЬСКИЙ", "registry_category": "Малое предприятие", "address": "356805, СТАВРОПОЛЬСКИЙ, БУДЕННОВСКИЙ, БУДЕННОВСК, 37", "revenue": 360682.0, "net_profit": 93588.0, "ebit": 57161.0, "latitude": 44.7527364, "longitude": 44.1053632 }, "geometry": { "type": "Point", "coordinates": [ 44.1053632, 44.7527364 ] } },
{ "type": "Feature", "properties": { "inn": "4205243072", "short_name": "ООО \"СКС\"", "region": "НОВОСИБИРСКАЯ", "registry_category": "Среднее предприятие", "address": "630096, НОВОСИБИРСКАЯ, НОВОСИБИРСК, СТАНЦИОННАЯ, 60/12, 110", "revenue": 1125334.0, "net_profit": 93472.0, "ebit": 133293.0, "latitude": 54.9974065, "longitude": 82.8195595 }, "geometry": { "type": "Point", "coordinates": [ 82.8195595, 54.9974065 ] } },
{ "type": "Feature", "properties": { "inn": "6437000933", "short_name": "ООО \"СОЮЗ\"", "region": "САРАТОВСКАЯ", "registry_category": "Малое предприятие", "address": "410086, САРАТОВСКАЯ, САРАТОВ, ПЕСЧАНО-УМЕТСКИЙ, 10, -", "revenue": 119806.0, "net_profit": 93405.0, "ebit": 103796.0, "latitude": 51.5984307, "longitude": 45.8667846 }, "geometry": { "type": "Point", "coordinates": [ 45.8667846, 51.5984307 ] } },
{ "type": "Feature", "properties": { "inn": "7451349069", "short_name": "ООО  \"СТРАТЕГИЯ\"", "region": "ЧЕЛЯБИНСКАЯ", "registry_category": "Малое предприятие", "address": "454080, ЧЕЛЯБИНСКАЯ, ЧЕЛЯБИНСК, ЛЕНИНА, 89, 215 Б", "revenue": 898822.0, "net_profit": 93365.0, "ebit": 88175.0, "latitude": 55.1586081, "longitude": 61.3732043 }, "geometry": { "type": "Point", "coordinates": [ 61.3732043, 55.1586081 ] } },
{ "type": "Feature", "properties": { "inn": "7708777679", "short_name": "ООО \"ПГСИ\"", "region": "МОСКВА", "registry_category": "Малое предприятие", "address": "119180, МОСКВА, БОЛЬШАЯ ПОЛЯНКА, 7/10, 3, 4/9/5", "revenue": 509599.0, "net_profit": 93128.0, "ebit": 119144.0, "latitude": 55.625578, "longitude": 37.6063916 }, "geometry": { "type": "Point", "coordinates": [ 37.6063916, 55.625578 ] } },
{ "type": "Feature", "properties": { "inn": "5321072550", "short_name": "ООО \"ГЛОРИЯ\"", "region": "НОВГОРОДСКАЯ", "registry_category": "Среднее предприятие", "address": "173016, НОВГОРОДСКАЯ, ВЕЛИКИЙ НОВГОРОД, МЕНДЕЛЕЕВА, 16", "revenue": 1063125.0, "net_profit": 93082.0, "ebit": 119649.0, "latitude": 58.5391786, "longitude": 31.2506522 }, "geometry": { "type": "Point", "coordinates": [ 31.2506522, 58.5391786 ] } },
{ "type": "Feature", "properties": { "inn": "7722624201", "short_name": "ООО \"СВЯЗЬ КОННЕКТ\"", "region": "МОСКВА", "registry_category": "Малое предприятие", "address": "111024, МОСКВА, 2-Й КАБЕЛЬНЫЙ, 1, ЭТАЖ 3", "revenue": 523918.0, "net_profit": 92824.0, "ebit": 70158.0, "latitude": 55.7479161, "longitude": 37.7162458 }, "geometry": { "type": "Point", "coordinates": [ 37.7162458, 55.7479161 ] } },
{ "type": "Feature", "properties": { "inn": "1655279884", "short_name": "ООО \"УРБАН КОНСТРАКШН\"", "region": "ТАТАРСТАН", "registry_category": "Малое предприятие", "address": "420132, ТАТАРСТАН, КАЗАНЬ, АДОРАТСКОГО, 29Д, 301", "revenue": 2065780.0, "net_profit": 92374.0, "ebit": 107710.0, "latitude": 55.8385037, "longitude": 49.1448983 }, "geometry": { "type": "Point", "coordinates": [ 49.1448983, 55.8385037 ] } },
{ "type": "Feature", "properties": { "inn": "7203151985", "short_name": "АО СЗ \"АКВА\"", "region": "ТЮМЕНСКАЯ", "registry_category": "Малое предприятие", "address": "625034, ТЮМЕНСКАЯ, ТЮМЕНЬ, ДАМБОВСКАЯ, 25, 1, 24", "revenue": 269694.0, "net_profit": 92360.0, "ebit": 132118.0, "latitude": 57.1532061, "longitude": 65.6056168 }, "geometry": { "type": "Point", "coordinates": [ 65.6056168, 57.1532061 ] } },
{ "type": "Feature", "properties": { "inn": "7805777138", "short_name": "ООО \"МАВИС-ГРАД\"", "region": "САНКТ-ПЕТЕРБУРГ", "registry_category": "Малое предприятие", "address": "198096, САНКТ-ПЕТЕРБУРГ, НА ТУРУХТАННЫЕ ОСТРОВА, 6, 5, 1-Н, ЧАСТЬ 40", "revenue": 1852618.0, "net_profit": 92009.0, "ebit": 101905.0, "latitude": 59.8681744, "longitude": 30.2517368 }, "geometry": { "type": "Point", "coordinates": [ 30.2517368, 59.8681744 ] } },
{ "type": "Feature", "properties": { "inn": "7810791610", "short_name": "ООО \"ВИЛИЯ\"", "region": "САНКТ-ПЕТЕРБУРГ", "registry_category": "Малое предприятие", "address": "197198, САНКТ-ПЕТЕРБУРГ, ПЕТРОВСКАЯ, 6, 1, 44Н", "revenue": 823734.0, "net_profit": 91648.0, "ebit": 95914.0, "latitude": 59.9629326, "longitude": 30.2464504 }, "geometry": { "type": "Point", "coordinates": [ 30.2464504, 59.9629326 ] } },
{ "type": "Feature", "properties": { "inn": "3019016289", "short_name": "ООО \"ПРОГРЕСС\"", "region": "АСТРАХАНСКАЯ", "registry_category": "Малое предприятие", "address": "414056, АСТРАХАНСКАЯ, АСТРАХАНЬ, САВУШКИНА, 4Б, 11", "revenue": 637092.0, "net_profit": 91596.0, "ebit": 167529.0, "latitude": 46.3761228, "longitude": 48.0495667 }, "geometry": { "type": "Point", "coordinates": [ 48.0495667, 46.3761228 ] } },
{ "type": "Feature", "properties": { "inn": "6663071832", "short_name": "ЗАО \"СМУ-25 УМС\"", "region": "СВЕРДЛОВСКАЯ", "registry_category": "Среднее предприятие", "address": "620137, СВЕРДЛОВСКАЯ, ЕКАТЕРИНБУРГ, БОРОВАЯ, 29, 3", "revenue": 1024003.0, "net_profit": 91407.0, "ebit": 66236.0, "latitude": 56.8641319, "longitude": 60.6482032 }, "geometry": { "type": "Point", "coordinates": [ 60.6482032, 56.8641319 ] } },
{ "type": "Feature", "properties": { "inn": "9723078140", "short_name": "ООО \"ДЕНДРОСТРОЙ\"", "region": "МОСКВА", "registry_category": "Среднее предприятие", "address": "115088, МОСКВА, ШАРИКОПОДШИПНИКОВСКАЯ, 38, 1, 2Н", "revenue": 2600356.0, "net_profit": 91023.0, "ebit": 130565.0, "latitude": 55.7147571, "longitude": 37.6770296 }, "geometry": { "type": "Point", "coordinates": [ 37.6770296, 55.7147571 ] } },
{ "type": "Feature", "properties": { "inn": "7704397203", "short_name": "ООО \"АВУАР\"", "region": "МОСКОВСКАЯ", "registry_category": "Малое предприятие", "address": "144000, МОСКОВСКАЯ, Электросталь, МАЯКОВСКОГО, 6А, 2", "revenue": 155954.0, "net_profit": 90664.0, "ebit": null, "latitude": 55.7953003, "longitude": 38.4422032 }, "geometry": { "type": "Point", "coordinates": [ 38.4422032, 55.7953003 ] } },
{ "type": "Feature", "properties": { "inn": "7733389126", "short_name": "ООО \"ОПУС\"", "region": "МОСКВА", "registry_category": "Малое предприятие", "address": "125371, МОСКВА, ВОЛОКОЛАМСКОЕ, 114, 1, 2/1", "revenue": 193416.0, "net_profit": 90116.0, "ebit": 120189.0, "latitude": 55.8294901, "longitude": 37.4164111 }, "geometry": { "type": "Point", "coordinates": [ 37.4164111, 55.8294901 ] } },
{ "type": "Feature", "properties": { "inn": "7714299413", "short_name": "ООО \"ДЕЛЬТА КОНСТРАКШН\"", "region": "МОСКВА", "registry_category": "Среднее предприятие", "address": "109428, МОСКВА, РЯЗАНСКИЙ, 8А, 1, VII, К.47 (ВН500) Т/Э", "revenue": 172356.0, "net_profit": 89258.0, "ebit": 52752.0, "latitude": 55.625578, "longitude": 37.6063916 }, "geometry": { "type": "Point", "coordinates": [ 37.6063916, 55.625578 ] } },
{ "type": "Feature", "properties": { "inn": "7727813770", "short_name": "ООО \"СУ-111\"", "region": "МОСКВА", "registry_category": "Малое предприятие", "address": "117628, МОСКВА, СТАРОБИТЦЕВСКАЯ, 15, 1, 3/1", "revenue": 1542342.0, "net_profit": 89035.0, "ebit": 122264.0, "latitude": 55.5749788, "longitude": 37.5828029 }, "geometry": { "type": "Point", "coordinates": [ 37.5828029, 55.5749788 ] } },
{ "type": "Feature", "properties": { "inn": "7722752281", "short_name": "ООО \"КОМПАНИЯ РЕНОВЕЛЬ\"", "region": "МОСКВА", "registry_category": "Малое предприятие", "address": "125167, МОСКВА, ВИКТОРЕНКО, 9, 1, 15", "revenue": 977763.0, "net_profit": 88884.0, "ebit": 117037.0, "latitude": 55.7947949, "longitude": 37.5283067 }, "geometry": { "type": "Point", "coordinates": [ 37.5283067, 55.7947949 ] } },
{ "type": "Feature", "properties": { "inn": "5408229117", "short_name": "ООО \"РОСТ БИЛД\"", "region": "НОВОСИБИРСКАЯ", "registry_category": "Малое предприятие", "address": "630005, НОВОСИБИРСКАЯ, НОВОСИБИРСК, НИКОЛАЯ ОСТРОВСКОГО, 49, 101", "revenue": 996876.0, "net_profit": 88363.0, "ebit": 110815.0, "latitude": 55.0519137, "longitude": 82.9332096 }, "geometry": { "type": "Point", "coordinates": [ 82.9332096, 55.0519137 ] } },
{ "type": "Feature", "properties": { "inn": "1646031380", "short_name": "ООО \"КАМА-СЕРВИС\"", "region": "ТАТАРСТАН", "registry_category": "Малое предприятие", "address": "423602, ТАТАРСТАН, ЕЛАБУЖСКИЙ, ЕЛАБУГА, ЧАПАЕВА, 55", "revenue": 136513.0, "net_profit": 88308.0, "ebit": null, "latitude": 55.75709118571428, "longitude": 52.006956114285714 }, "geometry": { "type": "Point", "coordinates": [ 52.006956114285714, 55.75709118571428 ] } },
{ "type": "Feature", "properties": { "inn": "6501181648", "short_name": "ООО \"СПЕЦИАЛИЗИРОВАННЫЙ ЗАСТРОЙЩИК \"САХИНСТРОЙ\"", "region": "САХАЛИНСКАЯ", "registry_category": "Малое предприятие", "address": "693004, САХАЛИНСКАЯ, ЮЖНО-САХАЛИНСК, ИМЕНИ И.П. ФАРХУТДИНОВА, 10Б, 1, 2", "revenue": 1687224.0, "net_profit": 88241.0, "ebit": 113341.0, "latitude": 46.9574273, "longitude": 142.727438 }, "geometry": { "type": "Point", "coordinates": [ 142.727438, 46.9574273 ] } },
{ "type": "Feature", "properties": { "inn": "1435246770", "short_name": "ООО \"СТРОЙ-В\"", "region": "САХА (ЯКУТИЯ)", "registry_category": "Малое предприятие", "address": "677000, САХА (ЯКУТИЯ), ЯКУТСК, ПОЯРКОВА, 19, 56", "revenue": 271363.0, "net_profit": 87680.0, "ebit": null, "latitude": 62.0350367, "longitude": 129.7328476 }, "geometry": { "type": "Point", "coordinates": [ 129.732847600000014, 62.0350367 ] } },
{ "type": "Feature", "properties": { "inn": "2623802415", "short_name": "ООО СПЕЦИАЛИЗИРОВАННЫЙ ЗАСТРОЙЩИК \"ДИАЛОГ-СТРОЙ\"", "region": "СТАВРОПОЛЬСКИЙ", "registry_category": "Малое предприятие", "address": "356245, СТАВРОПОЛЬСКИЙ, ШПАКОВСКИЙ, МИХАЙЛОВСК, НЕКРАСОВА, 20, 35", "revenue": 264455.0, "net_profit": 87032.0, "ebit": 100561.0, "latitude": 45.1333806, "longitude": 41.9959906 }, "geometry": { "type": "Point", "coordinates": [ 41.9959906, 45.1333806 ] } },
{ "type": "Feature", "properties": { "inn": "8602264527", "short_name": "ООО \"СИБСПЕЦАВТОМАТИКА\"", "region": "ХАНТЫ-МАНСИЙСКИЙ АВТОНОМНЫЙ ОКРУГ - ЮГРА", "registry_category": "Малое предприятие", "address": "628422, ХАНТЫ-МАНСИЙСКИЙ АВТОНОМНЫЙ ОКРУГ - ЮГРА, СУРГУТ, ТРУБНАЯ, 10/1", "revenue": 633497.0, "net_profit": 86731.0, "ebit": 100948.0, "latitude": 61.3414657, "longitude": 73.405212 }, "geometry": { "type": "Point", "coordinates": [ 73.405212, 61.3414657 ] } },
{ "type": "Feature", "properties": { "inn": "9102056626", "short_name": "ООО \"МОНОЛИТ-БЕТОН\"", "region": "КРЫМ", "registry_category": "Среднее предприятие", "address": "295013, КРЫМ, СИМФЕРОПОЛЬ, СЕВАСТОПОЛЬСКАЯ, 43Б", "revenue": 5824886.0, "net_profit": 86552.0, "ebit": 166839.0, "latitude": 44.9289572, "longitude": 34.0830238 }, "geometry": { "type": "Point", "coordinates": [ 34.0830238, 44.9289572 ] } },
{ "type": "Feature", "properties": { "inn": "4823003533", "short_name": "ООО \" ПОЛИТЕХНИК - М\"", "region": "ЛИПЕЦКАЯ", "registry_category": "Малое предприятие", "address": "398005, ЛИПЕЦКАЯ, ЛИПЕЦК, АЛМАЗНАЯ, 12", "revenue": 377468.0, "net_profit": 86526.0, "ebit": null, "latitude": 52.5671859, "longitude": 39.6607833 }, "geometry": { "type": "Point", "coordinates": [ 39.6607833, 52.5671859 ] } },
{ "type": "Feature", "properties": { "inn": "6829001720", "short_name": "ООО \"СПЕЦИАЛИЗИРОВАННЫЙ ЗАСТРОЙЩИК \"ТАМБОВПРОМСТРОЙХОЛДИНГ\"", "region": "ТАМБОВСКАЯ", "registry_category": "Малое предприятие", "address": "392029, ТАМБОВСКАЯ, ТАМБОВ, БАСТИОННАЯ, 29", "revenue": 352199.0, "net_profit": 86331.0, "ebit": 94107.0, "latitude": 52.7349116, "longitude": 41.3802124 }, "geometry": { "type": "Point", "coordinates": [ 41.3802124, 52.7349116 ] } },
{ "type": "Feature", "properties": { "inn": "8905050436", "short_name": "ООО \"МРС\"", "region": "ЯМАЛО-НЕНЕЦКИЙ", "registry_category": "Малое предприятие", "address": "629601, ЯМАЛО-НЕНЕЦКИЙ, МУРАВЛЕНКО, ЯМАЛЬСКАЯ, 26, 3", "revenue": 589581.0, "net_profit": 86273.0, "ebit": null, "latitude": 63.7941543, "longitude": 74.5329335 }, "geometry": { "type": "Point", "coordinates": [ 74.5329335, 63.7941543 ] } },
{ "type": "Feature", "properties": { "inn": "5406989257", "short_name": "ООО \"РАЙДЕКС\"", "region": "МОСКВА", "registry_category": "Малое предприятие", "address": "123022, МОСКВА, КРАСНАЯ ПРЕСНЯ, 24, 2 ПОМ I КОМ 29", "revenue": 1136670.0, "net_profit": 86151.0, "ebit": 145183.0, "latitude": 55.625578, "longitude": 37.6063916 }, "geometry": { "type": "Point", "coordinates": [ 37.6063916, 55.625578 ] } },
{ "type": "Feature", "properties": { "inn": "6950216009", "short_name": "ООО  \"ТЕХСТРОЙ\"", "region": "ТВЕРСКАЯ", "registry_category": "Малое предприятие", "address": "170033, ТВЕРСКАЯ, ТВЕРЬ, ЦАНОВА, 1Б, XVIIIВ ОФИС 309", "revenue": 602196.0, "net_profit": 85945.0, "ebit": null, "latitude": 56.8596713, "longitude": 35.8952416 }, "geometry": { "type": "Point", "coordinates": [ 35.8952416, 56.8596713 ] } },
{ "type": "Feature", "properties": { "inn": "7743744940", "short_name": "ООО \"АЦИС КОНСТРАКШН\"", "region": "МОСКВА", "registry_category": "Малое предприятие", "address": "123592, МОСКВА, КУЛАКОВА, 20, 1А", "revenue": 2634354.0, "net_profit": 85880.0, "ebit": 109464.0, "latitude": 55.80431, "longitude": 37.3909013 }, "geometry": { "type": "Point", "coordinates": [ 37.3909013, 55.80431 ] } },
{ "type": "Feature", "properties": { "inn": "4027121634", "short_name": "ООО \"СТРОЙРЕГИОН\"", "region": "КАЛУЖСКАЯ", "registry_category": "Малое предприятие", "address": "248001, КАЛУЖСКАЯ, КАЛУГА, КИРОВА, 59, 1, ОФИС 43", "revenue": 35956.0, "net_profit": 85664.0, "ebit": 49311.0, "latitude": 54.5130912, "longitude": 36.2702062 }, "geometry": { "type": "Point", "coordinates": [ 36.2702062, 54.5130912 ] } },
{ "type": "Feature", "properties": { "inn": "6141042798", "short_name": "ООО СПЕЦИАЛИЗИРОВАННЫЙ ЗАСТРОЙЩИК \"СТРОЙГАРАНТ\"", "region": "РОСТОВСКАЯ", "registry_category": "Малое предприятие", "address": "346885, РОСТОВСКАЯ, БАТАЙСК, СЕВЕРНАЯ ЗВЕЗДА, 7, 2, 11", "revenue": 267836.0, "net_profit": 85392.0, "ebit": 60141.0, "latitude": 47.1574033, "longitude": 39.7457265 }, "geometry": { "type": "Point", "coordinates": [ 39.7457265, 47.1574033 ] } },
{ "type": "Feature", "properties": { "inn": "1651067141", "short_name": "ООО \"ВЭМ\"", "region": "ТАТАРСТАН", "registry_category": "Среднее предприятие", "address": "423578, ТАТАРСТАН, НИЖНЕКАМСКИЙ, НИЖНЕКАМСК, ХИМИКОВ, 45А, 1009", "revenue": 459381.0, "net_profit": 85279.0, "ebit": 117838.0, "latitude": 55.6280664, "longitude": 51.8015811 }, "geometry": { "type": "Point", "coordinates": [ 51.8015811, 55.6280664 ] } },
{ "type": "Feature", "properties": { "inn": "6163073704", "short_name": "ООО \"СТРОЙ-ИНЖИНИРИНГ\"", "region": "РОСТОВСКАЯ", "registry_category": "Малое предприятие", "address": "344000, РОСТОВСКАЯ, РОСТОВ-НА-ДОНУ, МАКСИМА ГОРЬКОГО, 183, 5", "revenue": 1037669.0, "net_profit": 85239.0, "ebit": 113991.0, "latitude": 47.2286172, "longitude": 39.7210464 }, "geometry": { "type": "Point", "coordinates": [ 39.7210464, 47.2286172 ] } },
{ "type": "Feature", "properties": { "inn": "1327022163", "short_name": "ООО \"СТРОЙЭНЕРГОКОМПЛЕКТ\"", "region": "МОСКВА", "registry_category": "Малое предприятие", "address": "107023, МОСКВА, ЭЛЕКТРОЗАВОДСКАЯ, 24, 1", "revenue": 2628332.0, "net_profit": 85129.0, "ebit": 109575.0, "latitude": 55.7889129, "longitude": 37.7076559 }, "geometry": { "type": "Point", "coordinates": [ 37.7076559, 55.7889129 ] } },
{ "type": "Feature", "properties": { "inn": "7413014488", "short_name": "ООО \"СТРОИТЕЛЬПЛЮС\"", "region": "ЧЕЛЯБИНСКАЯ", "registry_category": "Малое предприятие", "address": "456871, ЧЕЛЯБИНСКАЯ, КЫШТЫМ, КРАСНОЙ ЗВЕЗДЫ, 107", "revenue": 154796.0, "net_profit": 84894.0, "ebit": null, "latitude": 55.6979111, "longitude": 60.5585879 }, "geometry": { "type": "Point", "coordinates": [ 60.5585879, 55.6979111 ] } },
{ "type": "Feature", "properties": { "inn": "5022035172", "short_name": "ЗАО \"ЭТАЛОНСТРОЙ\"", "region": "МОСКОВСКАЯ", "registry_category": "Малое предприятие", "address": "140479, МОСКОВСКАЯ, КОЛОМНА, ПИРОЧИ, 1", "revenue": 556288.0, "net_profit": 84629.0, "ebit": 117318.0, "latitude": 55.0747169, "longitude": 38.9563821 }, "geometry": { "type": "Point", "coordinates": [ 38.9563821, 55.0747169 ] } },
{ "type": "Feature", "properties": { "inn": "2361014453", "short_name": "ООО \"СЗ ЖК НА КРАСНОЙ\"", "region": "КРАСНОДАРСКИЙ", "registry_category": "Малое предприятие", "address": "353680, КРАСНОДАРСКИЙ, ЕЙСКИЙ, ЕЙСК, АРМАВИРСКАЯ, 45/6, 44", "revenue": 485679.0, "net_profit": 84328.0, "ebit": 118186.0, "latitude": 46.7033824, "longitude": 38.2839164 }, "geometry": { "type": "Point", "coordinates": [ 38.2839164, 46.7033824 ] } },
{ "type": "Feature", "properties": { "inn": "2723090480", "short_name": "ООО \"ЭНЕРГИЯ\"", "region": "ХАБАРОВСКИЙ", "registry_category": "Малое предприятие", "address": "680017, ХАБАРОВСКИЙ, ХАБАРОВСК, МУХИНА, 23, 29", "revenue": 346162.0, "net_profit": 84105.0, "ebit": null, "latitude": 48.4788062, "longitude": 135.0808965 }, "geometry": { "type": "Point", "coordinates": [ 135.0808965, 48.4788062 ] } },
{ "type": "Feature", "properties": { "inn": "7716850996", "short_name": "ООО \"АЛЬФА КОНСТРАКТ\"", "region": "МОСКВА", "registry_category": "Малое предприятие", "address": "124489, МОСКВА, ЗЕЛЕНОГРАД, СОСНОВАЯ, 4, 2", "revenue": 2284645.0, "net_profit": 83882.0, "ebit": 132375.0, "latitude": 55.9807955, "longitude": 37.2493872 }, "geometry": { "type": "Point", "coordinates": [ 37.2493872, 55.9807955 ] } },
{ "type": "Feature", "properties": { "inn": "2311251829", "short_name": "ООО \"СЗ \"КСК\"", "region": "КРАСНОДАРСКИЙ", "registry_category": "Малое предприятие", "address": "350087, КРАСНОДАРСКИЙ, КРАСНОДАР, ИМ. ЕВГЕНИИ ЖИГУЛЕНКО, 9, 160", "revenue": 432947.0, "net_profit": 83820.0, "ebit": 16597.0, "latitude": 45.0979064, "longitude": 39.0060968 }, "geometry": { "type": "Point", "coordinates": [ 39.0060968, 45.0979064 ] } },
{ "type": "Feature", "properties": { "inn": "9718070956", "short_name": "ООО \"МОНТАЖСТРОЙ ТТ\"", "region": "МОСКВА", "registry_category": "Малое предприятие", "address": "107113, МОСКВА, МАЛЕНКОВСКАЯ, 32, 3, 1", "revenue": 307473.0, "net_profit": 83621.0, "ebit": null, "latitude": 55.7863647, "longitude": 37.6746293 }, "geometry": { "type": "Point", "coordinates": [ 37.6746293, 55.7863647 ] } },
{ "type": "Feature", "properties": { "inn": "7721620684", "short_name": "ООО \"СТРОЙЦЕНТРАЛЬ\"", "region": "МОСКОВСКАЯ", "registry_category": "Среднее предприятие", "address": "140415, МОСКОВСКАЯ, КОЛОМНА, ПОЛЯНСКАЯ, 17, ПОМ.108", "revenue": 3604223.0, "net_profit": 83480.0, "ebit": 96772.0, "latitude": 55.0995509, "longitude": 38.7811165 }, "geometry": { "type": "Point", "coordinates": [ 38.7811165, 55.0995509 ] } },
{ "type": "Feature", "properties": { "inn": "2130103748", "short_name": "ООО \"ПРЕМИУМ СТРОЙ 21\"", "region": "ЧУВАШСКАЯ РЕСПУБЛИКА -", "registry_category": "Малое предприятие", "address": "428022, ЧУВАШСКАЯ РЕСПУБЛИКА -, ЧЕБОКСАРЫ, МАРПОСАДСКОЕ, 7 В, 1", "revenue": 892531.0, "net_profit": 82859.0, "ebit": null, "latitude": 56.0984586, "longitude": 47.268959 }, "geometry": { "type": "Point", "coordinates": [ 47.268959, 56.0984586 ] } },
{ "type": "Feature", "properties": { "inn": "7704352065", "short_name": "ООО \"МОСПРОМСТРОЙИНЖИНИРИНГ-2\"", "region": "МОСКВА", "registry_category": "Малое предприятие", "address": "119034, МОСКВА, ТИМУРА ФРУНЗЕ, 20", "revenue": 482443.0, "net_profit": 82853.0, "ebit": 106329.0, "latitude": 55.7351863, "longitude": 37.5892186 }, "geometry": { "type": "Point", "coordinates": [ 37.5892186, 55.7351863 ] } },
{ "type": "Feature", "properties": { "inn": "7743307059", "short_name": "ООО \"ЮГСТРОЙ\"", "region": "МОСКВА", "registry_category": "Малое предприятие", "address": "125130, МОСКВА, ЗОИ И АЛЕКСАНДРА КОСМОДЕМЬЯНСКИХ, 27, 9", "revenue": 1148206.0, "net_profit": 82392.0, "ebit": 112013.0, "latitude": 55.8210931, "longitude": 37.5116152 }, "geometry": { "type": "Point", "coordinates": [ 37.5116152, 55.8210931 ] } },
{ "type": "Feature", "properties": { "inn": "7813637110", "short_name": "ООО \"СК \"МОНОЛИТ\"", "region": "САНКТ-ПЕТЕРБУРГ", "registry_category": "Малое предприятие", "address": "197198, САНКТ-ПЕТЕРБУРГ, РОПШИНСКАЯ, 1/32, А, 8Н/19Н", "revenue": 658780.0, "net_profit": 82380.0, "ebit": null, "latitude": 59.9575247, "longitude": 30.2982193 }, "geometry": { "type": "Point", "coordinates": [ 30.2982193, 59.9575247 ] } },
{ "type": "Feature", "properties": { "inn": "2801016951", "short_name": "АО \"СК №1\"", "region": "АМУРСКАЯ", "registry_category": "Среднее предприятие", "address": "675004, АМУРСКАЯ, БЛАГОВЕЩЕНСК, СВ.ИННОКЕНТИЯ, 1", "revenue": 2193986.0, "net_profit": 82367.0, "ebit": 115568.0, "latitude": 50.2591255, "longitude": 127.5246679 }, "geometry": { "type": "Point", "coordinates": [ 127.5246679, 50.2591255 ] } },
{ "type": "Feature", "properties": { "inn": "7710940499", "short_name": "ООО \"ВСМ\"", "region": "МОСКВА", "registry_category": "Малое предприятие", "address": "119034, МОСКВА, ОСТОЖЕНКА, 19, 1, 3 ПОМ 18", "revenue": 330686.0, "net_profit": 82320.0, "ebit": 93671.0, "latitude": 55.625578, "longitude": 37.6063916 }, "geometry": { "type": "Point", "coordinates": [ 37.6063916, 55.625578 ] } },
{ "type": "Feature", "properties": { "inn": "5254490911", "short_name": "ООО \"СТРОЙИНЖИНИРИНГ\"", "region": "МОРДОВИЯ", "registry_category": "Малое предприятие", "address": "430005, МОРДОВИЯ, САРАНСК, СОВЕТСКАЯ, 47, 3", "revenue": 121067.0, "net_profit": 81841.0, "ebit": null, "latitude": 54.1812179, "longitude": 45.1827325 }, "geometry": { "type": "Point", "coordinates": [ 45.1827325, 54.1812179 ] } },
{ "type": "Feature", "properties": { "inn": "7805512935", "short_name": "ООО \"БАЛТТЕХСТРОЙ\"", "region": "САНКТ-ПЕТЕРБУРГ", "registry_category": "Малое предприятие", "address": "198328, САНКТ-ПЕТЕРБУРГ, БРЕСТСКИЙ, 8, А, 8-Н", "revenue": 959117.0, "net_profit": 81751.0, "ebit": 123414.0, "latitude": 59.8768317, "longitude": 30.4429637 }, "geometry": { "type": "Point", "coordinates": [ 30.4429637, 59.8768317 ] } },
{ "type": "Feature", "properties": { "inn": "2224098998", "short_name": "ООО ПСФ \"ИНЖЕНЕРСТРОЙ\"", "region": "АЛТАЙСКИЙ", "registry_category": "Малое предприятие", "address": "656910, АЛТАЙСКИЙ, БАРНАУЛ, НАУЧНЫЙ ГОРОДОК, 1 А", "revenue": 66615.0, "net_profit": 81586.0, "ebit": null, "latitude": 53.4192309, "longitude": 83.532719 }, "geometry": { "type": "Point", "coordinates": [ 83.532719, 53.4192309 ] } },
{ "type": "Feature", "properties": { "inn": "3662258085", "short_name": "ООО \"СТРОЙКОМПЛЕКС\"", "region": "ВОРОНЕЖСКАЯ", "registry_category": "Малое предприятие", "address": "394026, ВОРОНЕЖСКАЯ, ВОРОНЕЖ, КРАСНОДОНСКАЯ, 18В, 1", "revenue": 199925.0, "net_profit": 81565.0, "ebit": null, "latitude": 51.6855556, "longitude": 39.157067 }, "geometry": { "type": "Point", "coordinates": [ 39.157067, 51.6855556 ] } },
{ "type": "Feature", "properties": { "inn": "6671376130", "short_name": "ООО \"СТАНДАРТ СТРОЙ\"", "region": "СВЕРДЛОВСКАЯ", "registry_category": "Малое предприятие", "address": "620026, СВЕРДЛОВСКАЯ, ЕКАТЕРИНБУРГ, КУЙБЫШЕВА, 38, 137", "revenue": 1252255.0, "net_profit": 81507.0, "ebit": 93839.0, "latitude": 56.8288544, "longitude": 60.6193387 }, "geometry": { "type": "Point", "coordinates": [ 60.6193387, 56.8288544 ] } },
{ "type": "Feature", "properties": { "inn": "5262283965", "short_name": "ООО \"МИИМФ\"", "region": "НИЖЕГОРОДСКАЯ", "registry_category": "Малое предприятие", "address": "603009, НИЖЕГОРОДСКАЯ, Нижний Новгород, ГАГАРИНА, 166, 314", "revenue": 1218045.0, "net_profit": 81435.0, "ebit": 97101.0, "latitude": 56.2535363, "longitude": 43.9707853 }, "geometry": { "type": "Point", "coordinates": [ 43.9707853, 56.2535363 ] } },
{ "type": "Feature", "properties": { "inn": "7901542812", "short_name": "ООО \"СТРОЙКОМ\"", "region": "КОМИ", "registry_category": "Среднее предприятие", "address": "167004, КОМИ, СЫКТЫВКАР, ПУШКИНА, 59, 143", "revenue": 1308854.0, "net_profit": 81404.0, "ebit": null, "latitude": 61.6455257, "longitude": 50.8208228 }, "geometry": { "type": "Point", "coordinates": [ 50.8208228, 61.6455257 ] } },
{ "type": "Feature", "properties": { "inn": "5405442239", "short_name": "ООО \"СК АНИС\"", "region": "НОВОСИБИРСКАЯ", "registry_category": "Малое предприятие", "address": "630089, НОВОСИБИРСКАЯ, НОВОСИБИРСК, БОРИСА БОГАТКОВА, 210/1, 603", "revenue": 375504.0, "net_profit": 81044.0, "ebit": null, "latitude": 55.041395, "longitude": 82.983824 }, "geometry": { "type": "Point", "coordinates": [ 82.983824, 55.041395 ] } },
{ "type": "Feature", "properties": { "inn": "7715984348", "short_name": "ООО \"ХОРОС\"", "region": "МОСКВА", "registry_category": "Малое предприятие", "address": "115419, МОСКВА, 2-Й РОЩИНСКИЙ, 8, 2, М ПОМ XI КОМ 14", "revenue": 2028320.0, "net_profit": 80763.0, "ebit": 103033.0, "latitude": 55.625578, "longitude": 37.6063916 }, "geometry": { "type": "Point", "coordinates": [ 37.6063916, 55.625578 ] } },
{ "type": "Feature", "properties": { "inn": "7456032435", "short_name": "ООО \"АЛЬПИНДУСТРИЯ\"", "region": "ЧЕЛЯБИНСКАЯ", "registry_category": "Малое предприятие", "address": "455023, ЧЕЛЯБИНСКАЯ, МАГНИТОГОРСК, ОКТЯБРЬСКАЯ, 19, 1А", "revenue": 322078.0, "net_profit": 80732.0, "ebit": null, "latitude": 53.415935, "longitude": 58.9947807 }, "geometry": { "type": "Point", "coordinates": [ 58.9947807, 53.415935 ] } },
{ "type": "Feature", "properties": { "inn": "5904257376", "short_name": "ООО \"СК АТРИУМ\"", "region": "ПЕРМСКИЙ", "registry_category": "Малое предприятие", "address": "614111, ПЕРМСКИЙ, ПЕРМЬ, СОЛДАТОВА, 36, 83", "revenue": 301537.0, "net_profit": 80708.0, "ebit": null, "latitude": 57.9736732, "longitude": 56.2375223 }, "geometry": { "type": "Point", "coordinates": [ 56.2375223, 57.9736732 ] } },
{ "type": "Feature", "properties": { "inn": "5408290827", "short_name": "ООО КОРПОРАЦИЯ \"СБГ\"", "region": "НОВОСИБИРСКАЯ", "registry_category": "Малое предприятие", "address": "630073, НОВОСИБИРСКАЯ, НОВОСИБИРСК, КАРЛА МАРКСА, 57, 9", "revenue": 1396662.0, "net_profit": 80631.0, "ebit": 79049.0, "latitude": 54.9924633, "longitude": 82.9113612 }, "geometry": { "type": "Point", "coordinates": [ 82.9113612, 54.9924633 ] } },
{ "type": "Feature", "properties": { "inn": "5507221366", "short_name": "ООО \"ДОМСТРОЙ-97\"", "region": "ОМСКАЯ", "registry_category": "Малое предприятие", "address": "644015, ОМСКАЯ, ОМСК, 12 ДЕКАБРЯ, 56", "revenue": 164040.0, "net_profit": 80329.0, "ebit": null, "latitude": 54.9407623, "longitude": 73.3448423 }, "geometry": { "type": "Point", "coordinates": [ 73.3448423, 54.9407623 ] } },
{ "type": "Feature", "properties": { "inn": "5905269230", "short_name": "ООО \"ГЛОБАЛИНВЕСТРОЙ\"", "region": "ПЕРМСКИЙ", "registry_category": "Среднее предприятие", "address": "614500, ПЕРМСКИЙ, ПЕРМЬ, ВЕРХНЕ-МУЛЛИНСКАЯ, 74, 206", "revenue": 1111014.0, "net_profit": 80209.0, "ebit": 58795.0, "latitude": 57.9668319, "longitude": 56.1195256 }, "geometry": { "type": "Point", "coordinates": [ 56.1195256, 57.9668319 ] } },
{ "type": "Feature", "properties": { "inn": "1328002794", "short_name": "ООО \"ПСК \"МАГО-СТРОЙ\"", "region": "МОРДОВИЯ", "registry_category": "Малое предприятие", "address": "430031, МОРДОВИЯ, САРАНСК, УХТОМСКОГО, 47, 1", "revenue": 107114.0, "net_profit": 80199.0, "ebit": null, "latitude": 54.1890487, "longitude": 45.2457579 }, "geometry": { "type": "Point", "coordinates": [ 45.2457579, 54.1890487 ] } },
{ "type": "Feature", "properties": { "inn": "7716706992", "short_name": "ООО \"ЕНГО\"", "region": "МОСКВА", "registry_category": "Малое предприятие", "address": "129343, МОСКВА, НАНСЕНА, 1", "revenue": 1058930.0, "net_profit": 79947.0, "ebit": 97508.0, "latitude": 55.8484996, "longitude": 37.6528515 }, "geometry": { "type": "Point", "coordinates": [ 37.6528515, 55.8484996 ] } },
{ "type": "Feature", "properties": { "inn": "7724745755", "short_name": "АО \"АРСЕНАЛ\"", "region": "МОСКВА", "registry_category": "Среднее предприятие", "address": "127566, МОСКВА, АЛТУФЬЕВСКОЕ, 48К1, 9 ПОМ I ОФ 901", "revenue": 1384301.0, "net_profit": 79896.0, "ebit": 99030.0, "latitude": 55.625578, "longitude": 37.6063916 }, "geometry": { "type": "Point", "coordinates": [ 37.6063916, 55.625578 ] } },
{ "type": "Feature", "properties": { "inn": "7205013363", "short_name": "ООО \"ДЮНА\"", "region": "ОМСКАЯ", "registry_category": "Малое предприятие", "address": "644042, ОМСКАЯ, ОМСК, КАРЛА МАРКСА, 36, 1, 5", "revenue": 341240.0, "net_profit": 79865.0, "ebit": null, "latitude": 54.9589603, "longitude": 73.3860105 }, "geometry": { "type": "Point", "coordinates": [ 73.3860105, 54.9589603 ] } },
{ "type": "Feature", "properties": { "inn": "3817024117", "short_name": "ООО \"ИСК\"", "region": "ИРКУТСКАЯ", "registry_category": "Среднее предприятие", "address": "666684, ИРКУТСКАЯ, УСТЬ-ИЛИМСК, 020102/153", "revenue": 337012.0, "net_profit": 79750.0, "ebit": 69521.0, "latitude": 57.9388562, "longitude": 102.7374626 }, "geometry": { "type": "Point", "coordinates": [ 102.7374626, 57.9388562 ] } },
{ "type": "Feature", "properties": { "inn": "3435309618", "short_name": "ООО \"СОЛЯРИС\"", "region": "ВОЛГОГРАДСКАЯ", "registry_category": "Малое предприятие", "address": "404110, ВОЛГОГРАДСКАЯ, ВОЛЖСКИЙ, МОЛОДЕЖНАЯ, 17, 1", "revenue": 315707.0, "net_profit": 78709.0, "ebit": null, "latitude": 48.7931476, "longitude": 44.7521768 }, "geometry": { "type": "Point", "coordinates": [ 44.7521768, 48.7931476 ] } },
{ "type": "Feature", "properties": { "inn": "3906302165", "short_name": "ООО \"СПРИНТ\"", "region": "КАЛИНИНГРАДСКАЯ", "registry_category": "Малое предприятие", "address": "236039, КАЛИНИНГРАДСКАЯ, КАЛИНИНГРАД, ЭПРОНОВСКАЯ, 12, 1", "revenue": 14263.0, "net_profit": 78708.0, "ebit": 955.0, "latitude": 54.7022567, "longitude": 20.5137193 }, "geometry": { "type": "Point", "coordinates": [ 20.5137193, 54.7022567 ] } },
{ "type": "Feature", "properties": { "inn": "4345364782", "short_name": "ООО \"СМУ-12\"", "region": "КИРОВСКАЯ", "registry_category": "Малое предприятие", "address": "610014, КИРОВСКАЯ, КИРОВ, НЕКРАСОВА, 73", "revenue": 210003.0, "net_profit": 78678.0, "ebit": null, "latitude": 58.5828199, "longitude": 49.6128777 }, "geometry": { "type": "Point", "coordinates": [ 49.6128777, 58.5828199 ] } },
{ "type": "Feature", "properties": { "inn": "2721197290", "short_name": "ООО \"СТРОЙГРЕЙД\"", "region": "ХАБАРОВСКИЙ", "registry_category": "Малое предприятие", "address": "680052, ХАБАРОВСКИЙ, ХАБАРОВСК, ГОРЬКОГО, 60", "revenue": 1115941.0, "net_profit": 78528.0, "ebit": null, "latitude": 48.4536909, "longitude": 135.1861384 }, "geometry": { "type": "Point", "coordinates": [ 135.1861384, 48.4536909 ] } },
{ "type": "Feature", "properties": { "inn": "6311092799", "short_name": "ООО \"СПЕЦИАЛИЗИРОВАННЫЙ ЗАСТРОЙЩИК \"ВЕЛИКРАН-ИНВЕСТ\"", "region": "САМАРСКАЯ", "registry_category": "Малое предприятие", "address": "443001, САМАРСКАЯ, САМАРА, ЛЕНИНСКАЯ, 215, 201/3", "revenue": 58022.0, "net_profit": 78402.0, "ebit": -107.0, "latitude": 53.1991765, "longitude": 50.1175822 }, "geometry": { "type": "Point", "coordinates": [ 50.1175822, 53.1991765 ] } },
{ "type": "Feature", "properties": { "inn": "7803050192", "short_name": "ООО \"УК \"КРЕДО\"", "region": "ЛЕНИНГРАДСКАЯ", "registry_category": "Среднее предприятие", "address": "188669, ЛЕНИНГРАДСКАЯ, ВСЕВОЛОЖСКИЙ, МУРИНО, ЦЕНТРАЛЬНАЯ, 46, №32 (К №118)", "revenue": 605941.0, "net_profit": 78159.0, "ebit": 2971.0, "latitude": 60.046193, "longitude": 30.4458901 }, "geometry": { "type": "Point", "coordinates": [ 30.4458901, 60.046193 ] } },
{ "type": "Feature", "properties": { "inn": "9103002856", "short_name": "ООО \"СК \"ДЕЛЬТА\"", "region": "КРЫМ", "registry_category": "Малое предприятие", "address": "295014, КРЫМ, СИМФЕРОПОЛЬ, МРАМОРНАЯ, 3", "revenue": 2813680.0, "net_profit": 78090.0, "ebit": 90474.0, "latitude": 44.9640763, "longitude": 34.0780036 }, "geometry": { "type": "Point", "coordinates": [ 34.0780036, 44.9640763 ] } },
{ "type": "Feature", "properties": { "inn": "2902070169", "short_name": "ООО \"СТРОЙ ЦЕНТР\"", "region": "АРХАНГЕЛЬСКАЯ", "registry_category": "Малое предприятие", "address": "164512, АРХАНГЕЛЬСКАЯ, СЕВЕРОДВИНСК, АРХАНГЕЛЬСКОЕ, 65", "revenue": 1255320.0, "net_profit": 77813.0, "ebit": 77186.0, "latitude": 64.5638799, "longitude": 39.785989 }, "geometry": { "type": "Point", "coordinates": [ 39.785989, 64.5638799 ] } },
{ "type": "Feature", "properties": { "inn": "3120100228", "short_name": "ООО \"МАКССТРОЙ\"", "region": "БЕЛГОРОДСКАЯ", "registry_category": "Малое предприятие", "address": "309292, БЕЛГОРОДСКАЯ, ШЕБЕКИНО, ЛЕНИНА, 91А", "revenue": 734644.0, "net_profit": 77801.0, "ebit": 122430.0, "latitude": 50.3906302, "longitude": 36.8778188 }, "geometry": { "type": "Point", "coordinates": [ 36.8778188, 50.3906302 ] } },
{ "type": "Feature", "properties": { "inn": "5260208112", "short_name": "ООО СЗ \"СМ-ФИНАНС\"", "region": "НИЖЕГОРОДСКАЯ", "registry_category": "Малое предприятие", "address": "603105, НИЖЕГОРОДСКАЯ, НИЖНИЙ НОВГОРОД, ГЕНКИНОЙ, 25 А, П52 КАБИНЕТ 23", "revenue": 915354.0, "net_profit": 77704.0, "ebit": 286509.0, "latitude": 56.3264816, "longitude": 44.0051395 }, "geometry": { "type": "Point", "coordinates": [ 44.0051395, 56.3264816 ] } },
{ "type": "Feature", "properties": { "inn": "7703400936", "short_name": "ООО \"АЙКОН ГРУПП\"", "region": "МОСКВА", "registry_category": "Малое предприятие", "address": "121614, МОСКВА, КРЫЛАТСКАЯ, 33, 2, 2/1", "revenue": 732143.0, "net_profit": 77669.0, "ebit": 92853.0, "latitude": 55.770352, "longitude": 37.4077795 }, "geometry": { "type": "Point", "coordinates": [ 37.4077795, 55.770352 ] } },
{ "type": "Feature", "properties": { "inn": "5405442616", "short_name": "ООО ПСК \"СПМ\"", "region": "НОВОСИБИРСКАЯ", "registry_category": "Среднее предприятие", "address": "630024, НОВОСИБИРСКАЯ, Новосибирск, БЕТОННАЯ, 10", "revenue": 1505341.0, "net_profit": 77438.0, "ebit": 85563.0, "latitude": 54.9611133, "longitude": 82.9158366 }, "geometry": { "type": "Point", "coordinates": [ 82.9158366, 54.9611133 ] } },
{ "type": "Feature", "properties": { "inn": "5261026323", "short_name": "ООО \"АТОМСТРОЙ\"", "region": "НИЖЕГОРОДСКАЯ", "registry_category": "Малое предприятие", "address": "603107, НИЖЕГОРОДСКАЯ, НИЖНИЙ НОВГОРОД, ЗАОВРАЖНАЯ, 6", "revenue": 2242122.0, "net_profit": 77396.0, "ebit": 85734.0, "latitude": 56.2500172, "longitude": 43.9593351 }, "geometry": { "type": "Point", "coordinates": [ 43.9593351, 56.2500172 ] } },
{ "type": "Feature", "properties": { "inn": "6658431487", "short_name": "ООО \"УНИВЕРСАЛСЕРВИС-ЕК\"", "region": "СВЕРДЛОВСКАЯ", "registry_category": "Малое предприятие", "address": "620028, СВЕРДЛОВСКАЯ, ЕКАТЕРИНБУРГ, КИРОВА, 28/43, КАБИНЕТ 303", "revenue": 274237.0, "net_profit": 77354.0, "ebit": null, "latitude": 56.8382071, "longitude": 60.6007886 }, "geometry": { "type": "Point", "coordinates": [ 60.6007886, 56.8382071 ] } },
{ "type": "Feature", "properties": { "inn": "5904996610", "short_name": "ООО \"СТС\"", "region": "ПЕРМСКИЙ", "registry_category": "Среднее предприятие", "address": "614077, ПЕРМСКИЙ, ПЕРМЬ, АРКАДИЯ ГАЙДАРА, 8Б, 603", "revenue": 289408.0, "net_profit": 77266.0, "ebit": null, "latitude": 58.0018439, "longitude": 56.2958022 }, "geometry": { "type": "Point", "coordinates": [ 56.2958022, 58.0018439 ] } },
{ "type": "Feature", "properties": { "inn": "7716687066", "short_name": "ООО \"ГОРИЗОНТ\"", "region": "МОСКВА", "registry_category": "Малое предприятие", "address": "105064, МОСКВА, НИЖНИЙ СУСАЛЬНЫЙ, 5, 19", "revenue": 1022989.0, "net_profit": 76677.0, "ebit": 100860.0, "latitude": 55.7593457, "longitude": 37.66597 }, "geometry": { "type": "Point", "coordinates": [ 37.66597, 55.7593457 ] } },
{ "type": "Feature", "properties": { "inn": "7723428577", "short_name": "ООО \"ОРГРЭС\"", "region": "МОСКОВСКАЯ", "registry_category": "Малое предприятие", "address": "143409, МОСКОВСКАЯ, КРАСНОГОРСК, УСПЕНСКАЯ, 4А, 2/215", "revenue": 151142.0, "net_profit": 76577.0, "ebit": null, "latitude": 55.8288738, "longitude": 37.2975749 }, "geometry": { "type": "Point", "coordinates": [ 37.2975749, 55.8288738 ] } },
{ "type": "Feature", "properties": { "inn": "5406616375", "short_name": "ООО \"РЕМСТРОЙ\"", "region": "НОВОСИБИРСКАЯ", "registry_category": "Среднее предприятие", "address": "630099, НОВОСИБИРСКАЯ, НОВОСИБИРСК, ЯДРИНЦЕВСКАЯ, 73К1", "revenue": 381200.0, "net_profit": 76498.0, "ebit": null, "latitude": 55.0329458, "longitude": 82.9272605 }, "geometry": { "type": "Point", "coordinates": [ 82.9272605, 55.0329458 ] } },
{ "type": "Feature", "properties": { "inn": "7017326290", "short_name": "ООО \"СИБСПЕЦСТРОЙ\"", "region": "ТОМСКАЯ", "registry_category": "Малое предприятие", "address": "634009, ТОМСКАЯ, ТОМСК, НИЖНЕ-ЛУГОВАЯ, 87/5, 8", "revenue": 540871.0, "net_profit": 76476.0, "ebit": 95806.0, "latitude": 56.5190701, "longitude": 84.9256107 }, "geometry": { "type": "Point", "coordinates": [ 84.9256107, 56.5190701 ] } },
{ "type": "Feature", "properties": { "inn": "6312134360", "short_name": "АО \"СЗ \"КОШЕЛЕВ - ПРОЕКТ САМАРА\"", "region": "КАЛУЖСКАЯ", "registry_category": "Малое предприятие", "address": "248039, КАЛУЖСКАЯ, КАЛУГА, БРАТЬЕВ ЛУКАНИНЫХ, 23, 1", "revenue": 605477.0, "net_profit": 76102.0, "ebit": 118363.0, "latitude": 54.5021681, "longitude": 36.1753329 }, "geometry": { "type": "Point", "coordinates": [ 36.1753329, 54.5021681 ] } },
{ "type": "Feature", "properties": { "inn": "6166094692", "short_name": "ООО \"РЕГИОН\"", "region": "РОСТОВСКАЯ", "registry_category": "Малое предприятие", "address": "344009, РОСТОВСКАЯ, РОСТОВ-НА-ДОНУ, ШОЛОХОВА, 270/3", "revenue": 180561.0, "net_profit": 76044.0, "ebit": 81763.0, "latitude": 47.2594108, "longitude": 39.8077285 }, "geometry": { "type": "Point", "coordinates": [ 39.8077285, 47.2594108 ] } },
{ "type": "Feature", "properties": { "inn": "7709051600", "short_name": "АО \"НИТИС\"", "region": "МОСКВА", "registry_category": "Малое предприятие", "address": "115432, МОСКВА, ТРОФИМОВА, 1/17, 39/1", "revenue": 468003.0, "net_profit": 75886.0, "ebit": 84368.0, "latitude": 55.7036085, "longitude": 37.6618846 }, "geometry": { "type": "Point", "coordinates": [ 37.6618846, 55.7036085 ] } },
{ "type": "Feature", "properties": { "inn": "7814544002", "short_name": "ООО \"РЕМАРК\"", "region": "САНКТ-ПЕТЕРБУРГ", "registry_category": "Малое предприятие", "address": "199155, САНКТ-ПЕТЕРБУРГ, УРАЛЬСКАЯ, 19, 10, 1-Н, КОМ. 43", "revenue": 437686.0, "net_profit": 75756.0, "ebit": null, "latitude": 59.9606739, "longitude": 30.1586551 }, "geometry": { "type": "Point", "coordinates": [ 30.1586551, 59.9606739 ] } },
{ "type": "Feature", "properties": { "inn": "7707635248", "short_name": "ООО \"ВО \"ТВОРЧЕСКИЕ МАСТЕРСКИЕ\"", "region": "МОСКВА", "registry_category": "Малое предприятие", "address": "127030, МОСКВА, НОВОСЛОБОДСКАЯ, 20", "revenue": 7946.0, "net_profit": 75669.0, "ebit": null, "latitude": 55.7804125, "longitude": 37.5996357 }, "geometry": { "type": "Point", "coordinates": [ 37.5996357, 55.7804125 ] } },
{ "type": "Feature", "properties": { "inn": "2801202330", "short_name": "ООО \"СПЕЦИАЛИЗИРОВАННЫЙ ЗАСТРОЙЩИК \"СОДРУЖЕСТВО\"", "region": "САНКТ-ПЕТЕРБУРГ", "registry_category": "Малое предприятие", "address": "194100, САНКТ-ПЕТЕРБУРГ, БОЛЬШОЙ САМПСОНИЕВСКИЙ, 77, 1, 68", "revenue": 207333.0, "net_profit": 75493.0, "ebit": 99408.0, "latitude": 59.9864807, "longitude": 30.3351961 }, "geometry": { "type": "Point", "coordinates": [ 30.3351961, 59.9864807 ] } },
{ "type": "Feature", "properties": { "inn": "5029171030", "short_name": "ООО \"МОНОЛИТ-ИНЖИНИРИНГ\"", "region": "МОСКОВСКАЯ", "registry_category": "Малое предприятие", "address": "141006, МОСКОВСКАЯ, МЫТИЩИ, МЫТИЩИ, ОЛИМПИЙСКИЙ, 48, ОФИС 32", "revenue": 116185.0, "net_profit": 75467.0, "ebit": null, "latitude": 55.9338994, "longitude": 37.7533522 }, "geometry": { "type": "Point", "coordinates": [ 37.7533522, 55.9338994 ] } },
{ "type": "Feature", "properties": { "inn": "1655211533", "short_name": "ООО \"АПЕКС\"", "region": "ТАТАРСТАН", "registry_category": "Среднее предприятие", "address": "420111, ТАТАРСТАН, КАЗАНЬ, КАРЛА ФУКСА, 11/6, ОФИС 16", "revenue": 5934378.0, "net_profit": 75299.0, "ebit": 130075.0, "latitude": 55.7946485, "longitude": 49.1115022 }, "geometry": { "type": "Point", "coordinates": [ 49.1115022, 55.7946485 ] } },
{ "type": "Feature", "properties": { "inn": "7716067312", "short_name": "ООО \"СМК \"ЭСТЕРА\"", "region": "МОСКВА", "registry_category": "Малое предприятие", "address": "129323, МОСКВА, СЕРЕБРЯКОВА, 11, 1, 1 ПОМ XXII", "revenue": 642551.0, "net_profit": 75251.0, "ebit": null, "latitude": 55.8486098, "longitude": 37.6514526 }, "geometry": { "type": "Point", "coordinates": [ 37.6514526, 55.8486098 ] } },
{ "type": "Feature", "properties": { "inn": "4202051862", "short_name": "ООО \"МАСТЕР-СТРОЙ\"", "region": "КЕМЕРОВСКАЯ ОБЛАСТЬ - КУЗБАСС", "registry_category": "Малое предприятие", "address": "652600, КЕМЕРОВСКАЯ ОБЛАСТЬ - КУЗБАСС, БЕЛОВО, ОКТЯБРЬСКАЯ, 15А, 26", "revenue": 530143.0, "net_profit": 75234.0, "ebit": 99575.0, "latitude": 54.438943, "longitude": 86.3011858 }, "geometry": { "type": "Point", "coordinates": [ 86.3011858, 54.438943 ] } },
{ "type": "Feature", "properties": { "inn": "3906084559", "short_name": "ООО \"РЕКСТРОЙ\"", "region": "КАЛИНИНГРАДСКАЯ", "registry_category": "Малое предприятие", "address": "236016, КАЛИНИНГРАДСКАЯ, КАЛИНИНГРАД, ГЕНЕРАЛ-МАЙОРА ЯНОВСКОГО, 7", "revenue": 83591.0, "net_profit": 75201.0, "ebit": 70535.0, "latitude": 54.7143475, "longitude": 20.5314526 }, "geometry": { "type": "Point", "coordinates": [ 20.5314526, 54.7143475 ] } },
{ "type": "Feature", "properties": { "inn": "1435301012", "short_name": "ООО \"ПК \"ДСА\"", "region": "САХА (ЯКУТИЯ)", "registry_category": "Малое предприятие", "address": "677008, САХА (ЯКУТИЯ), ЯКУТСК, КУСТУК, 93/4", "revenue": 367343.0, "net_profit": 75059.0, "ebit": 85719.0, "latitude": 62.0096805, "longitude": 129.6222472 }, "geometry": { "type": "Point", "coordinates": [ 129.6222472, 62.0096805 ] } },
{ "type": "Feature", "properties": { "inn": "7838086810", "short_name": "ООО \"СК-СТРОЙ\"", "region": "САНКТ-ПЕТЕРБУРГ", "registry_category": "Малое предприятие", "address": "190000, САНКТ-ПЕТЕРБУРГ, ПИРОГОВА, 7, А, 4Н КОМ 37", "revenue": 591147.0, "net_profit": 74943.0, "ebit": null, "latitude": 59.9606739, "longitude": 30.1586551 }, "geometry": { "type": "Point", "coordinates": [ 30.1586551, 59.9606739 ] } },
{ "type": "Feature", "properties": { "inn": "2315169420", "short_name": "ООО \"ПРОФСТРОЙ-МПК\"", "region": "КРАСНОДАРСКИЙ", "registry_category": "Среднее предприятие", "address": "353900, КРАСНОДАРСКИЙ, НОВОРОССИЙСК, МИРА, 12", "revenue": 1275744.0, "net_profit": 74902.0, "ebit": 100965.0, "latitude": 44.7186987, "longitude": 37.7810561 }, "geometry": { "type": "Point", "coordinates": [ 37.7810561, 44.7186987 ] } },
{ "type": "Feature", "properties": { "inn": "9710027483", "short_name": "ООО \"СОЛЕТАНШ\"", "region": "МОСКВА", "registry_category": "Малое предприятие", "address": "119048, МОСКВА, КОМСОМОЛЬСКИЙ, 42, 3", "revenue": 1688074.0, "net_profit": 74796.0, "ebit": 120453.0, "latitude": 55.7214997, "longitude": 37.57242 }, "geometry": { "type": "Point", "coordinates": [ 37.57242, 55.7214997 ] } },
{ "type": "Feature", "properties": { "inn": "3662242938", "short_name": "ООО СК \"ЗАРЕЧЬЕ\"", "region": "ВОРОНЕЖСКАЯ", "registry_category": "Малое предприятие", "address": "394088, ВОРОНЕЖСКАЯ, ВОРОНЕЖ, ПОБЕДЫ, 50Б, 53Б", "revenue": 988322.0, "net_profit": 74702.0, "ebit": 114858.0, "latitude": 51.7124081, "longitude": 39.1469553 }, "geometry": { "type": "Point", "coordinates": [ 39.1469553, 51.7124081 ] } },
{ "type": "Feature", "properties": { "inn": "2508003742", "short_name": "ООО \"ХСО\"", "region": "ПРИМОРСКИЙ", "registry_category": "Малое предприятие", "address": "692918, ПРИМОРСКИЙ, НАХОДКА, ЭНТУЗИАСТОВ, 15", "revenue": 270266.0, "net_profit": 74624.0, "ebit": null, "latitude": 42.8391685, "longitude": 132.8816216 }, "geometry": { "type": "Point", "coordinates": [ 132.881621599999988, 42.8391685 ] } },
{ "type": "Feature", "properties": { "inn": "7203372134", "short_name": "ООО ГК \"РЕГИОН 72\"", "region": "ТЮМЕНСКАЯ", "registry_category": "Малое предприятие", "address": "625013, ТЮМЕНСКАЯ, ТЮМЕНЬ, 50 ЛЕТ ОКТЯБРЯ, 120, 417", "revenue": 746186.0, "net_profit": 74409.0, "ebit": 99619.0, "latitude": 57.1316234, "longitude": 65.6068404 }, "geometry": { "type": "Point", "coordinates": [ 65.6068404, 57.1316234 ] } },
{ "type": "Feature", "properties": { "inn": "6671163653", "short_name": "ООО \"КОДЕКС\"", "region": "СВЕРДЛОВСКАЯ", "registry_category": "Малое предприятие", "address": "620091, СВЕРДЛОВСКАЯ, ЕКАТЕРИНБУРГ, БАБУШКИНА, 5А, 252", "revenue": 155628.0, "net_profit": 74247.0, "ebit": null, "latitude": 56.8832691, "longitude": 60.6260344 }, "geometry": { "type": "Point", "coordinates": [ 60.6260344, 56.8832691 ] } },
{ "type": "Feature", "properties": { "inn": "0263009652", "short_name": "ООО \"МАСТЕР - А\"", "region": "БАШКОРТОСТАН", "registry_category": "Малое предприятие", "address": "453854, БАШКОРТОСТАН, МЕЛЕУЗОВСКИЙ, МЕЛЕУЗ, ОКТЯБРЬСКАЯ, 8А, 10", "revenue": 286901.0, "net_profit": 73846.0, "ebit": null, "latitude": 52.9616535, "longitude": 55.9344773 }, "geometry": { "type": "Point", "coordinates": [ 55.9344773, 52.9616535 ] } },
{ "type": "Feature", "properties": { "inn": "6230039620", "short_name": "ООО \"МАРМАКС ИНЖИНИРИНГ\"", "region": "РЯЗАНСКАЯ", "registry_category": "Малое предприятие", "address": "390000, РЯЗАНСКАЯ, РЯЗАНЬ, ПРАВО-ЛЫБЕДСКАЯ, 27, Н101", "revenue": 225207.0, "net_profit": 73310.0, "ebit": null, "latitude": 54.6276312, "longitude": 39.7437396 }, "geometry": { "type": "Point", "coordinates": [ 39.7437396, 54.6276312 ] } },
{ "type": "Feature", "properties": { "inn": "7326043436", "short_name": "ООО \"ПОВОЛЖСКИЙ СТРОИТЕЛЬНЫЙ ЦЕНТР\"", "region": "УЛЬЯНОВСКАЯ", "registry_category": "Малое предприятие", "address": "432000, УЛЬЯНОВСКАЯ, УЛЬЯНОВСК, ГОНЧАРОВА, 21, 123", "revenue": 6623.0, "net_profit": 72935.0, "ebit": 13569.0, "latitude": 54.31498, "longitude": 48.4014234 }, "geometry": { "type": "Point", "coordinates": [ 48.4014234, 54.31498 ] } }
]
}
