inn,org_id,short_name,ogrn,organization_status,region,district,city,settlement,address,registry_category,registry_okved,registry_activity,bo_okved,year,revenue,gross_profit,sales_profit,profit_before_tax,net_profit,interest_income,interest_expense,ebit,correction_id,correction_version,date_present,collection_status,latitude,longitude,geocoded_name,geocode_precision,geocode_status,geocode_error
9715426146,11928206,"АО ""МР-ЦЕНТР""",1227700524831,ACTIVE,МОСКВА,,,,"127015, МОСКВА, НОВОДМИТРОВСКАЯ, 2, 2, 12",Малое предприятие,41.2,41.20 Строительство жилых и нежилых зданий,41.20,2025,3870268.0,3816821.0,3141875.0,3260512.0,2429778.0,171177.0,,3089335.0,56413961,0,2026-03-30T18:45:22,success_bfo,,,,,not_found,
7806056530,5088937,"ЗАО ""СК ""ТЕМП""",1037816006348,ACTIVE,САНКТ-ПЕТЕРБУРГ,,,,"193318, САНКТ-ПЕТЕРБУРГ, БАДАЕВА, 8, 3, 1-Н",Среднее предприятие,41.2,41.20 Строительство жилых и нежилых зданий,68.10.21,2025,5744991.0,3481188.0,2875003.0,2860289.0,2145252.0,1136.0,0.0,2859153.0,53620415,0,2026-02-20T00:00:00,success_bfo,,,,,not_found,
4703142302,8938702,"ООО ""АРСЕНАЛ ГРУПП""",1144703003840,ACTIVE,САНКТ-ПЕТЕРБУРГ,,,,"197376, САНКТ-ПЕТЕРБУРГ, ПЛЕСЕЦКАЯ, 2, 1, 48Н",Малое предприятие,41.2,41.20 Строительство жилых и нежилых зданий,41.20,2025,3260590.0,2614240.0,2541442.0,2281308.0,1692267.0,41509.0,4031.0,2243830.0,55281964,0,2026-03-25T09:30:03,success_bfo,,,,,not_found,
9710078784,11152520,"ООО ""ДИСТРИКТ ДЕВЕЛОПМЕНТ - СПЕЦЗАСТРОЙЩИК""",1197746608058,ACTIVE,МОСКВА,,,,"125009, МОСКВА, ТВЕРСКАЯ, 6, 2, 2 ПОМ I КОМ 23",Среднее предприятие,41.2,41.20 Строительство жилых и нежилых зданий,41.20,2025,,,-2661.0,1588059.0,1579177.0,38220.0,0.0,1549839.0,57873873,1,2026-08-20T15:10:12,success_bfo,,,,,not_found,
7723882491,8095332,"ООО ""ГАРАНТСТРОЙ""",1137746804502,ACTIVE,МОСКВА,,,,"121609, МОСКВА, ОСЕННЯЯ, 23, 114А/1/9",Малое предприятие,41.2,41.20 Строительство жилых и нежилых зданий,41.20,2025,1524362.0,1524362.0,1524362.0,1524659.0,1524659.0,,0.0,1524659.0,57400423,0,2026-03-31T22:38:01,success_bfo,,,,,not_found,
9715426146,11928206,"АО ""МР-ЦЕНТР""",1227700524831,ACTIVE,МОСКВА,,,,"127015, МОСКВА, НОВОДМИТРОВСКАЯ, 2, 2, 12",Малое предприятие,41.2,41.20 Строительство жилых и нежилых зданий,41.20,2025,3870268.0,3816821.0,3141875.0,3260512.0,2429778.0,171177.0,,3089335.0,56413961,0,2026-03-30T18:45:22,success_bfo,55.7984126,37.58712,"Большая Новодмитровская улица, 12 с2, Москва, Москва, Россия",address,success,
7806056530,5088937,"ЗАО ""СК ""ТЕМП""",1037816006348,ACTIVE,САНКТ-ПЕТЕРБУРГ,,,,"193318, САНКТ-ПЕТЕРБУРГ, БАДАЕВА, 8, 3, 1-Н",Среднее предприятие,41.2,41.20 Строительство жилых и нежилых зданий,68.10.21,2025,5744991.0,3481188.0,2875003.0,2860289.0,2145252.0,1136.0,0.0,2859153.0,53620415,0,2026-02-20T00:00:00,success_bfo,59.9171293,30.4467655,"улица Бадаева, 8 к3 литБ, Санкт-Петербург, Санкт-Петербург, Россия",address,success,
4703142302,8938702,"ООО ""АРСЕНАЛ ГРУПП""",1144703003840,ACTIVE,САНКТ-ПЕТЕРБУРГ,,,,"197376, САНКТ-ПЕТЕРБУРГ, ПЛЕСЕЦКАЯ, 2, 1, 48Н",Малое предприятие,41.2,41.20 Строительство жилых и нежилых зданий,41.20,2025,3260590.0,2614240.0,2541442.0,2281308.0,1692267.0,41509.0,4031.0,2243830.0,55281964,0,2026-03-25T09:30:03,success_bfo,60.0301543,30.2049501,"Boxberry, Плесецкая улица, 2 с1, Санкт-Петербург, Санкт-Петербург, Россия",address,success,
9710078784,11152520,"ООО ""ДИСТРИКТ ДЕВЕЛОПМЕНТ - СПЕЦЗАСТРОЙЩИК""",1197746608058,ACTIVE,МОСКВА,,,,"125009, МОСКВА, ТВЕРСКАЯ, 6, 2, 2 ПОМ I КОМ 23",Среднее предприятие,41.2,41.20 Строительство жилых и нежилых зданий,41.20,2025,,,-2661.0,1588059.0,1579177.0,38220.0,0.0,1549839.0,57873873,1,2026-08-20T15:10:12,success_bfo,,,,,not_found,
7723882491,8095332,"ООО ""ГАРАНТСТРОЙ""",1137746804502,ACTIVE,МОСКВА,,,,"121609, МОСКВА, ОСЕННЯЯ, 23, 114А/1/9",Малое предприятие,41.2,41.20 Строительство жилых и нежилых зданий,41.20,2025,1524362.0,1524362.0,1524362.0,1524659.0,1524659.0,,0.0,1524659.0,57400423,0,2026-03-31T22:38:01,success_bfo,55.7637017,37.4056429,"Art De Vie, Осенний бульвар, 23, Москва, Москва, Россия",address,success,
5257145631,8532475,"ООО ""СЗ ""АНДОР""",1145257003022,ACTIVE,НИЖЕГОРОДСКАЯ,,НИЖНИЙ НОВГОРОД,,"603093, НИЖЕГОРОДСКАЯ, НИЖНИЙ НОВГОРОД, ЯБЛОНЕВАЯ, 28, П, 102/4",Малое предприятие,41.2,41.20 Строительство жилых и нежилых зданий,,2025,12406715.0,3726629.0,3722958.0,3997806.0,2989870.0,276109.0,102.0,3721799.0,54690068,0,2026-03-20T07:56:40,success_bfo,56.3129075,44.0573767,"Яблоневая улица, 28 к4, Нижний Новгород, Нижегородская область, Россия",address,success,
7813475980,874067,"ООО ""РСТИ НА ГЛУХАРСКОЙ (СПЕЦИАЛИЗИРОВАННЫЙ ЗАСТРОЙЩИК)""",1107847210657,ACTIVE,САНКТ-ПЕТЕРБУРГ,,,,"197198, САНКТ-ПЕТЕРБУРГ, ДОБРОЛЮБОВА, 17, С, 12-Н",Малое предприятие,41.2,41.2 Строительство жилых и нежилых зданий,41.2,2025,6524184.0,3862459.0,3603890.0,3670211.0,2756518.0,143306.0,10682.0,3537587.0,57734727,2,2026-06-03T11:09:06,success_bfo,59.9498504,30.2998434,"проспект Добролюбова, 17, Санкт-Петербург, Санкт-Петербург, Россия",address,success,
7725127342,3071251,"ООО ""МЕДЖИКОМ""",1037739026709,ACTIVE,МОСКВА,,,,"119119, МОСКВА, ЛЕНИНСКИЙ, 42, 2",Малое предприятие,41.2,41.20 Строительство жилых и нежилых зданий,41.20,2025,4982618.0,2867120.0,2628483.0,2604776.0,1953530.0,133320.0,84639.0,2556095.0,56733230,0,2026-03-31T12:09:21,success_bfo,55.7036816,37.5664139,"Ленинский проспект, 42 с2, Москва, Москва, Россия",address,success,
9710078784,11152520,"ООО ""ДИСТРИКТ ДЕВЕЛОПМЕНТ - СПЕЦЗАСТРОЙЩИК""",1197746608058,ACTIVE,МОСКВА,,,,"125009, МОСКВА, ТВЕРСКАЯ, 6, 2, 2 ПОМ I КОМ 23",Среднее предприятие,41.2,41.20 Строительство жилых и нежилых зданий,41.20,2025,,,-2661.0,1588059.0,1579177.0,38220.0,0.0,1549839.0,57873873,1,2026-08-20T15:10:12,success_bfo,,,,,not_found,
9103000552,8720692,"ООО ""СИНТЕЗИС ИНГ""",1149102006360,ACTIVE,КРЫМ,,ЯЛТА,,"298600, КРЫМ, ЯЛТА, САДОВАЯ, 31",Малое предприятие,41.2,41.20 Строительство жилых и нежилых зданий,,2025,6804736.0,1262039.0,1221331.0,1329093.0,995717.0,300542.0,776.0,1029327.0,57780869,1,2026-06-29T14:49:58,success_bfo,,,,,not_found,
1001155425,186462,"ООО ""СПЕЦИАЛИЗИРОВАННЫЙ ЗАСТРОЙЩИК ""СТРОЙИНВЕСТ КСМ""",1041000025065,ACTIVE,КАРЕЛИЯ,,ПЕТРОЗАВОДСК,,"185001, КАРЕЛИЯ, ПЕТРОЗАВОДСК, ПЕРВОМАЙСКИЙ, 9",Малое предприятие,41.2,41.20 Строительство жилых и нежилых зданий,41.20,2025,1219683.0,1178279.0,1057295.0,1225759.0,919186.0,85122.0,0.0,1140637.0,55791240,0,2026-03-27T16:37:07,success_bfo,61.7899921,34.3417075,"Общежитие Петрозаводского педагогического колледжа, Студенческий переулок, 13А, Петрозаводск, Карелия, Россия",address,success,
2129003280,5353687,"АО ""СЗ ""ИНКОСТ""",1022101269673,ACTIVE,ЧУВАШСКАЯ РЕСПУБЛИКА -,,ЧЕБОКСАРЫ,,"428022, ЧУВАШСКАЯ РЕСПУБЛИКА -, ЧЕБОКСАРЫ, МАРПОСАДСКОЕ, 38",Среднее предприятие,41.2,41.20 Строительство жилых и нежилых зданий,71.12.2,2025,1869802.0,1095189.0,875274.0,1195017.0,893277.0,346783.0,448.0,848682.0,56052011,0,2026-03-30T09:51:16,success_bfo,56.0984586,47.268959,"Чувашская республиканская детско-юношеская библиотека, улица Ленинского Комсомола, Чебоксары, Чувашия, Россия",address,success,
7723906368,8487588,"ООО ""ВИК""",1147746436716,ACTIVE,МОСКОВСКАЯ,,ДОМОДЕДОВО,,"142000, МОСКОВСКАЯ, ДОМОДЕДОВО, КАШИРСКОЕ ШОССЕ, 17А, 9",Малое предприятие,41.2,41.20 Строительство жилых и нежилых зданий,,2025,9768765.0,1667972.0,1441647.0,1130810.0,844748.0,45747.0,,1085063.0,57146848,0,2026-03-31T18:11:55,success_bfo,55.4448879,37.7676565,"Каширское шоссе, 17А, Домодедово, Московская область, Россия",address,success,
6658217878,2309970,"ООО ""ВОЗРОЖДЕНИЕ ЕКАТЕРИНБУРГА""",1056602844484,ACTIVE,СВЕРДЛОВСКАЯ,,ЕКАТЕРИНБУРГ,,"620014, СВЕРДЛОВСКАЯ, ЕКАТЕРИНБУРГ, ХОХРЯКОВА, 48, ОФИС 254",Малое предприятие,41.2,41.20 Строительство жилых и нежилых зданий,41.20,2025,,0.0,0.0,844471.0,833103.0,54797.0,4137.0,793811.0,55527396,0,2026-03-26T12:40:14,success_bfo,56.8313477,60.5922601,"улица Хохрякова, 48, Екатеринбург, Свердловская область, Россия",address,success,
2315120129,1094013,"ООО ""НОВОКОМ""",1052309137649,ACTIVE,КРАСНОДАРСКИЙ,,НОВОРОССИЙСК,,"353900, КРАСНОДАРСКИЙ, НОВОРОССИЙСК, СОВЕТОВ, 55, 4",Малое предприятие,41.2,41.20 Строительство жилых и нежилых зданий,42.91,2025,3063356.0,1096450.0,1010821.0,1046584.0,781700.0,38617.0,262.0,1008229.0,57098998,0,2026-03-31T17:38:45,success_bfo,44.7166865,37.7788984,"Новороссийский Государственный исторический музей-заповедник, улица Советов, 58, Новороссийск, Краснодарский край, Россия",address,success,
1001010821,70753,"АО ""СПЕЦИАЛИЗИРОВАННЫЙ ЗАСТРОЙЩИК ""СК ""ВЕК""",1021000527965,ACTIVE,КАРЕЛИЯ,,ПЕТРОЗАВОДСК,,"185001, КАРЕЛИЯ, ПЕТРОЗАВОДСК, ПЕРВОМАЙСКИЙ, 43",Среднее предприятие,41.2,41.20 Строительство жилых и нежилых зданий,,2025,480345.0,235481.0,20780.0,952333.0,714171.0,982739.0,49228.0,18822.0,55069499,0,2026-03-24T09:25:25,success_bfo,61.7899921,34.3417075,"Общежитие Петрозаводского педагогического колледжа, Студенческий переулок, 13А, Петрозаводск, Карелия, Россия",address,success,
5027006369,6900709,"""ХСТФ ФОБОС"" ООО",1025007270551,ACTIVE,МОСКОВСКАЯ,ЛЮБЕРЦЫ,ДЗЕРЖИНСКИЙ,,"140090, МОСКОВСКАЯ, ЛЮБЕРЦЫ, ДЗЕРЖИНСКИЙ, УГРЕШСКАЯ, 30, 700",Среднее предприятие,41.2,41.20 Строительство жилых и нежилых зданий,,2025,1287757.0,774484.0,774484.0,753248.0,704973.0,44249.0,324.0,709323.0,55282492,0,2026-03-25T09:44:34,success_bfo,55.6317148,37.8646181,"Ozon, Угрешская улица, 30, Дзержинский, Московская область, Россия",address,success,
7840438730,122728,"ООО ""ЛЕГЕНДА""",1107847309063,ACTIVE,САНКТ-ПЕТЕРБУРГ,,,,"196210, САНКТ-ПЕТЕРБУРГ, СТАРТОВАЯ, 8, А, 307 КАБ. 1",Среднее предприятие,41.2,41.2 Строительство жилых и нежилых зданий,68.20.29,2025,2574338.0,1178180.0,1128577.0,764161.0,676819.0,766235.0,1792096.0,1790022.0,56343338,0,2026-03-30T16:32:21,success_bfo,59.8074809,30.3144783,"Бизнес-центр «Аэроплаза», Стартовая улица, 8, Санкт-Петербург, Санкт-Петербург, Россия",address,success,
6950108726,516338,"ООО ""ЕСТ""",1096952022914,ACTIVE,ТВЕРСКАЯ,,ТВЕРЬ,,"170100, ТВЕРСКАЯ, ТВЕРЬ, СВОБОДНЫЙ, 9, ОФИС 304",Среднее предприятие,41.2,41.20 Строительство жилых и нежилых зданий,,2025,3325415.0,1054666.0,835720.0,897949.0,672759.0,93952.0,,803997.0,57162590,0,2026-03-31T18:29:53,success_bfo,56.8578166,35.9039605,"Свободный переулок, 9, Тверь, Тверская область, Россия",address,success,
1901096758,3135144,"ООО ""СЗ ""УК ТРАНССТРОЙ""",1101901003600,ACTIVE,ХАКАСИЯ,,АБАКАН,,"655016, ХАКАСИЯ, АБАКАН, ДРУЖБЫ НАРОДОВ, 43, 422Н",Малое предприятие,41.2,41.2 Строительство жилых и нежилых зданий,41.20,2025,1032548.0,904810.0,888392.0,896155.0,672116.0,7763.0,,888392.0,56557972,0,2026-03-31T06:09:27,success_bfo,53.744376,91.4152164,"проспект Дружбы Народов, 43, Абакан, Республика Хакасия, Россия",address,success,
6164029673,9196290,"ООО ""РОСТОВ-ДЕВЕЛОПМЕНТ""",1156196041264,ACTIVE,ПЕРМСКИЙ,,ПЕРМЬ,,"614113, ПЕРМСКИЙ, ПЕРМЬ, САПФИРНАЯ, 10, 02",Малое предприятие,41.2,41.20 Строительство жилых и нежилых зданий,41.20,2025,632.0,632.0,-412.0,671868.0,671021.0,2638.0,,669230.0,56830770,0,2026-03-31T13:48:42,success_bfo,58.0116332,56.3301229,"Сапфирная улица, 10, Пермь, Пермский край, Россия",address,success,
2543028394,7948558,"АО ""РЕНЕССАНС АКТИВ""",1132543012040,ACTIVE,ПРИМОРСКИЙ,,ВЛАДИВОСТОК,,"690042, ПРИМОРСКИЙ, ВЛАДИВОСТОК, АРХАНГЕЛЬСКАЯ, 10, 6, 3Н",Среднее предприятие,41.2,41.20 Строительство жилых и нежилых зданий,68.10.21,2025,37533.0,19458.0,7034.0,607271.0,605287.0,22032.0,13388.0,598627.0,57741152,1,2026-06-08T05:55:32,success_bfo,43.0780059,131.9512665,"Дом №6, Архангельская улица, 10 к6, Владивосток, Приморский край, Россия",address,success,
7841444504,4987633,"ООО ""СК ЭНЕРГОТЕХСТРОЙ""",1117847184300,ACTIVE,САНКТ-ПЕТЕРБУРГ,,,,"195277, САНКТ-ПЕТЕРБУРГ, КОМИССАРА СМИРНОВА, 15, А, 264, ОФИС 357",Среднее предприятие,41.2,41.2 Строительство жилых и нежилых зданий,43.22,2025,3874449.0,836518.0,680300.0,772253.0,579607.0,82435.0,6404.0,696222.0,55571939,0,2026-03-26T15:38:39,success_bfo,,,,,not_found,
7712103721,6665895,"АО ""ТЕПЛОИНДУСТРИЯ""",1037739385716,ACTIVE,МОСКВА,,,,"107061, МОСКВА, ХРОМОВА, 20",Малое предприятие,41.2,41.20 Строительство жилых и нежилых зданий,41.20,2025,6079192.0,4736841.0,4620866.0,794519.0,561157.0,166195.0,,628324.0,56263219,0,2026-03-30T15:00:48,success_bfo,55.7996763,37.7163611,"улица Хромова, Москва, Москва, Россия",address,success,
7813294991,10468755,"ООО ""ЕВРОИНВЕСТ ДЕВЕЛОПМЕНТ""",1177847387816,ACTIVE,САНКТ-ПЕТЕРБУРГ,,,,"191014, САНКТ-ПЕТЕРБУРГ, РЫЛЕЕВА, 11, А, 7-Н, 17-Н",Малое предприятие,41.2,41.20 Строительство жилых и нежилых зданий,41.20,2025,56283.0,-4279.0,-4279.0,565938.0,561108.0,18368.0,7067.0,554637.0,56911531,0,2026-03-31T14:50:47,success_bfo,,,,,not_found,
7714299854,2906374,"ООО ""МАТЕН""",1037714014910,ACTIVE,МОСКВА,,,,"123308, МОСКВА, МНЁВНИКИ, 3, 1, 1 ПОМ II КОМ 1-5,10,11",Среднее предприятие,41.2,41.20 Строительство жилых и нежилых зданий,,2025,1730120.0,774606.0,708960.0,712389.0,524654.0,2105.0,12473.0,722757.0,57606038,1,2026-04-21T17:33:55,success_bfo,,,,,not_found,
7840100451,11855144,"ООО ""СИТИ""",1227800064271,ACTIVE,САНКТ-ПЕТЕРБУРГ,,,,"191036, САНКТ-ПЕТЕРБУРГ, ЛИГОВСКИЙ, 43-45, Б, 6Н,13",Малое предприятие,41.2,41.20 Строительство жилых и нежилых зданий,,2025,3049487.0,763718.0,694472.0,703572.0,519906.0,40985.0,120.0,662707.0,55585714,0,2026-03-26T16:34:56,success_bfo,,,,,not_found,
5638065294,8562459,"ООО ""СПЕЦИАЛИЗИРОВАННЫЙ ЗАСТРОЙЩИК ""ЖИЛСТРОЙИНВЕСТ""",1145658018956,ACTIVE,ОРЕНБУРГСКАЯ,ОРЕНБУРГСКИЙ,,БЛАГОСЛОВЕНКА,"460525, ОРЕНБУРГСКАЯ, ОРЕНБУРГСКИЙ, БЛАГОСЛОВЕНКА, КООПЕРАТИВНАЯ, 43",Малое предприятие,41.2,41.20 Строительство жилых и нежилых зданий,41.20,2025,508757.0,123165.0,71073.0,696190.0,519211.0,551564.0,0.0,144626.0,56138417,0,2026-03-30T12:18:47,success_bfo,51.7144111,55.3198137,"Кооперативная улица, Благословенка, Оренбургская область, Россия",address,success,
6316203463,8908953,"ООО ""СЗ ""КОМПАНИЯ ВЛАДИМИР""",1146316009322,ACTIVE,САМАРСКАЯ,,САМАРА,,"443086, САМАРСКАЯ, САМАРА, РЕВОЛЮЦИОННАЯ, 77",Малое предприятие,41.2,41.20 Строительство жилых и нежилых зданий,41.20,2025,105608.0,31251.0,31251.0,688709.0,516174.0,30440.0,0.0,658269.0,56639404,0,2026-03-31T09:59:58,success_bfo,53.213809,50.167023,"Революционная улица, 77, Самара, Самарская область, Россия",address,success,
1639056866,9668823,"ООО ""ПСК КАМА""",1161674050834,ACTIVE,ТАТАРСТАН,ТУКАЕВСКИЙ,,,"423877, ТАТАРСТАН, ТУКАЕВСКИЙ, МАГИСТРАЛЬНАЯ, 1",Малое предприятие,41.2,41.20 Строительство жилых и нежилых зданий,,2025,3696606.0,771793.0,660586.0,687508.0,513641.0,47762.0,0.0,639746.0,57758415,1,2026-06-17T11:34:47,success_bfo,55.6717027,52.1319504,"Магистральная улица, 1А, Бетьки, Татарстан, Россия",address,success,
7203455253,10754446,"ООО ""СПЕЦИАЛИЗИРОВАННЫЙ ЗАСТРОЙЩИК ""ГК АТЛАНТ""",1187232019325,ACTIVE,ТЮМЕНСКАЯ,,ТЮМЕНЬ,,"625051, ТЮМЕНСКАЯ, ТЮМЕНЬ, ПЕРМЯКОВА, 57, 6",Малое предприятие,41.2,41.20 Строительство жилых и нежилых зданий,41.20,2025,2211556.0,783476.0,662834.0,663049.0,513015.0,17099.0,59.0,646009.0,57638656,1,2026-04-28T11:56:50,success_bfo,57.1164109,65.5772105,"Тюмень 625051, улица Пермякова, Тюмень, Тюменская область, Россия",address,success,
6658399875,1258090,"ООО ""ПГС""",1116658026242,ACTIVE,СВЕРДЛОВСКАЯ,,ЕКАТЕРИНБУРГ,,"620149, СВЕРДЛОВСКАЯ, ЕКАТЕРИНБУРГ, НАЧДИВА ОНУФРИЕВА, 10, 5",Среднее предприятие,41.2,41.20 Строительство жилых и нежилых зданий,,2025,7478173.0,640800.0,597714.0,644657.0,483494.0,42299.0,4217.0,606575.0,57242893,0,2026-03-31T19:48:40,success_bfo,56.8038236,60.5476021,"улица Начдива Онуфриева, 10, Екатеринбург, Свердловская область, Россия",address,success,
4028051443,479622,"ООО ""СПЕЦИАЛИЗИРОВАННЫЙ ЗАСТРОЙЩИК ""КАЛУГА-ЛИДЕР""",1124028003604,ACTIVE,КАЛУЖСКАЯ,,КАЛУГА,,"248021, КАЛУЖСКАЯ, КАЛУГА, БИЛИБИНА, 6, 4, КОМНАТА 20",Малое предприятие,41.2,41.20 Строительство жилых и нежилых зданий,41.20,2025,677629.0,633224.0,580789.0,577896.0,468569.0,5759.0,143430.0,715567.0,53951061,0,2026-03-06T10:42:11,success_bfo,,,,,not_found,
5404523005,8897872,"ООО ""ИНВЕСТТЭК""",1145476129842,ACTIVE,НОВОСИБИРСКАЯ,,НОВОСИБИРСК,,"630054, НОВОСИБИРСКАЯ, НОВОСИБИРСК, ТИТОВА, 31/1",Малое предприятие,41.2,41.20 Строительство жилых и нежилых зданий,41.20,2025,831391.0,792347.0,627372.0,604417.0,453199.0,16199.0,15744.0,603962.0,55470063,0,2026-03-26T07:12:13,success_bfo,54.9810193,82.8685415,"улица Титова, 31/1, Новосибирск, Новосибирская область, Россия",address,success,
7830001934,6383102,"ЗАО ""ТРЕСТ 101""",1037843011183,ACTIVE,САНКТ-ПЕТЕРБУРГ,,,,"195248, САНКТ-ПЕТЕРБУРГ, УМАНСКИЙ, 71, А, 159",Среднее предприятие,41.2,41.20 Строительство жилых и нежилых зданий,,2025,3154804.0,741889.0,669858.0,608920.0,452183.0,13857.0,16604.0,611667.0,57679156,1,2026-05-12T14:55:12,success_bfo,59.9643084,30.4519003,"Уманский переулок, 71А, Санкт-Петербург, Санкт-Петербург, Россия",address,success,
5410112902,6020541,"ООО ""ЭНЕРГОМОНТАЖ""",1025403908232,ACTIVE,НОВОСИБИРСКАЯ,,НОВОСИБИРСК,,"630061, НОВОСИБИРСКАЯ, НОВОСИБИРСК, ТЮЛЕНИНА, 26",Среднее предприятие,41.2,41.20 Строительство жилых и нежилых зданий,68.20.29,2025,295632.0,191031.0,19413.0,479943.0,451347.0,39067.0,423.0,441299.0,54324814,0,2026-03-16T12:47:00,success_bfo,55.1114067,82.9358687,"улица Тюленина, 26, Новосибирск, Новосибирская область, Россия",address,success,
1717008397,678688,"ООО ""СПЕЦИАЛИЗИРОВАННЫЙ ЗАСТРОЙЩИК ""ЭНЕРГОСТРОЙ""",1021700728136,ACTIVE,ТЫВА,,КЫЗЫЛ,,"667004, ТЫВА, КЫЗЫЛ, КОЛХОЗНАЯ, 2А",Малое предприятие,41.2,41.20 Строительство жилых и нежилых зданий,41.20,2025,1106872.0,582078.0,581829.0,602008.0,449371.0,3084.0,0.0,598924.0,57649340,1,2026-04-30T07:22:00,success_bfo,51.7094525,94.5160789,"Колхозная улица, Кызыл, Республика Тыва, Россия",address,success,
7736565404,2197947,"АО ""МНЦЭС-КАПСТРОЙ""",1077760841487,ACTIVE,МОСКОВСКАЯ,ПУШКИНО,ИВАНТЕЕВКА,,"141280, МОСКОВСКАЯ, ПУШКИНО, ИВАНТЕЕВКА, ФАБРИЧНЫЙ, 1Д",Малое предприятие,41.2,41.2 Строительство жилых и нежилых зданий,68.20,2025,928119.0,928119.0,755921.0,546173.0,432799.0,3605.0,160225.0,702793.0,56298538,0,2026-03-30T15:42:00,success_bfo,55.98029,37.894329,"Ивантеевское шоссе, Ивантеевка, Московская область, Россия",address,success,
3128001437,1160797,"АО СЗ ""КМАПЖС""",1023102357266,ACTIVE,БЕЛГОРОДСКАЯ,,СТАРЫЙ ОСКОЛ,,"309511, БЕЛГОРОДСКАЯ, СТАРЫЙ ОСКОЛ, ОЛИМПИЙСКИЙ, 62",Среднее предприятие,41.2,41.20 Строительство жилых и нежилых зданий,,2025,1501372.0,257573.0,111838.0,535817.0,420505.0,364065.0,2426.0,174178.0,56052250,0,2026-03-30T09:50:08,success_bfo,51.3068411,37.8905332,"Оскол.сайт, Олимпийский микрорайон, 62, Старый Оскол, Белгородская область, Россия",address,success,
7733801886,1257679,"ООО ""ИНВЕСТСТРОЙ""",1127746354966,ACTIVE,МОСКВА,,,,"125362, МОСКВА, СВОБОДЫ, 31, 1, 2/3",Малое предприятие,41.2,41.20 Строительство жилых и нежилых зданий,41.20,2025,2501615.0,653152.0,568419.0,546030.0,408945.0,29786.0,0.0,516244.0,56127135,0,2026-03-30T11:51:10,success_bfo,55.837695,37.4538245,"Автоломбард «Северный», улица Свободы, 31 с1, Москва, Москва, Россия",address,success,
5256129066,8502620,"ООО ""СЗ ""ТЕРМИНАЛ СК""",1145256003133,ACTIVE,НИЖЕГОРОДСКАЯ,,НИЖНИЙ НОВГОРОД,,"603004, НИЖЕГОРОДСКАЯ, НИЖНИЙ НОВГОРОД, ЛЕНИНА, 100Г, 203",Малое предприятие,41.2,41.20 Строительство жилых и нежилых зданий,41.20,2025,143477.0,19957.0,19957.0,536555.0,398866.0,19956.0,0.0,516599.0,55294206,0,2026-03-25T10:13:39,success_bfo,56.2483672,43.8759203,"Нижегородский автомеханический техникум, проспект Ленина, Нижний Новгород, Нижегородская область, Россия",address,success,
2801130630,4102235,"ООО ""АПИН""",1082801003031,ACTIVE,АМУРСКАЯ,,БЛАГОВЕЩЕНСК,,"675001, АМУРСКАЯ, БЛАГОВЕЩЕНСК, ПИОНЕРСКАЯ, 66/1",Малое предприятие,41.2,41.20 Строительство жилых и нежилых зданий,41.20,2025,1000490.0,567889.0,520440.0,523268.0,393088.0,637.0,,522631.0,55492345,0,2026-03-26T10:13:21,success_bfo,50.2649274,127.5326329,"Благовещенский городской суд, Пионерская улица, 35, Благовещенск, Амурская область, Россия",address,success,
6673149728,140718,"ООО ""ДРУЖБА Н""",1069673064075,ACTIVE,ХАНТЫ-МАНСИЙСКИЙ АВТОНОМНЫЙ ОКРУГ - ЮГРА,СОВЕТСКИЙ,СОВЕТСКИЙ,,"628242, ХАНТЫ-МАНСИЙСКИЙ АВТОНОМНЫЙ ОКРУГ - ЮГРА, СОВЕТСКИЙ, СОВЕТСКИЙ, 5-Й, 3",Малое предприятие,41.2,41.2 Строительство жилых и нежилых зданий,41.2,2025,3077613.0,596229.0,562683.0,533129.0,392471.0,42276.0,6613.0,497466.0,57134262,0,2026-03-31T18:01:35,success_bfo,61.3591713,63.5671271,"Советский 628242, Советская улица, 37, Советский, Ханты-Мансийский автономный округ — Югра, Россия",address,success,
2128007123,5357810,"АО ""СЗ ""СТРОЙТРЕСТ №3""",1022101134978,ACTIVE,ЧУВАШСКАЯ РЕСПУБЛИКА -,,ЧЕБОКСАРЫ,,"428000, ЧУВАШСКАЯ РЕСПУБЛИКА -, ЧЕБОКСАРЫ, ЯРОСЛАВСКАЯ, 76, 312",Среднее предприятие,41.2,41.20 Строительство жилых и нежилых зданий,,2025,2877066.0,519055.0,273251.0,531563.0,389007.0,68102.0,4962.0,468423.0,57506537,1,2026-04-02T16:00:48,success_bfo,,,,,not_found,
6670115960,415057,"ООО ""ВМП - ИНЖИНИРИНГ""",1069670086750,ACTIVE,СВЕРДЛОВСКАЯ,,ЕКАТЕРИНБУРГ,,"620016, СВЕРДЛОВСКАЯ, ЕКАТЕРИНБУРГ, АМУНДСЕНА, 105, 8",Малое предприятие,41.2,41.20 Строительство жилых и нежилых зданий,,2025,3690940.0,666780.0,559676.0,523763.0,388733.0,1235.0,3370.0,525898.0,56570468,0,2026-03-31T07:23:32,success_bfo,56.7707061,60.5433276,"улица Амундсена, Екатеринбург, Свердловская область, Россия",address,success,
7204034836,6134676,"ООО ""СПЕЦИАЛИЗИРОВАННЫЙ ЗАСТРОЙЩИК ""ТЮМЕНЬСТРОЙ""",1037200571407,ACTIVE,ТЮМЕНСКАЯ,ТЮМЕНСКИЙ,,МОСКОВСКИЙ,"625501, ТЮМЕНСКАЯ, ТЮМЕНСКИЙ, МОСКОВСКИЙ, БУРЛАКИ, 23Б, 2",Малое предприятие,41.2,41.20 Строительство жилых и нежилых зданий,41.20,2025,1462226.0,509293.0,440272.0,506369.0,383267.0,88913.0,34.0,417490.0,56184782,0,2026-03-30T13:25:49,success_bfo,57.103912,65.4301738,"улица Бурлаки, 23Б, Московский, Тюменская область, Россия",address,success,
7719694625,1511273,"ООО ""КАСКАД""",5087746150135,ACTIVE,МОСКВА,,,,"115230, МОСКВА, ВАРШАВСКОЕ, 42",Малое предприятие,41.2,41.2 Строительство жилых и нежилых зданий,,2025,3735717.0,694504.0,492478.0,518816.0,382747.0,50356.0,0.0,468460.0,54959979,0,2026-03-23T13:54:00,success_bfo,55.6760155,37.6249807,"СептикиТопас.ру, Варшавское шоссе, 42, Москва, Москва, Россия",address,success,
7713030755,7131687,"ЗАО ПТФ ""КУЛОН""",1027700090175,ACTIVE,МОСКВА,,,,"111402, МОСКВА, 8 МАРТА, 14",Малое предприятие,41.2,41.20 Строительство жилых и нежилых зданий,41.20,2025,520134.0,359151.0,359151.0,519490.0,379570.0,,4762.0,524252.0,56668756,0,2026-03-31T10:41:30,success_bfo,55.8061875,37.5499467,"Бизнес-центр ""Кулон Билдинг"", улица 8 Марта, 14, Москва, Москва, Россия",address,success,
9201004259,8780433,"ООО ""СЗ ""РИЧ-ПЛЮС""",1149204012638,ACTIVE,КРЫМ,,СИМФЕРОПОЛЬ,,"295000, КРЫМ, СИМФЕРОПОЛЬ, СУВОРОВСКИЙ, 5",Малое предприятие,41.2,41.20 Строительство жилых и нежилых зданий,41.20,2025,1083734.0,546459.0,546385.0,436240.0,377998.0,4103.0,52654.0,484791.0,56205811,0,2026-03-30T13:50:14,success_bfo,44.9596091,34.0903827,"Российский государственный университет правосудия, улица Павленко, 5, Симферополь, Республика Крым, Україна",address,success,
6514009098,7591096,"ООО ""ЛИДЕР-СПЕЦИАЛИЗИРОВАННЫЙ ЗАСТРОЙЩИК""",1126507000179,ACTIVE,САХАЛИНСКАЯ,СМИРНЫХОВСКИЙ,,СМИРНЫХ,"694350, САХАЛИНСКАЯ, СМИРНЫХОВСКИЙ, СМИРНЫХ, ПИРОГОВА, 4В",Среднее предприятие,41.2,41.20 Строительство жилых и нежилых зданий,,2025,1033238.0,466387.0,441670.0,516839.0,370239.0,90949.0,,425890.0,53860117,0,2026-03-04T05:55:50,success_bfo,49.7462544,142.830099,"улица Пирогова, 4В, Смирных, Сахалинская область, Россия",address,success,
7733263469,9557621,"ООО ""ИНФО ТЕХ""",5157746180433,ACTIVE,МОСКВА,,,,"115172, МОСКВА, КРАСНОХОЛМСКАЯ, 1/15, 1",Малое предприятие,41.2,41.20 Строительство жилых и нежилых зданий,41.20,2025,7603829.0,862236.0,498674.0,479866.0,357231.0,5820.0,5964.0,480010.0,57152230,0,2026-03-31T18:17:26,success_bfo,55.7362644,37.6511952,"Краснохолмская, Народная улица, 15, Москва, Москва, Россия",address,success,
5040155680,10686684,"ООО ""РСБ КОНСТРАКШН""",1185027010520,ACTIVE,МОСКОВСКАЯ,,РАМЕНСКОЕ,,"140104, МОСКОВСКАЯ, РАМЕНСКОЕ, ВЫСОКОВОЛЬТНАЯ, 21, 4",Малое предприятие,41.2,41.20 Строительство жилых и нежилых зданий,41.20,2025,2226293.0,929840.0,473378.0,476228.0,356734.0,19225.0,14283.0,471286.0,57688662,1,2026-05-15T09:51:00,success_bfo,55.569055,38.1932416,"Высоковольтная улица, 21, Раменское, Московская область, Россия",address,success,
7736573934,4496149,"ООО ""ПО СК""",1087746343695,ACTIVE,МОСКОВСКАЯ,,СТУПИНО,ШМАТОВО,"142821, МОСКОВСКАЯ, СТУПИНО, ШМАТОВО, ИНДУСТРИАЛЬНАЯ, 4, 1, 1/2",Малое предприятие,41.2,41.20 Строительство жилых и нежилых зданий,68.10,2025,846895.0,494293.0,362744.0,408290.0,351992.0,27861.0,111067.0,491496.0,57764428,1,2026-06-19T15:06:19,success_bfo,55.0046809,38.0632374,"Индустриальная улица, вл4 с1, Московская область, Россия",address,success,
5321207013,11617026,"ООО ""СЗ ""ПРОЕКТСТРОЙ""",1215300003027,ACTIVE,НОВГОРОДСКАЯ,,ВЕЛИКИЙ НОВГОРОД,,"173003, НОВГОРОДСКАЯ, ВЕЛИКИЙ НОВГОРОД, БОЛЬШАЯ САНКТ-ПЕТЕРБУРГСКАЯ, 74, 302",Малое предприятие,41.2,41.20 Строительство жилых и нежилых зданий,41.20,2025,768512.0,500239.0,328690.0,443627.0,330024.0,60448.0,,383179.0,56100019,0,2026-03-30T11:16:22,success_bfo,58.5475403,31.2732,"улица Большая Санкт-Петербургская, 74 с14, Великий Новгород, Новгородская область, Россия",address,success,
7710866012,2219726,"ООО ""СМУ МОСКОВИЯ""",1107746310253,ACTIVE,МОСКВА,,,,"111024, МОСКВА, 2-Я КАБЕЛЬНАЯ, 2, 4, 4, ПОМ. XXI, КОМН. 29",Малое предприятие,41.2,41.2 Строительство жилых и нежилых зданий,41.2,2025,3225526.0,517205.0,412519.0,439698.0,328160.0,50015.0,0.0,389683.0,57807297,1,2026-07-14T17:30:04,success_bfo,,,,,not_found,
7202204320,2447032,"ООО ""МИР""",1107232004483,ACTIVE,НОВОСИБИРСКАЯ,,НОВОСИБИРСК,,"630124, НОВОСИБИРСКАЯ, НОВОСИБИРСК, ВОЛОЧАЕВСКАЯ, 64, 1, 389В",Малое предприятие,41.2,41.20 Строительство жилых и нежилых зданий,41.20,2025,1154606.0,501481.0,419707.0,436774.0,327572.0,15990.0,2170.0,422954.0,57852725,1,2026-08-03T09:26:14,success_bfo,55.0520224,82.9998989,"Волочаевская улица, 64 к1, Новосибирск, Новосибирская область, Россия",address,success,
7725760555,7315283,"ООО ""СПЕЦИАЛИЗИРОВАННЫЙ ЗАСТРОЙЩИК ""ОБЪЕКТСТРОЙ""",1127746502597,ACTIVE,НИЖЕГОРОДСКАЯ,,НИЖНИЙ НОВГОРОД,,"603104, НИЖЕГОРОДСКАЯ, НИЖНИЙ НОВГОРОД, КРАСНОЗВЕЗДНАЯ, 39, 1, П3 КОМНАТА 3",Малое предприятие,41.2,41.2 Строительство жилых и нежилых зданий,41.2,2025,1234491.0,501932.0,473193.0,444067.0,317740.0,114236.0,78095.0,407926.0,56243715,0,2026-03-30T14:43:53,success_bfo,56.2835624,43.9867487,"Краснозвёздная улица, 39/1, Нижний Новгород, Нижегородская область, Россия",address,success,
7706442589,9938680,"ООО ""ПРОМИНВЕСТСТРОЙ-У""",1167746970258,ACTIVE,МОСКВА,,,,"117105, МОСКВА, 1-Й НАГАТИНСКИЙ, 6, 1, 111",Малое предприятие,41.2,41.20 Строительство жилых и нежилых зданий,41.20,2025,258641.0,38619.0,-61946.0,418959.0,313839.0,12844.0,0.0,406115.0,54316447,0,2026-03-16T11:21:14,success_bfo,55.6810025,37.632703,"1-й Нагатинский проезд, 6 с1, Москва, Москва, Россия",address,success,
7130031154,9915463,"ООО""СМК""",1167154074570,ACTIVE,ИВАНОВСКАЯ,,КОХМА,,"153510, ИВАНОВСКАЯ, КОХМА, ОКТЯБРЬСКАЯ, 49А, 2/1",Среднее предприятие,41.2,41.20 Строительство жилых и нежилых зданий,41.20,2025,2478705.0,535366.0,397466.0,419252.0,311790.0,18216.0,53.0,401089.0,57396069,0,2026-03-31T23:54:45,success_bfo,56.9277355,41.1039869,"Октябрьская улица, 49А, Кохма, Ивановская область, Россия",address,success,
7325124442,8149535,"ООО ""СЗ РЕНТ-СЕРВИС""",1137325006477,ACTIVE,ВОЛГОГРАДСКАЯ,,ВОЛГОГРАД,,"400138, ВОЛГОГРАДСКАЯ, ВОЛГОГРАД, ИМ. СОЛНЕЧНИКОВА, 11, 1",Малое предприятие,41.2,41.20 Строительство жилых и нежилых зданий,41.20,2025,6393067.0,793789.0,793789.0,471050.0,307729.0,24368.0,,446682.0,56156153,0,2026-03-30T12:48:28,success_bfo,48.6626419,44.4134106,"Модные детки, улица Солнечникова, 11, Волгоград, Волгоградская область, Россия",address,success,
3123228160,4245397,"ООО ""СЛАВЯНСТРОЙ""",1113123003542,ACTIVE,БЕЛГОРОДСКАЯ,,БЕЛГОРОД,,"308015, БЕЛГОРОДСКАЯ, БЕЛГОРОД, НАРОДНЫЙ, 111, 508",Среднее предприятие,41.2,41.2 Строительство жилых и нежилых зданий,42.22.2,2025,2168588.0,579005.0,344339.0,410612.0,302841.0,64632.0,503.0,346483.0,55761689,0,2026-03-27T15:11:45,success_bfo,50.6022137,36.5732166,"Народный бульвар, 111, Белгород, Белгородская область, Россия",address,success,
7105523240,8960531,"ООО ""ВНЕШСТРОЙЦЕНТР""",1147154041198,ACTIVE,ТУЛЬСКАЯ,,ТУЛА,,"300001, ТУЛЬСКАЯ, ТУЛА, ДЕМИДОВСКАЯ ПЛОТИНА, 27",Малое предприятие,41.2,41.20 Строительство жилых и нежилых зданий,41.20,2025,4537.0,4241.0,4241.0,402776.0,300337.0,11001.0,0.0,391775.0,57744380,1,2026-06-09T10:38:36,success_bfo,54.2018613,37.6309422,"улица Демидовская Плотина, 27, Тула, Тульская область, Россия",address,success,
7721506798,3552928,"ООО ""ЛАНДШАФТПРОЕКТ""",1047796211462,ACTIVE,МОСКВА,,,,"127006, МОСКВА, ВОРОТНИКОВСКИЙ, 8, 1, I К 10 ОФ 1 РМ 2/3",Среднее предприятие,41.2,41.20 Строительство жилых и нежилых зданий,,2025,1668970.0,517588.0,373268.0,390881.0,297916.0,14059.0,998.0,377820.0,57775199,1,2026-06-25T14:29:47,success_bfo,,,,,not_found,
7801643052,8939768,"ООО ""СК ""СЕГМЕНТА""",1147847393935,ACTIVE,САНКТ-ПЕТЕРБУРГ,,,,"197022, САНКТ-ПЕТЕРБУРГ, ПРОФЕССОРА ПОПОВА, 23, М, 16Н ОФИС 8",Среднее предприятие,41.2,41.20 Строительство жилых и нежилых зданий,46.90,2025,278306.0,-476449.0,-501506.0,382989.0,284436.0,173172.0,51.0,209868.0,53889190,0,2026-03-04T15:48:03,success_bfo,,,,,not_found,
7838030937,9017341,"ООО ""ГСМ""",1147847549948,ACTIVE,САНКТ-ПЕТЕРБУРГ,,,,"195277, САНКТ-ПЕТЕРБУРГ, КОМИССАРА СМИРНОВА, 11, Д, 204 (3-Н ЗА № 7)",Малое предприятие,41.2,41.20 Строительство жилых и нежилых зданий,41.20,2025,4125502.0,391955.0,327146.0,377483.0,283112.0,3307.0,0.0,374176.0,57523376,1,2026-04-05T18:27:18,success_bfo,,,,,not_found,
7728838739,7840316,"ООО ""ГАЗСТРОЙТЕХ""",1137746274687,ACTIVE,САНКТ-ПЕТЕРБУРГ,,,,"194292, САНКТ-ПЕТЕРБУРГ, ДОМОСТРОИТЕЛЬНАЯ, 16, А, 13-Н",Малое предприятие,41.2,41.20 Строительство жилых и нежилых зданий,,2025,10222661.0,965056.0,473733.0,391933.0,282781.0,1766.0,0.0,390167.0,55337023,0,2026-03-25T12:42:04,success_bfo,,,,,not_found,
2204054375,5044362,"ООО ""МАТЕРИАЛСТРОЙСЕРВИС""",1112204001931,ACTIVE,НОВОСИБИРСКАЯ,,НОВОСИБИРСК,,"630088, НОВОСИБИРСКАЯ, НОВОСИБИРСК, ПЕТУХОВА, 67/8, 3",Малое предприятие,41.2,41.20 Строительство жилых и нежилых зданий,41.20,2025,833957.0,441665.0,370230.0,375674.0,280973.0,30079.0,20864.0,366459.0,57811229,1,2026-07-16T07:06:08,success_bfo,54.945482,82.8853237,"улица Петухова, 67/8, Новосибирск, Новосибирская область, Россия",address,success,
7725715633,3257404,"ООО  ""ОБЪЕДИНЕННЫЕ ИНВЕСТИЦИИ В НЕДВИЖИМОСТЬ""",1117746099008,ACTIVE,МОСКВА,,,,"115093, МОСКВА, ПАВЛОВСКАЯ, 7, 3 ПОМ V КОМ 16",Малое предприятие,41.2,41.20 Строительство жилых и нежилых зданий,41.20,2025,484487.0,380358.0,319770.0,372773.0,279541.0,45577.0,224321.0,551517.0,57803484,1,2026-07-10T18:16:45,success_bfo,,,,,not_found,
2308114879,6154529,"ООО ""АГРОСПЕЦМОНТАЖ""",1062308008003,ACTIVE,КРАСНОДАРСКИЙ,,КРАСНОДАР,,"350072, КРАСНОДАРСКИЙ, КРАСНОДАР, ИМ. 40-ЛЕТИЯ ПОБЕДЫ, 37, 1483",Малое предприятие,41.2,41.20 Строительство жилых и нежилых зданий,41.20,2025,1443985.0,436758.0,368019.0,363681.0,271196.0,6742.0,6729.0,363668.0,57842171,1,2026-07-30T11:51:10,success_bfo,45.0553775,39.0066001,"улица 40 лет Победы, Краснодар, Краснодарский край, Россия",address,success,
7203294567,7952018,"ООО ""СКС""",1137232035016,ACTIVE,ЯМАЛО-НЕНЕЦКИЙ,,НОВЫЙ УРЕНГОЙ,,"629309, ЯМАЛО-НЕНЕЦКИЙ, НОВЫЙ УРЕНГОЙ, СЕВЕРНАЯ КОММУНАЛЬНАЯ ЗОНА, 8, 1",Малое предприятие,41.2,41.2 Строительство жилых и нежилых зданий,41.2,2025,359697.0,239580.0,231882.0,361172.0,265266.0,32799.0,18.0,328391.0,55469996,0,2026-03-26T07:07:24,success_bfo,66.1233076,76.6776241,"Кристина, Северная Коммунальная Зона, 8, Новый Уренгой, Ямало-Ненецкий автономный округ, Россия",address,success,
5904272159,7369387,"ООО ""ГСТ""",1125904011067,ACTIVE,ПЕРМСКИЙ,,ПЕРМЬ,,"614025, ПЕРМСКИЙ, ПЕРМЬ, ПИХТОВАЯ, 43",Малое предприятие,41.2,41.2 Строительство жилых и нежилых зданий,41.20,2025,1519366.0,785386.0,308105.0,349225.0,262011.0,39657.0,226.0,309794.0,55917909,0,2026-03-29T13:21:46,success_bfo,57.9750863,56.2870375,"Пихтовая улица, 43, Пермь, Пермский край, Россия",address,success,
8905039369,238747,"ООО ""СПЕЦМОНТАЖСТРОЙ""",1068905015574,ACTIVE,ЯМАЛО-НЕНЕЦКИЙ,,НОЯБРЬСК,,"629805, ЯМАЛО-НЕНЕЦКИЙ, НОЯБРЬСК, 3",Среднее предприятие,41.2,41.20 Строительство жилых и нежилых зданий,42.21,2025,1476130.0,283004.0,283004.0,346678.0,258442.0,72966.0,0.0,273712.0,56584261,0,2026-03-31T08:09:56,success_bfo,63.1930939,75.4593595,"Школа № 3, Магистральная улица, 71, Ноябрьск, Ямало-Ненецкий автономный округ, Россия",address,success,
6444006904,4368973,"ООО ""СТРОИТЕЛЬНАЯ КОМПАНИЯ""",1046404400350,ACTIVE,САРАТОВСКАЯ,Петровский,,Вязьмино,"412515, САРАТОВСКАЯ, Петровский, Вязьмино, ЦЕНТРАЛЬНАЯ, 15",Малое предприятие,41.2,41.2 Строительство жилых и нежилых зданий,41.2,2025,562473.0,285258.0,271724.0,274481.0,258178.0,0.0,0.0,274481.0,55126810,0,2026-03-24T13:30:25,success_bfo,52.2196156,45.4179204,"Центральная улица, 15, Мирный, Саратовская область, Россия",address,success,
6314023257,1854151,"ООО ""МСС""",1046300331945,ACTIVE,САМАРСКАЯ,,САМАРА,,"443010, САМАРСКАЯ, САМАРА, ЧАПАЕВСКАЯ, 142, ОФИС 1",Малое предприятие,41.2,41.20 Строительство жилых и нежилых зданий,41.20,2025,1102301.0,336930.0,336930.0,341330.0,255953.0,6842.0,157.0,334645.0,56251165,0,2026-03-30T14:43:43,success_bfo,53.1909785,50.0962865,"Чапаевская улица, 142, Самара, Самарская область, Россия",address,success,
1655119785,3562517,"ООО ""КАМАСТРОЙИНВЕСТ""",1061655070575,ACTIVE,ТАТАРСТАН,,КАЗАНЬ,,"420021, ТАТАРСТАН, КАЗАНЬ, КАЮМА НАСЫРИ, 3, 200",Малое предприятие,41.2,41.2 Строительство жилых и нежилых зданий,70.22,2025,242203.0,44889.0,-27865.0,247172.0,254892.0,39836.0,15480.0,222816.0,57737004,1,2026-06-04T14:06:50,success_bfo,55.781246,49.1154651,"улица Каюма Насыри, 3, Казань, Татарстан, Россия",address,success,
7733732294,2256977,"ООО ""БИЭФ""",1107746329360,ACTIVE,МОСКВА,,,,"115230, МОСКВА, ЭЛЕКТРОЛИТНЫЙ, 1, 3, 3 П Х К 9 О 1Б",Малое предприятие,41.2,41.20 Строительство жилых и нежилых зданий,,2025,3586982.0,676111.0,525135.0,351708.0,254577.0,963.0,38820.0,389565.0,55696427,0,2026-03-27T12:05:45,success_bfo,,,,,not_found,
7816300957,9485931,"АО СК ""КОМПАКТ""",1157847373628,ACTIVE,САНКТ-ПЕТЕРБУРГ,,,,"192102, САНКТ-ПЕТЕРБУРГ, ФУЧИКА, 4, Б, 4Н",Среднее предприятие,41.2,41.20 Строительство жилых и нежилых зданий,71.12.2,2025,5849564.0,594595.0,339083.0,337910.0,250410.0,77761.0,808.0,260957.0,56832196,0,2026-03-31T13:50:59,success_bfo,59.877503,30.3625459,"Бизнес-центр «Альянс», улица Фучика, 4 литК, Санкт-Петербург, Санкт-Петербург, Россия",address,success,
2632083929,2889438,"ООО ""МКАД""",1072632000572,ACTIVE,ЧЕЧЕНСКАЯ,ГУДЕРМЕССКИЙ,ГУДЕРМЕС,,"366208, ЧЕЧЕНСКАЯ, ГУДЕРМЕССКИЙ, ГУДЕРМЕС, АХМАТ-ХАДЖИ КАДЫРОВА, 38, 13/1",Малое предприятие,41.2,41.2 Строительство жилых и нежилых зданий,,2025,2886055.0,335477.0,326709.0,333370.0,249714.0,0.0,0.0,333370.0,56307153,0,2026-03-30T16:03:20,success_bfo,,,,,not_found,
1435194970,5521693,"ООО ""СЗ ВЫСОТА""",1071435020832,ACTIVE,САХА (ЯКУТИЯ),,ЯКУТСК,,"677008, САХА (ЯКУТИЯ), ЯКУТСК, ЛОНГИНОВА, 20",Малое предприятие,41.2,41.20 Строительство жилых и нежилых зданий,41.20,2025,16665.0,0.0,-3070.0,353822.0,248597.0,310.0,,353512.0,54134066,0,2026-03-12T09:20:49,success_bfo,62.0265426,129.6813768,"улица Лонгинова, 20, Якутск, Республика Саха (Якутия), Россия",address,success,
7727803780,7886924,"ООО ""СК СИСТЕМА""",1137746351918,ACTIVE,МОСКОВСКАЯ,,ЛЮБЕРЦЫ,ТОМИЛИНО,"140070, МОСКОВСКАЯ, ЛЮБЕРЦЫ, ТОМИЛИНО, ГАРШИНА, 11, 11",Среднее предприятие,41.2,41.2 Строительство жилых и нежилых зданий,,2025,4861148.0,643853.0,403019.0,331612.0,246932.0,600.0,40986.0,371998.0,53872092,0,2026-03-04T11:34:23,success_bfo,55.6643407,37.9637584,"улица Гаршина, 11, Томилино, Московская область, Россия",address,success,
5903070946,2192956,"ООО ""КОЛИБРИ""",1065903035330,ACTIVE,ПЕРМСКИЙ,ПЕРМСКИЙ,,ХМЕЛИ,"614500, ПЕРМСКИЙ, ПЕРМСКИЙ, ХМЕЛИ, КОСМОНАВТОВ, 320Б/11",Малое предприятие,41.2,41.20 Строительство жилых и нежилых зданий,41.20,2025,1193162.0,,,,245163.0,,,,56722089,0,2026-03-31T11:25:37,success_bfo,57.9510299,56.1012992,"шоссе Космонавтов, 320Б, Пермь, Пермский край, Россия",address,success,
2312200175,7765536,"ООО ""ИСК ФАВОРИТ""",1132312001580,ACTIVE,КРАСНОДАРСКИЙ,,Краснодар,,"350063, КРАСНОДАРСКИЙ, Краснодар, КОМСОМОЛЬСКАЯ, 15, 32",Малое предприятие,41.2,41.20 Строительство жилых и нежилых зданий,41.20,2025,1336023.0,522419.0,308845.0,327126.0,244517.0,25831.0,4089.0,305384.0,56100596,0,2026-03-30T11:21:11,success_bfo,45.0200129,38.9654371,"ФКУ Упрдор ""Черноморье"", Краснодарский филиал, Комсомольская улица, 37, Краснодар, Краснодарский край, Россия",address,success,
7733661420,2095311,"ООО ""СК КАСКАД""",1087746789976,ACTIVE,МОСКВА,КОММУНАРКА,,КОММУНАРКА,"108814, МОСКВА, КОММУНАРКА, КОММУНАРКА, АЛЕКСАНДРЫ МОНАХОВОЙ, 30, 1, 516",Малое предприятие,41.2,41.20 Строительство жилых и нежилых зданий,41.20,2025,2167544.0,478609.0,271621.0,325319.0,243361.0,61732.0,3.0,263590.0,57375364,0,2026-03-31T21:43:05,success_bfo,55.5690764,37.4781677,"Коммунарка 108814, улица Александры Монаховой, 14, Коммунарка, Москва, Россия",address,success,
7726761368,8946489,"ООО ""МЕКОМ""",5147746368545,ACTIVE,МОСКВА,,,,"129347, МОСКВА, ЯРОСЛАВСКОЕ, 146, 2, 4",Среднее предприятие,41.2,41.20 Строительство жилых и нежилых зданий,,2025,3721295.0,829147.0,315979.0,340674.0,241279.0,0.0,7913.0,348587.0,55382192,0,2026-03-25T18:43:08,success_bfo,55.8763653,37.7211525,"Ярославское шоссе, 142 с4, Москва, Москва, Россия",address,success,
7706424276,9339230,"ООО ""АЭРОДОРСТРОЙ""",1157746692982,ACTIVE,МОСКВА,,,,"119180, МОСКВА, БОЛЬШАЯ ПОЛЯНКА, 51А/9, 8, ПОМ 1. К 1, ОФ 5",Среднее предприятие,41.2,41.20 Строительство жилых и нежилых зданий,42.11,2025,981664.0,332340.0,282858.0,322706.0,239188.0,107022.0,58685.0,274369.0,57764112,1,2026-06-19T14:26:45,success_bfo,,,,,not_found,
0522017341,3814579,"ООО ""МЕГА -СТРОЙ-1""",1090522000425,ACTIVE,ДАГЕСТАН,КАРАБУДАХКЕНТСКИЙ,,ГУБДЕН,"368546, ДАГЕСТАН, КАРАБУДАХКЕНТСКИЙ, ГУБДЕН, АБДУЛАЕВА РАСУЛА, 1А",Малое предприятие,41.2,41.20 Строительство жилых и нежилых зданий,41.20,2025,241199.0,,,,238787.0,,0.0,,57097084,0,2026-03-31T17:30:18,success_bfo,42.5663645,47.5667008,"улица Расула Абдулаева, Губден, Дагестан, Россия",address,success,
6670459753,10399089,"ООО ""ПЛУТОН""",1176658096603,ACTIVE,СВЕРДЛОВСКАЯ,,ЕКАТЕРИНБУРГ,,"620075, СВЕРДЛОВСКАЯ, ЕКАТЕРИНБУРГ, МАМИНА-СИБИРЯКА, 101, 1241",Среднее предприятие,41.2,41.20 Строительство жилых и нежилых зданий,,2025,1876985.0,332405.0,308049.0,317357.0,238480.0,145.0,,317212.0,57588944,1,2026-04-17T14:25:13,success_bfo,56.8399461,60.6177845,"улица Мамина-Сибиряка, Екатеринбург, Свердловская область, Россия",address,success,
6679157757,11974901,"ООО ""ГП ""СТРОЙТЭК""",1226600067770,ACTIVE,СВЕРДЛОВСКАЯ,,Екатеринбург,,"620144, СВЕРДЛОВСКАЯ, Екатеринбург, СУРИКОВА, 53, 218",Малое предприятие,41.2,41.20 Строительство жилых и нежилых зданий,71.12.2,2025,4251197.0,437774.0,303261.0,317747.0,237920.0,16352.0,0.0,301395.0,55638671,1,2026-03-27T08:22:25,success_bfo,56.8065044,60.6025621,"улица Сурикова, 53, Екатеринбург, Свердловская область, Россия",address,success,
7703543324,1964942,"ООО ""КОМПАНИЯ Б.В.С.""",1057746306298,ACTIVE,МОСКВА,,,,"109428, МОСКВА, РЯЗАНСКИЙ, 10, 18, 11/8",Среднее предприятие,41.2,41.20 Строительство жилых и нежилых зданий,41.20,2025,7211011.0,418500.0,300662.0,313890.0,235221.0,0.0,0.0,313890.0,56231403,0,2026-03-30T14:27:46,success_bfo,55.7250685,37.7600718,"Бизнес-центр ""Хамелеон"", Рязанский проспект, 10 с18, Москва, Москва, Россия",address,success,
7453326003,10906877,"ПАО ""АПРИ""",1197456003360,ACTIVE,ЧЕЛЯБИНСКАЯ,,ЧЕЛЯБИНСК,,"454091, ЧЕЛЯБИНСКАЯ, ЧЕЛЯБИНСК, КИРОВА, 159, 909",Среднее предприятие,41.2,41.20 Строительство жилых и нежилых зданий,64.20,2025,3058612.0,528704.0,244232.0,348877.0,231140.0,,94450.0,443327.0,55189831,0,2026-03-24T17:05:27,success_bfo,55.1646238,61.4012168,"Челябинск-СИТИ, улица Кирова, 159, Челябинск, Челябинская область, Россия",address,success,
3906205764,1651293,"ЗАО ""ДСП""",1093925006438,ACTIVE,КАЛИНИНГРАДСКАЯ,,КАЛИНИНГРАД,,"236003, КАЛИНИНГРАДСКАЯ, КАЛИНИНГРАД, МОСКОВСКИЙ, 186, 2",Среднее предприятие,41.2,41.20 Строительство жилых и нежилых зданий,42.11,2025,1937270.0,277138.0,201434.0,306034.0,230096.0,107497.0,,198537.0,55117730,0,2026-03-24T11:50:39,success_bfo,54.71753,20.5300284,"Московский государственный университет управления. Калининградский филиал, переулок Грига, Калининград, Калининградская область, Россия",address,success,
2502054250,9623841,"ООО ""КМ ЛОГИСТИК""",1162502050347,ACTIVE,ПРИМОРСКИЙ,,АРТЕМ,,"692754, ПРИМОРСКИЙ, АРТЕМ, 2-Я РАБОЧАЯ, 162, 1",Малое предприятие,41.2,41.20 Строительство жилых и нежилых зданий,41.20,2025,391702.0,265421.0,254173.0,274368.0,229421.0,1941.0,309.0,272736.0,55493022,0,2026-03-26T10:16:21,success_bfo,43.3464204,132.1053688,"2-я Рабочая улица, 162, Артём, Приморский край, Россия",address,success,
7709759231,6646027,"ООО ""СР.ДЕВЕЛОПМЕНТ""",1077760706429,ACTIVE,МОСКВА,,,,"105120, МОСКВА, НИЖНЯЯ СЫРОМЯТНИЧЕСКАЯ, 10, 2, I СЕДЬМОЙ ЭТАЖ",Малое предприятие,41.2,41.2 Строительство жилых и нежилых зданий,71.12.1,2025,1352293.0,484527.0,287167.0,305495.0,226308.0,78492.0,1985.0,228988.0,57800803,2,2026-06-30T11:25:58,success_bfo,,,,,not_found,
6454004416,6223166,"ЗАО ""ГЕОТЕХНИКА-С""",1026402485691,ACTIVE,САРАТОВСКАЯ,,САРАТОВ,,"410022, САРАТОВСКАЯ, САРАТОВ, 1-Й ЭНЕРГЕТИКОВ, 25",Малое предприятие,41.2,41.20 Строительство жилых и нежилых зданий,41.20,2025,397393.0,241571.0,206459.0,301615.0,226072.0,97312.0,0.0,204303.0,55297468,0,2026-03-25T10:35:06,success_bfo,51.4639974,45.9185311,"1-й проезд Энергетиков, 25, Саратов, Саратовская область, Россия",address,success,
7805562238,2370060,"ООО ""СК РАКУРС""",1117847357418,ACTIVE,САНКТ-ПЕТЕРБУРГ,,,,"192236, САНКТ-ПЕТЕРБУРГ, БЕЛЫ КУНА, 30, А, 25Н",Малое предприятие,41.2,41.2 Строительство жилых и нежилых зданий,41.2,2025,2495415.0,424478.0,305199.0,304612.0,226008.0,2453.0,,302159.0,57658167,1,2026-05-04T10:53:38,success_bfo,,,,,not_found,
7722387769,10063349,"ООО ""МЕКОНСПРО""",1177746013961,ACTIVE,МОСКВА,,,,"109518, МОСКВА, 1-Й ГРАЙВОРОНОВСКИЙ, 20, 36, 4 ОФИС 413",Малое предприятие,41.2,41.20 Строительство жилых и нежилых зданий,41.20,2025,565820.0,211795.0,195513.0,301228.0,225948.0,101493.0,0.0,199735.0,57848418,1,2026-07-30T19:35:34,success_bfo,,,,,not_found,
3123411969,10191331,"ООО ""СЕНА""",1173123014151,ACTIVE,БЕЛГОРОДСКАЯ,,БЕЛГОРОД,,"308036, БЕЛГОРОДСКАЯ, БЕЛГОРОД, ГУБКИНА, 48А, 57",Малое предприятие,41.2,41.20 Строительство жилых и нежилых зданий,41.20,2025,1164551.0,420290.0,263814.0,297781.0,223303.0,37314.0,7.0,260474.0,57791052,1,2026-07-06T17:23:38,success_bfo,50.5728065,36.5480248,"улица Губкина, 57, Белгород, Белгородская область, Россия",address,success,
4501187413,8028562,"ООО ""СТАЛЬСТРОЙМОНТАЖ""",1134501005451,ACTIVE,КУРГАНСКАЯ,,КУРГАН,,"640023, КУРГАНСКАЯ, КУРГАН, ЗАГОРОДНАЯ, 3, 117",Среднее предприятие,41.2,41.20 Строительство жилых и нежилых зданий,41.20,2025,1518457.0,319929.0,281062.0,293294.0,222783.0,442.0,4729.0,297581.0,57602440,1,2026-04-21T08:57:59,success_bfo,55.4885802,65.2127618,"Загородная улица, Курган, Курганская область, Россия",address,success,
2129040518,5262925,"ООО ""СЗ ""СМУ-58""",1022101273006,ACTIVE,ЧУВАШСКАЯ РЕСПУБЛИКА -,,ЧЕБОКСАРЫ,,"428034, ЧУВАШСКАЯ РЕСПУБЛИКА -, ЧЕБОКСАРЫ, МОСКОВСКИЙ, 17, 1, 2",Малое предприятие,41.2,41.20 Строительство жилых и нежилых зданий,71.12.2,2025,254856.0,203268.0,198793.0,237520.0,220961.0,30839.0,,206681.0,57662119,2,2026-05-05T10:54:54,success_bfo,,,,,not_found,
2524004983,5447391,"ООО ""КАПСТРОЙ""",1022501025491,ACTIVE,ПРИМОРСКИЙ,,НАХОДКА,,"692941, ПРИМОРСКИЙ, НАХОДКА, БАЗОВАЯ, 32, 1",Среднее предприятие,41.2,41.20 Строительство жилых и нежилых зданий,,2025,1629908.0,193705.0,193705.0,290891.0,218168.0,30488.0,,260403.0,56534413,0,2026-03-31T01:15:18,success_bfo,42.7547279,133.0873885,"Базовая улица, 32, Находка, Приморский край, Россия",address,success,
7701769950,1175758,"ООО ""БРАНД""",1087746193810,ACTIVE,МОСКВА,,,,"117556, МОСКВА, НАХИМОВСКИЙ, 1, 1, 1 ПОМ 2 КОМ 16",Малое предприятие,41.2,41.2 Строительство жилых и нежилых зданий,41.2,2025,480429.0,288083.0,234364.0,231737.0,216480.0,8104.0,2550.0,226183.0,57291383,0,2026-03-31T16:19:53,success_bfo,55.5855432,37.468632,"2-я улица Лесные Поляны, 16, Газопровод, Москва, Россия",address,success,
6382020906,2918984,"ООО СЗ ""ЕДИНЕНИЕ""",1026301992650,ACTIVE,САМАРСКАЯ,,ТОЛЬЯТТИ,,"445039, САМАРСКАЯ, ТОЛЬЯТТИ, 40 ЛЕТ ПОБЕДЫ, 94В",Малое предприятие,41.2,41.20 Строительство жилых и нежилых зданий,41.20,2025,796480.0,530953.0,466304.0,322475.0,210427.0,3058.0,12880.0,332297.0,53489682,0,2026-02-13T08:04:25,success_bfo,53.5259127,49.326438,"40 лет Победы, улица Автостроителей, Тольятти, Самарская область, Россия",address,success,
6501067536,6991661,"ООО ""СЗ ""РЫБОВОДСТРОЙ""",1026500545830,ACTIVE,САХАЛИНСКАЯ,,ЮЖНО-САХАЛИНСК,,"693004, САХАЛИНСКАЯ, ЮЖНО-САХАЛИНСК, ЛЕНИНА, 384Б/1",Среднее предприятие,41.2,41.20 Строительство жилых и нежилых зданий,,2025,2863928.0,614201.0,498991.0,295752.0,208684.0,29619.0,39458.0,305591.0,55448544,0,2026-03-26T03:04:09,success_bfo,46.9309048,142.7319259,"Рыбоводстрой, улица Ленина, 384Б/1, Южно-Сахалинск, Сахалинская область, Россия",address,success,
7723788971,2877828,"ООО ""САВ-СТРОЙ""",1117746125342,ACTIVE,МОСКВА,,,,"125167, МОСКВА, ЛЕНИНГРАДСКИЙ, 45, 2, I/3/ПОДВАЛ",Малое предприятие,41.2,41.20 Строительство жилых и нежилых зданий,81.30,2025,1345008.0,294629.0,273523.0,250038.0,206288.0,0.0,0.0,250038.0,54021614,0,2026-03-10T11:23:17,success_bfo,,,,,not_found,
9110022780,10764129,"ООО ""РЕГИОНСТРОЙСНАБ""",1189112033263,ACTIVE,КРЫМ,,ЕВПАТОРИЯ,,"297420, КРЫМ, ЕВПАТОРИЯ, ИМ.9-ГО МАЯ, 114, 1",Малое предприятие,41.2,41.20 Строительство жилых и нежилых зданий,41.20,2025,369128.0,244705.0,218306.0,212748.0,203871.0,11674.0,0.0,201074.0,57865295,1,2026-08-12T15:22:07,success_bfo,45.2068827,33.3402337,"улица 9-го Мая, 114, Евпатория, Автономна Республіка Крим, Україна",address,success,
7702834017,8404035,"ООО ""СПЕЦПРОМСТРОЙ""",1147746237550,ACTIVE,МОСКВА,,,,"129110, МОСКВА, ГИЛЯРОВСКОГО, 57, 1",Малое предприятие,41.2,41.20 Строительство жилых и нежилых зданий,52.29,2025,1237896.0,445784.0,400479.0,298020.0,203744.0,1340.0,222.0,296902.0,57022424,0,2026-03-31T16:26:46,success_bfo,55.7870657,37.6321247,"Палитра Медиа Групп, улица Гиляровского, 57 с1, Москва, Москва, Россия",address,success,
3444259931,9844811,"ООО ""АСЗ""",1163443071142,ACTIVE,ВОЛГОГРАДСКАЯ,,ВОЛГОГРАД,,"400005, ВОЛГОГРАДСКАЯ, ВОЛГОГРАД, СОВЕТСКАЯ, 28",Малое предприятие,41.2,41.20 Строительство жилых и нежилых зданий,41.20,2025,1876247.0,480868.0,423345.0,269789.0,202114.0,63929.0,0.0,205860.0,56175538,0,2026-03-30T13:10:32,success_bfo,48.7146204,44.5313225,"Белые Облака, Советская улица, 28, Волгоград, Волгоградская область, Россия",address,success,
7810741105,10823403,"ООО ""ПСК""",1187847299914,ACTIVE,САНКТ-ПЕТЕРБУРГ,,,,"196128, САНКТ-ПЕТЕРБУРГ, КУЗНЕЦОВСКАЯ, 21, А, 4-Н",Среднее предприятие,41.2,41.20 Строительство жилых и нежилых зданий,,2025,1569335.0,245259.0,223154.0,267945.0,200903.0,44834.0,0.0,223111.0,56026914,0,2026-03-30T08:43:54,success_bfo,59.8718703,30.3032182,"Кузнецовская улица, 10А, Санкт-Петербург, Санкт-Петербург, Россия",address,success,
6234101950,1837108,"ООО ""ДОЛСТРИМ""",1126234003972,ACTIVE,РЯЗАНСКАЯ,,РЯЗАНЬ,,"390047, РЯЗАНСКАЯ, РЯЗАНЬ, 27А",Среднее предприятие,41.2,41.2 Строительство жилых и нежилых зданий,,2025,2783811.0,376141.0,281968.0,284632.0,200461.0,287.0,0.0,284345.0,57743304,1,2026-06-08T17:22:57,success_bfo,54.5995019,39.7647303,"Рязанский колледж электроники, Куйбышевское шоссе, 18 к2, Рязань, Рязанская область, Россия",address,success,
7801421194,2822203,"ООО ""СЕЛЕНА МОНТАЖ""",5067847503686,ACTIVE,САНКТ-ПЕТЕРБУРГ,,,,"199178, САНКТ-ПЕТЕРБУРГ, 18-Я В.О., 29, И, 1-Н Ч.КОМ. 399, КОМН. 401-410",Среднее предприятие,41.2,41.20 Строительство жилых и нежилых зданий,,2025,3699058.0,438979.0,313257.0,269363.0,199638.0,14666.0,11076.0,265773.0,57087227,0,2026-03-31T17:21:51,success_bfo,,,,,not_found,
7327090005,10894306,"ООО ""МОНОЛИТ""",1197325000344,ACTIVE,УЛЬЯНОВСКАЯ,,УЛЬЯНОВСК,,"432027, УЛЬЯНОВСКАЯ, УЛЬЯНОВСК, СИМБИРСКАЯ, 7/1, 1",Среднее предприятие,41.2,41.20 Строительство жилых и нежилых зданий,,2025,2834036.0,265160.0,146554.0,265119.0,198988.0,,,265119.0,57536455,1,2026-04-07T12:29:36,success_bfo,54.3425308,48.3870507,"Симбирская улица, 35 к1, Ульяновск, Ульяновская область, Россия",address,success,
3906302060,8054175,"ООО ""ОМЕГА""",1133926030325,ACTIVE,КАЛИНИНГРАДСКАЯ,,КАЛИНИНГРАД,,"236039, КАЛИНИНГРАДСКАЯ, КАЛИНИНГРАД, ЭПРОНОВСКАЯ, 12, 3",Малое предприятие,41.2,41.20 Строительство жилых и нежилых зданий,41.20,2025,279604.0,279604.0,237595.0,214234.0,197496.0,44451.0,0.0,169783.0,55200784,0,2026-03-24T16:35:58,success_bfo,54.7022567,20.5137193,"Эпроновская улица, 12, Калининград, Калининградская область, Россия",address,success,
7225005025,5376948,"ООО ""ЛЕСНЫЕ ТЕХНОЛОГИИ""",1077206002158,ACTIVE,ТЮМЕНСКАЯ,,Тюмень,,"625056, ТЮМЕНСКАЯ, Тюмень, ВОРОНИНСКИЕ ГОРКИ, 101Б, 4",Среднее предприятие,41.2,41.20 Строительство жилых и нежилых зданий,42.99,2025,1353815.0,347781.0,205344.0,250998.0,197478.0,18178.0,14827.0,247647.0,56482948,0,2026-03-30T21:33:24,success_bfo,57.203642,65.4433592,"проезд Воронинские Горки, 101Б, Тюмень, Тюменская область, Россия",address,success,
9705037905,9204347,"ООО ""СМК""",1157746397192,ACTIVE,МОСКВА,,,,"125480, МОСКВА, ГЕРОЕВ ПАНФИЛОВЦЕВ, 16, 1, 8/3П",Малое предприятие,41.2,41.20 Строительство жилых и нежилых зданий,41.20,2025,2779891.0,613723.0,136092.0,208419.0,195156.0,4218.0,0.0,204201.0,55496886,0,2026-03-26T10:34:34,success_bfo,55.8587145,37.423835,"Пятёрочка, улица Героев Панфиловцев, 16 к1, Москва, Москва, Россия",address,success,
7447139573,1537954,"ООО ""РГС ГРУПП""",1087447014566,ACTIVE,ЧЕЛЯБИНСКАЯ,,ЧЕЛЯБИНСК,,"454080, ЧЕЛЯБИНСКАЯ, ЧЕЛЯБИНСК, ЛЕСОПАРКОВАЯ, 6, 1, 701",Малое предприятие,41.2,41.2 Строительство жилых и нежилых зданий,41.2,2025,1442594.0,80974.0,21916.0,260019.0,193447.0,167183.0,929.0,93765.0,56945752,0,2026-03-31T15:33:46,success_bfo,55.1508423,61.3637925,"Лесопарковая улица, 6/1, Челябинск, Челябинская область, Россия",address,success,
5903110050,8131652,"ООО ""ПГП-СТРОЙ""",1135903005985,ACTIVE,ПЕРМСКИЙ,,ПЕРМЬ,,"614039, ПЕРМСКИЙ, ПЕРМЬ, СИБИРСКАЯ, 47А, 302",Малое предприятие,41.2,41.20 Строительство жилых и нежилых зданий,41.20,2025,1578540.0,270946.0,228146.0,256771.0,192320.0,30474.0,,226297.0,56741584,0,2026-03-31T12:17:51,success_bfo,58.0056661,56.2527866,"БЦ ""Сибирский"", Сибирская улица, 47А, Пермь, Пермский край, Россия",address,success,
5404278931,2207527,"ООО ""ПРОМСТРОЙ""",1065404087473,ACTIVE,НОВОСИБИРСКАЯ,,НОВОСИБИРСК,,"630091, НОВОСИБИРСКАЯ, НОВОСИБИРСК, СОВЕТСКАЯ, 64, 419",Малое предприятие,41.2,41.2 Строительство жилых и нежилых зданий,52.21.19,2025,623492.0,288603.0,260388.0,256002.0,191962.0,0.0,0.0,256002.0,54473968,0,2026-03-18T06:32:33,success_bfo,55.04888,82.912171,"Кофе и шоколад, Советская улица, 64/1, Новосибирск, Новосибирская область, Россия",address,success,
3706011835,722415,"ООО ""РЕЗЦОФФ""",1043700517992,ACTIVE,ИВАНОВСКАЯ,ШУЙСКИЙ,,ОСТАПОВО,"155908, ИВАНОВСКАЯ, ШУЙСКИЙ, ОСТАПОВО, ЗЕЛЕНАЯ, 79Ф",Среднее предприятие,41.2,41.20 Строительство жилых и нежилых зданий,,2025,3403335.0,308905.0,242621.0,256822.0,191851.0,23460.0,0.0,233362.0,55913254,0,2026-03-29T12:29:05,success_bfo,56.826144,41.3951504,"Зелёная улица, 79Ф, Остапово, Ивановская область, Россия",address,success,
6731028404,3155801,"АО ""СМОЛСТРОМ-СЕРВИС""",1026701439907,ACTIVE,СМОЛЕНСКАЯ,,СМОЛЕНСК,,"214014, СМОЛЕНСКАЯ, СМОЛЕНСК, ЭНГЕЛЬСА, 23А",Среднее предприятие,41.2,41.20 Строительство жилых и нежилых зданий,68.10.21,2025,1026914.0,289700.0,196903.0,252176.0,188909.0,106002.0,0.0,146174.0,55163925,0,2026-03-24T15:19:26,success_bfo,54.78079,32.064613,"улица Энгельса, 23А, Смоленск, Смоленская область, Россия",address,success,
7802148357,6498776,"АО ""НЕВСКИЙ ПРОЕКТ""",1027801564196,ACTIVE,САНКТ-ПЕТЕРБУРГ,,,,"198095, САНКТ-ПЕТЕРБУРГ, МИТРОФАНЬЕВСКОЕ, 5, 2 ЛИТ.Б",Малое предприятие,41.2,41.20 Строительство жилых и нежилых зданий,41.20,2025,1275417.0,286411.0,234205.0,250718.0,186462.0,29577.0,900.0,222041.0,55407018,0,2026-03-25T14:56:22,success_bfo,59.8930884,30.3049182,"Митрофаньевское шоссе, 22 к2 литА, Санкт-Петербург, Санкт-Петербург, Россия",address,success,
9701069818,10167922,"ООО ""БС-СТРОЙ""",1177746323248,ACTIVE,МОСКВА,,,,"105066, МОСКВА, НИЖНЯЯ КРАСНОСЕЛЬСКАЯ, 35, 9, 3, КОМ 3",Малое предприятие,41.2,41.20 Строительство жилых и нежилых зданий,41.20,2025,7825531.0,262553.0,226581.0,249064.0,186340.0,17695.0,,231369.0,56348275,0,2026-03-30T16:41:12,success_bfo,55.7761664,37.6728229,"Нижняя Красносельская улица, 35 c3, Москва, Москва, Россия",address,success,
7702536109,2750990,"ООО ""СЕВ. Р. ДЕВЕЛОПМЕНТ""",1047796639043,ACTIVE,МОСКВА,,,,"105120, МОСКВА, НИЖНЯЯ СЫРОМЯТНИЧЕСКАЯ, 10, 2, I СЕДЬМОЙ ЭТАЖ",Среднее предприятие,41.2,41.20 Строительство жилых и нежилых зданий,,2025,2268670.0,419573.0,215956.0,248824.0,185061.0,52348.0,6005.0,202481.0,57857152,1,2026-08-05T15:04:57,success_bfo,,,,,not_found,
6155043061,717888,"ООО ""СМК""",1066155040775,ACTIVE,РОСТОВСКАЯ,,РОСТОВ-НА-ДОНУ,,"344013, РОСТОВСКАЯ, РОСТОВ-НА-ДОНУ, 2-Й ПЕРЕУЛОК, 114 А, 74",Малое предприятие,41.2,41.2 Строительство жилых и нежилых зданий,41.2,2025,414125.0,154240.0,154240.0,244820.0,183615.0,0.0,0.0,244820.0,56863730,0,2026-03-31T14:22:00,success_bfo,47.238038,39.682258,"2-й переулок, 114А, Ростов-на-Дону, Ростовская область, Россия",address,success,
7810384189,9442863,"ООО ""ИНТЕРИОР ДЕКОР""",1157847338440,ACTIVE,ЛЕНИНГРАДСКАЯ,ВСЕВОЛОЖСКИЙ,ВСЕВОЛОЖСК,,"188645, ЛЕНИНГРАДСКАЯ, ВСЕВОЛОЖСКИЙ, ВСЕВОЛОЖСК, КОЛТУШСКОЕ, 298, 4",Малое предприятие,41.2,41.20 Строительство жилых и нежилых зданий,41.20,2025,879734.0,,,,182836.0,,1242.0,,57422153,0,2026-03-31T23:06:17,success_bfo,60.0376605,30.6311564,"Всеволожский роддом, Колтушское шоссе, 20, Всеволожск, Ленинградская область, Россия",address,success,
5009007401,4170135,"ЗАО ""МОСОБЛСТРОЙТРЕСТ №11""",1035002000330,ACTIVE,МОСКОВСКАЯ,,ДОМОДЕДОВО,,"142000, МОСКОВСКАЯ, ДОМОДЕДОВО, СТАНЦИОННАЯ, 2",Среднее предприятие,41.2,41.20 Строительство жилых и нежилых зданий,,2025,839621.0,151061.0,15962.0,247058.0,178426.0,263204.0,,-16146.0,57195919,0,2026-03-31T19:00:15,success_bfo,55.4421907,37.7736078,"Станционная улица, 2, Домодедово, Московская область, Россия",address,success,
7826728460,4053828,"ООО""ГАЛАКСИ""",1027810267484,ACTIVE,МОСКВА,,,,"107031, МОСКВА, РОЖДЕСТВЕНСКИЙ, 22/23, 1, 3",Малое предприятие,41.2,41.2 Строительство жилых и нежилых зданий,68.20,2025,582842.0,379343.0,338919.0,236636.0,177459.0,16557.0,118698.0,338777.0,57770589,1,2026-06-23T18:43:32,success_bfo,55.76623,37.6304638,"Рождественский бульвар, 22/23, Москва, Москва, Россия",address,success,
5906148686,10319431,"ООО ""ДИАЛ-СТРОЙ""",1175958031138,ACTIVE,ПЕРМСКИЙ,,ПЕРМЬ,,"614030, ПЕРМСКИЙ, ПЕРМЬ, ЯНАУЛЬСКАЯ, 18, 3",Малое предприятие,41.2,41.20 Строительство жилых и нежилых зданий,41.20,2025,864122.0,234790.0,202510.0,235307.0,176465.0,47223.0,0.0,188084.0,56564808,0,2026-03-31T06:54:19,success_bfo,58.1013342,56.3060806,"Янаульская улица, 18, Пермь, Пермский край, Россия",address,success,
5509009608,9509618,"ООО ""СК ""НОВОСТРОЙ""",1155543044898,ACTIVE,ОМСКАЯ,,ОМСК,,"644007, ОМСКАЯ, ОМСК, ТРЕТЬЯКОВСКАЯ, 69",Малое предприятие,41.2,41.20 Строительство жилых и нежилых зданий,41.20,2025,327643.0,241855.0,178018.0,177756.0,175779.0,331.0,,177425.0,56771743,0,2026-03-31T12:56:06,success_bfo,54.997869,73.3709342,"Третьяковская улица, 69, Омск, Омская область, Россия",address,success,
7452113771,8245502,"ООО ""ДОРСТРОЙСЕРВИС""",1137452007648,ACTIVE,ЧЕЛЯБИНСКАЯ,,ЧЕЛЯБИНСК,,"454007, ЧЕЛЯБИНСКАЯ, ЧЕЛЯБИНСК, 40-ЛЕТИЯ ОКТЯБРЯ, 24, 6",Малое предприятие,41.2,41.20 Строительство жилых и нежилых зданий,41.20,2025,213432.0,213432.0,209592.0,181925.0,174114.0,13064.0,0.0,168861.0,53520000,0,2026-02-16T00:00:00,success_bfo,55.1614257,61.4486164,"улица 40-летия Октября, 24, Челябинск, Челябинская область, Россия",address,success,
6629003208,6985736,"ООО ""КОРВЕТ""",1026601722003,ACTIVE,СВЕРДЛОВСКАЯ,,НОВОУРАЛЬСК,,"624135, СВЕРДЛОВСКАЯ, НОВОУРАЛЬСК, СЕРОВА, 4",Среднее предприятие,41.2,41.20 Строительство жилых и нежилых зданий,,2025,1344407.0,296032.0,215094.0,235888.0,172247.0,26405.0,0.0,209483.0,57579325,1,2026-04-16T07:10:08,success_bfo,57.2415041,60.0711309,"улица Серова, 4, Новоуральск, Свердловская область, Россия",address,success,
7610107766,9023468,"ООО ""ВПС""",1147610006213,ACTIVE,ЯРОСЛАВСКАЯ,РЫБИНСКИЙ,РЫБИНСК,,"152901, ЯРОСЛАВСКАЯ, РЫБИНСКИЙ, РЫБИНСК, КРАСНАЯ, 3",Среднее предприятие,41.2,41.20 Строительство жилых и нежилых зданий,,2025,899965.0,280665.0,235472.0,230170.0,170059.0,0.0,,230170.0,53629558,0,2026-02-20T00:00:00,success_bfo,58.0546377,38.7896906,"Рыбинский городской суд Ярославской области, Солнечная улица, 2В, Рыбинск, Ярославская область, Россия",address,success,
3802013497,7461121,"ООО ""СИБСТРОЙСЕРВИС""",1123802000475,ACTIVE,ИРКУТСКАЯ,,БОДАЙБО,,"666904, ИРКУТСКАЯ, БОДАЙБО, МК-135, 65/1А",Малое предприятие,41.2,41.20 Строительство жилых и нежилых зданий,41.20,2025,337902.0,,,,168792.0,,,,56554125,0,2026-03-31T05:40:50,success_bfo,,,,,not_found,
9204003550,8775600,"ООО ""СЕВПРОЕКТМОНТАЖ""",1149204006731,ACTIVE,СЕВАСТОПОЛЬ,,,,"299040, СЕВАСТОПОЛЬ, ГЕНЕРАЛА КОЛОМИЙЦА, 11-Б, 3",Малое предприятие,41.2,41.20 Строительство жилых и нежилых зданий,43.29,2025,247041.0,115968.0,1137.0,203305.0,168256.0,9442.0,55.0,193918.0,57028409,0,2026-03-31T16:15:58,success_bfo,44.5707903,33.5328658,"Генерала Коломийца улица, 11Б, Севастополь, Севастополь, Україна",address,success,
5256137268,9143028,"ООО ""ГАСК-НН""",1155256003132,ACTIVE,НИЖЕГОРОДСКАЯ,,НИЖНИЙ НОВГОРОД,,"603123, НИЖЕГОРОДСКАЯ, НИЖНИЙ НОВГОРОД, ЮЖНЫЙ, 22А, УСЛ. №П1",Малое предприятие,41.2,41.20 Строительство жилых и нежилых зданий,41.20,2025,39364.0,7786.0,-39203.0,224370.0,167962.0,46533.0,815.0,178652.0,57188158,0,2026-03-31T18:52:03,success_bfo,,,,,not_found,
7733357413,11369520,"ООО ""ДИ ЭЛ ДЖИ КОНСТРАКШН""",1207700268005,ACTIVE,МОСКВА,,,,"125424, МОСКВА, ВОЛОКОЛАМСКОЕ, 71, 4, 70К",Малое предприятие,41.2,41.20 Строительство жилых и нежилых зданий,41.20,2025,1066389.0,231818.0,229172.0,225186.0,167350.0,120.0,,225066.0,57132653,0,2026-03-31T18:01:23,success_bfo,55.8168277,37.4310272,"Волоколамское шоссе, 71 с4А, Москва, Москва, Россия",address,success,
7813439894,717577,"ООО ""ПГС""",1097847070661,ACTIVE,САНКТ-ПЕТЕРБУРГ,,,,"193168, САНКТ-ПЕТЕРБУРГ, ДЫБЕНКО, 16, Б, 5-Н",Малое предприятие,41.2,41.20 Строительство жилых и нежилых зданий,41.20,2025,3155387.0,551401.0,233959.0,221635.0,165753.0,29126.0,0.0,192509.0,57836620,1,2026-07-29T12:22:48,success_bfo,59.9041755,30.4702196,"улица Дыбенко, 16 литБ, Санкт-Петербург, Санкт-Петербург, Россия",address,success,
8617013981,280271,"ООО ""СВС""",1020601678844,ACTIVE,ХАНТЫ-МАНСИЙСКИЙ АВТОНОМНЫЙ ОКРУГ - ЮГРА,,СУРГУТ,,"628426, ХАНТЫ-МАНСИЙСКИЙ АВТОНОМНЫЙ ОКРУГ - ЮГРА, СУРГУТ, КОМПЛЕКТОВОЧНАЯ, 7/1",Малое предприятие,41.2,41.20 Строительство жилых и нежилых зданий,41.20,2025,1375358.0,389559.0,206985.0,224568.0,165551.0,67759.0,498.0,157307.0,55280308,0,2026-03-25T09:49:21,success_bfo,61.2685007,73.4522192,"Комплектовочная улица, 7/1, Сургут, Ханты-Мансийский автономный округ — Югра, Россия",address,success,
3250532719,7387241,"ООО ""СЗ ГРАДОСТРОИТЕЛЬ""",1123256015068,ACTIVE,БРЯНСКАЯ,,БРЯНСК,,"241050, БРЯНСКАЯ, БРЯНСК, ДУКИ, 65, II ОФИС 3012",Малое предприятие,41.2,41.2 Строительство жилых и нежилых зданий,41.2,2025,541748.0,211326.0,204656.0,236793.0,165374.0,50482.0,12950.0,199261.0,56242682,0,2026-03-30T14:46:38,success_bfo,,,,,not_found,
8901017773,559865,"ООО ""СТРОИТЕЛЬ""",1068901007020,ACTIVE,ЯМАЛО-НЕНЕЦКИЙ,,САЛЕХАРД,,"629003, ЯМАЛО-НЕНЕЦКИЙ, САЛЕХАРД, ОБЪЕЗДНАЯ, 36А",Малое предприятие,41.2,41.2 Строительство жилых и нежилых зданий,41.2,2025,566174.0,,,,164214.0,,,,57646912,1,2026-04-29T16:04:11,success_bfo,66.5511632,66.5951464,"Объездная улица, 36А, Салехард, Ямало-Ненецкий автономный округ, Россия",address,success,
6629013848,6986685,"ООО ""ГОСТСТРОЙ""",1026601724115,ACTIVE,СВЕРДЛОВСКАЯ,,НОВОУРАЛЬСК,,"624131, СВЕРДЛОВСКАЯ, НОВОУРАЛЬСК, ПОХОДНАЯ, 3",Среднее предприятие,41.2,41.20 Строительство жилых и нежилых зданий,,2025,589610.0,259169.0,215375.0,222356.0,163067.0,9491.0,,212865.0,55532993,0,2026-03-26T13:07:26,success_bfo,57.272396,60.0690401,"Походная улица, 3, Новоуральск, Свердловская область, Россия",address,success,
7702628790,6522921,"ООО ""РЕМЭКСПО ЛТ""",1067761422596,ACTIVE,МОСКОВСКАЯ,,ЩЁЛКОВО,,"141112, МОСКОВСКАЯ, ЩЁЛКОВО, 9, 1",Среднее предприятие,41.2,41.2 Строительство жилых и нежилых зданий,42.99,2025,1773101.0,742744.0,279254.0,220085.0,162062.0,19713.0,15006.0,215378.0,55790434,0,2026-03-27T16:30:45,success_bfo,55.9092391,37.9938153,"Московская улица, 9, Щёлково, Московская область, Россия",address,success,
9704143450,11868586,"ООО ""КОЛДИ-КОНСТРАКШН""",1227700337556,ACTIVE,МОСКВА,,,,"107031, МОСКВА, КУЗНЕЦКИЙ МОСТ, 13/9, 1",Малое предприятие,41.2,41.20 Строительство жилых и нежилых зданий,41.20,2025,5653398.0,491577.0,169741.0,223961.0,160159.0,81525.0,736.0,143172.0,55335490,0,2026-03-25T12:41:27,success_bfo,55.7624162,37.6231052,"улица Кузнецкий Мост, 13/9 с1, Москва, Москва, Россия",address,success,
7203441934,10540780,"ООО ""СК СТРОЙМОНТАЖ""",1187232003221,ACTIVE,ТЮМЕНСКАЯ,,ТЮМЕНЬ,,"625048, ТЮМЕНСКАЯ, ТЮМЕНЬ, МАКСИМА ГОРЬКОГО, 76",Малое предприятие,41.2,41.20 Строительство жилых и нежилых зданий,41.20,2025,335017.0,211505.0,170760.0,167226.0,159263.0,0.0,0.0,167226.0,56909455,0,2026-03-31T15:07:36,success_bfo,57.1462729,65.5560563,"улица Максима Горького, 76, Тюмень, Тюменская область, Россия",address,success,
4703179856,11460891,"ООО ""СЗ ""ЕВРОИНВЕСТ МУРИНО""",1204700021228,ACTIVE,ЛЕНИНГРАДСКАЯ,ВСЕВОЛОЖСКИЙ,МУРИНО,,"188677, ЛЕНИНГРАДСКАЯ, ВСЕВОЛОЖСКИЙ, МУРИНО, МЕНДЕЛЕЕВА, 8, 21-Н, РАБОЧЕЕ МЕСТО № 1",Малое предприятие,41.2,41.20 Строительство жилых и нежилых зданий,,2025,755240.0,212622.0,153162.0,213004.0,159189.0,34752.0,0.0,178252.0,57348317,0,2026-03-31T22:13:16,success_bfo,,,,,not_found,
1645023259,5595975,"ООО ""РУСНЕФТЕГАЗСТРОЙ """,1081689000535,ACTIVE,ТАТАРСТАН,ЛЕНИНОГОРСКИЙ,ЛЕНИНОГОРСК,,"423254, ТАТАРСТАН, ЛЕНИНОГОРСКИЙ, ЛЕНИНОГОРСК, АГАДУЛЛИНА, 25, 8, 3",Малое предприятие,41.2,41.2 Строительство жилых и нежилых зданий,41.20,2025,277868.0,,,,159128.0,,,,55516251,0,2026-03-26T11:59:10,success_bfo,54.5988613,52.4712942,"улица Агадуллина, 25/6, Лениногорск, Татарстан, Россия",address,success,
1207007519,46466,"ООО ""БИРХАУС""",1041201401724,ACTIVE,МАРИЙ ЭЛ,,ЙОШКАР-ОЛА,,"424016, МАРИЙ ЭЛ, ЙОШКАР-ОЛА, ЛУНАЧАРСКОГО, 52",Малое предприятие,41.2,41.2 Строительство жилых и нежилых зданий,41.2,2025,794171.0,,,,158735.0,,8783.0,,54979920,0,2026-03-23T14:57:18,success_bfo,56.6178753,47.8982441,"улица Луначарского, 52, Йошкар-Ола, Марий Эл, Россия",address,success,
1435203400,399300,"ООО ""СЗ ""ТРАНССТРОЙ""",1081435006311,ACTIVE,САХА /ЯКУТИЯ/,,ЯКУТСК,,"677014, САХА /ЯКУТИЯ/, ЯКУТСК, АВТОСТРАДА 50 ЛЕТ ОКТЯБРЯ, 10, 1А",Малое предприятие,41.2,41.20 Строительство жилых и нежилых зданий,41.20,2025,50230.0,7666.0,7666.0,210773.0,158080.0,39721.0,,171052.0,56590867,0,2026-03-31T08:29:33,success_bfo,62.0738132,129.7366718,"Автострада 50 лет Октября, Якутск, Республика Саха (Якутия), Россия",address,success,
4823055595,7404677,"ООО ""СМУ-48""",1124823014997,ACTIVE,ЛИПЕЦКАЯ,,ЛИПЕЦК,,"398005, ЛИПЕЦКАЯ, ЛИПЕЦК, З.КОСМОДЕМЬЯНСКОЙ, 1А",Малое предприятие,41.2,41.20 Строительство жилых и нежилых зданий,41.20,2025,890918.0,,,,157914.0,,,,56020360,0,2026-03-30T08:19:58,success_bfo,52.5894524,39.6238674,"D13, улица Зои Космодемьянской, 1А, Липецк, Липецкая область, Россия",address,success,
4401159638,9108182,"АО ""ПРОФИСТРОЙ""",1154401001677,ACTIVE,КОСТРОМСКАЯ,,КОСТРОМА,,"156011, КОСТРОМСКАЯ, КОСТРОМА, БЕРЕЗОВЫЙ, 10",Малое предприятие,41.2,41.20 Строительство жилых и нежилых зданий,41.20,2025,199776.0,124234.0,124234.0,163420.0,155579.0,8.0,0.0,163412.0,56155808,0,2026-03-30T12:36:39,success_bfo,57.7302496,40.928541,"Санаторий Костромской, 10, Кострома, Костромская область, Россия",address,success,
6679071411,9231081,"ООО ""ЕЭМ""",1156658020111,ACTIVE,СВЕРДЛОВСКАЯ,,ЕКАТЕРИНБУРГ,,"620000, СВЕРДЛОВСКАЯ, ЕКАТЕРИНБУРГ, ШЕЙНКМАНА, 9, 51",Малое предприятие,41.2,41.20 Строительство жилых и нежилых зданий,42.22.2,2025,1117714.0,192431.0,151232.0,197966.0,154065.0,102090.0,77365.0,173241.0,57780023,1,2026-06-29T11:35:20,success_bfo,56.8281447,60.5864036,"Уральский региональный центр МЧС России, улица Шейнкмана, 84, Екатеринбург, Свердловская область, Россия",address,success,
7733294690,9854530,"ООО ""ГОРСВЕТ""",1167746718919,ACTIVE,МОСКВА,,,,"125476, МОСКВА, ВАСИЛИЯ ПЕТУШКОВА, 8, 3",Малое предприятие,41.2,41.20 Строительство жилых и нежилых зданий,43.21,2025,1023565.0,221487.0,204124.0,205097.0,153813.0,5242.0,,199855.0,56385610,0,2026-03-30T17:51:51,success_bfo,55.8359521,37.4011376,"улица Василия Петушкова, 3 к3 с8, Москва, Москва, Россия",address,success,
2723198420,10512520,"ООО ""СОТ""",1182724000337,ACTIVE,САНКТ-ПЕТЕРБУРГ,,,,"196191, САНКТ-ПЕТЕРБУРГ, НОВОИЗМАЙЛОВСКИЙ, 20, 1 ЛИТЕР А, 77",Малое предприятие,41.2,41.20 Строительство жилых и нежилых зданий,41.20,2025,644543.0,,,,153131.0,,4685.0,,57001333,0,2026-03-31T16:17:15,success_bfo,,,,,not_found,
5044125581,11861391,"ООО ""ВИС ИНЖИНИРИНГ""",1225000054718,ACTIVE,МОСКОВСКАЯ,,СОЛНЕЧНОГОРСК,,"141506, МОСКОВСКАЯ, СОЛНЕЧНОГОРСК, КРАСНАЯ, 23, 16",Малое предприятие,41.2,41.20 Строительство жилых и нежилых зданий,41.20,2025,757039.0,35235.0,-212.0,-212.0,152663.0,,0.0,-212.0,56706935,0,2026-03-31T11:47:11,success_bfo,56.1868973,36.9797987,"Сувениры с символикой Солнечногорска, Красная улица, 82, Солнечногорск, Московская область, Россия",address,success,
5902994670,8557336,"ООО ""ИНТЕРКОМ""",1145958030393,ACTIVE,САНКТ-ПЕТЕРБУРГ,,,,"191167, САНКТ-ПЕТЕРБУРГ, ТЕЛЕЖНАЯ, 37, С, 9-Н",Малое предприятие,41.2,41.20 Строительство жилых и нежилых зданий,41.20,2025,768031.0,,,,149523.0,,,,54489894,0,2026-03-18T10:11:38,success_bfo,59.9228816,30.3800651,"Тележная улица, 37 литС, Санкт-Петербург, Санкт-Петербург, Россия",address,success,
7713748105,1478523,"ООО ""АЛЬФА-ФИНАНС""",1127746380190,ACTIVE,МОСКВА,,,,"127299, МОСКВА, БОЛЬШАЯ АКАДЕМИЧЕСКАЯ, 5, 4/424",Среднее предприятие,41.2,41.20 Строительство жилых и нежилых зданий,63.11.1,2025,1005530.0,406238.0,210660.0,191052.0,148499.0,3902.0,35186.0,222336.0,54557200,0,2026-03-18T17:33:24,success_bfo,55.8184848,37.5221579,"Большая Академическая улица, 5, Москва, Москва, Россия",address,success,
1215012600,5123155,"АО ""СЗ ПМК-5""",1021200769908,ACTIVE,МАРИЙ ЭЛ,,ЙОШКАР-ОЛА,,"424037, МАРИЙ ЭЛ, ЙОШКАР-ОЛА, ДРУЖБЫ, 98А",Малое предприятие,41.2,41.20 Строительство жилых и нежилых зданий,41.20,2025,1030269.0,295024.0,202798.0,198630.0,148252.0,11433.0,6383.0,193580.0,55070674,1,2026-03-24T10:10:19,success_bfo,56.6545467,47.8728127,"улица Дружбы, 98А, Йошкар-Ола, Марий Эл, Россия",address,success,
2225079613,6136781,"ООО ""ГТМ-СТРОЙ""",1062225021066,ACTIVE,АЛТАЙСКИЙ,,НОВОАЛТАЙСК,,"658084, АЛТАЙСКИЙ, НОВОАЛТАЙСК, ВОЕНСТРОЯ, 65",Малое предприятие,41.2,41.2 Строительство жилых и нежилых зданий,41.2,2025,694793.0,352828.0,179899.0,199265.0,147980.0,3598.0,87.0,195754.0,56068991,0,2026-03-30T10:21:42,success_bfo,53.3875253,83.9570474,"улица Военстроя, 65, Новоалтайск, Алтайский край, Россия",address,success,
1215078778,5110123,"ООО ""СЗ ""РУСАГРОСТРОЙ""",1021200782173,ACTIVE,МАРИЙ ЭЛ,,ЙОШКАР-ОЛА,,"424004, МАРИЙ ЭЛ, ЙОШКАР-ОЛА, ЛЬВА ТОЛСТОГО, 62",Малое предприятие,41.2,41.20 Строительство жилых и нежилых зданий,41.20,2025,1715423.0,343167.0,157213.0,203342.0,147015.0,,,203342.0,55505249,0,2026-03-26T11:25:35,success_bfo,56.6458825,47.9024462,"улица Льва Толстого, Йошкар-Ола, Марий Эл, Россия",address,success,
6167065479,6950650,"АО ""СЗ ""СМУ №1""",1026104146177,ACTIVE,РОСТОВСКАЯ,,Ростов-на-Дону,,"344002, РОСТОВСКАЯ, Ростов-на-Дону, БУДЕННОВСКИЙ, 36, 406",Среднее предприятие,41.2,41.2 Строительство жилых и нежилых зданий,77.39.11,2025,21219.0,-8153.0,-56488.0,205094.0,146543.0,282701.0,2016.0,-75591.0,54426239,0,2026-03-17T14:29:20,success_bfo,47.22474,39.7065734,"Ростов-на-Дону 344002, Будённовский проспект, 50, Ростов-на-Дону, Ростовская область, Россия",address,success,
1200003579,11727280,"ООО ""СЗ ""СК""ПИК""",1211200004971,ACTIVE,МАРИЙ ЭЛ,,ЙОШКАР-ОЛА,,"424005, МАРИЙ ЭЛ, ЙОШКАР-ОЛА, СЕРНУРСКИЙ, 20Б, 2",Малое предприятие,41.2,41.20 Строительство жилых и нежилых зданий,41.20,2025,825582.0,160465.0,124421.0,154195.0,146478.0,29654.0,,124541.0,57679401,1,2026-05-12T15:37:14,success_bfo,56.653277,47.9549525,"Татнефть, Сернурский тракт, 2Б, Йошкар-Ола, Марий Эл, Россия",address,success,
7704442569,10337223,"ООО ""МЕЖРЕГИОНСТРОЙ""",1177746871433,ACTIVE,МОСКВА,,,,"125424, МОСКВА, ВОЛОКОЛАМСКОЕ, 73, 3",Малое предприятие,41.2,41.20 Строительство жилых и нежилых зданий,71.11,2025,407203.0,,,,145286.0,,4898.0,,57144669,0,2026-03-31T18:13:06,success_bfo,55.8243084,37.429523,"Эксперт Банкрот, Волоколамское шоссе, 73, Москва, Москва, Россия",address,success,
3906151325,6120830,"ЗАО ""МОНТАЖ-ОКНО""",1063906071635,ACTIVE,КАЛИНИНГРАДСКАЯ,,КАЛИНИНГРАД,,"236003, КАЛИНИНГРАДСКАЯ, КАЛИНИНГРАД, ЯЛТИНСКАЯ, 44, ЛИТ.А ЛИТ.II А",Малое предприятие,41.2,41.2 Строительство жилых и нежилых зданий,41.2,2025,259037.0,,,,144835.0,,519.0,,55824188,0,2026-03-27T18:48:44,success_bfo,,,,,not_found,
6027112351,4180442,"ООО СЗ ""КАПИТАЛ ИНВЕСТСТРОЙ""",1086027002753,ACTIVE,ПСКОВСКАЯ,,ПСКОВ,,"180006, ПСКОВСКАЯ, ПСКОВ, ЛИНЕЙНАЯ, 3, 101",Малое предприятие,41.2,41.2 Строительство жилых и нежилых зданий,41.20,2025,258270.0,185160.0,180518.0,193516.0,144649.0,19901.0,0.0,173615.0,54341678,0,2026-03-16T14:45:45,success_bfo,57.8404466,28.3317596,"Линейная улица, Псков, Псковская область, Россия",address,success,
7725375056,10235301,"ООО ""МОНОЛИТ""",1177746504979,ACTIVE,МОСКВА,,,,"123298, МОСКВА, НАРОДНОГО ОПОЛЧЕНИЯ, 40, 1, 1 КОМ 4",Малое предприятие,41.2,41.20 Строительство жилых и нежилых зданий,41.20,2025,358617.0,,,,144642.0,,18445.0,,55749900,0,2026-03-27T14:40:20,success_bfo,55.7941411,37.5017091,"улица Народного Ополчения, 52 к4, Москва, Москва, Россия",address,success,
6330032139,5396207,"ООО ""РСГ-ГРУПП""",1076330000075,ACTIVE,МОСКВА,,,,"115280, МОСКВА, ЛЕНИНСКАЯ СЛОБОДА, 19, 6А/4",Среднее предприятие,41.2,41.2 Строительство жилых и нежилых зданий,43.11.1,2025,1285432.0,85457.0,55525.0,186646.0,144557.0,16482.0,1383.0,171547.0,57392022,0,2026-03-31T23:27:17,success_bfo,55.707719,37.654326,"улица Ленинская Слобода, 19 с4, Москва, Москва, Россия",address,success,
7720714650,5415438,"ООО ""АДЮТОН-Н""",1117746272401,ACTIVE,МОСКВА,,,,"123242, МОСКВА, ЗООЛОГИЧЕСКАЯ, 10, 2/5",Среднее предприятие,41.2,41.20 Строительство жилых и нежилых зданий,,2025,2980717.0,530383.0,231480.0,197103.0,143859.0,5603.0,7821.0,199321.0,56983819,0,2026-03-31T15:59:41,success_bfo,55.781429,37.5520571,"10 корпус, 2-й Боткинский проезд, 5 к10, Москва, Москва, Россия",address,success,
5261090174,8405207,"ООО ""СПЕЦИАЛИЗИРОВАННЫЙ ЗАСТРОЙЩИК ""МОЙ ДОМ КАМЕНКИ""",1145261001093,ACTIVE,НИЖЕГОРОДСКАЯ,,НИЖНИЙ НОВГОРОД,КУСАКОВКА,"607635, НИЖЕГОРОДСКАЯ, НИЖНИЙ НОВГОРОД, КУСАКОВКА, ПОЛЕВАЯ, 58, П1",Малое предприятие,41.2,41.20 Строительство жилых и нежилых зданий,41.20,2025,623800.0,209075.0,197675.0,196569.0,142727.0,24813.0,9721.0,181477.0,53513203,0,2026-02-16T08:56:56,success_bfo,56.1806818,43.9100637,"Полевая улица, 58, сельское поселение Кусаковка, Нижегородская область, Россия",address,success,
4703142292,8938599,"ООО ""АРСЕНАЛ-10""",1144703003851,ACTIVE,САНКТ-ПЕТЕРБУРГ,,,,"197376, САНКТ-ПЕТЕРБУРГ, ПЛЕСЕЦКАЯ, 2, 1, 48Н",Малое предприятие,41.2,41.20 Строительство жилых и нежилых зданий,41.20,2025,488957.0,295447.0,206127.0,203476.0,142638.0,36865.0,0.0,166611.0,55200885,0,2026-03-24T17:30:46,success_bfo,60.0301543,30.2049501,"Boxberry, Плесецкая улица, 2 с1, Санкт-Петербург, Санкт-Петербург, Россия",address,success,
7733881088,8547709,"ООО ""БАСК""",1147746537102,ACTIVE,МОСКВА,,,,"111141, МОСКВА, КУСКОВСКАЯ, 20А, 1/1",Среднее предприятие,41.2,41.20 Строительство жилых и нежилых зданий,,2025,4097138.0,245050.0,145476.0,183557.0,141785.0,94461.0,31045.0,120141.0,55443897,1,2026-03-25T16:57:27,success_bfo,55.7408739,37.785077,"Fitness City, Кусковская улица, 20А, Москва, Москва, Россия",address,success,
8911018470,6596667,"ООО ""ПЦН""",1028900857523,ACTIVE,ЯМАЛО-НЕНЕЦКИЙ,ПУРОВСКИЙ,ТАРКО-САЛЕ,,"629851, ЯМАЛО-НЕНЕЦКИЙ, ПУРОВСКИЙ, ТАРКО-САЛЕ, ПРОМЫШЛЕННАЯ, 2",Малое предприятие,41.2,41.2 Строительство жилых и нежилых зданий,41.2,2025,1102868.0,93379.0,93379.0,189065.0,141188.0,99218.0,1222.0,91069.0,56096218,0,2026-03-30T11:06:15,success_bfo,64.9088483,77.7521784,"Промышленная улица, 2, Тарко-Сале, Ямало-Ненецкий автономный округ, Россия",address,success,
1513043241,7998669,"ООО ""ПРОМЖИЛСТРОЙ РСО-АЛАНИЯ""",1131513004754,ACTIVE,СЕВЕРНАЯ ОСЕТИЯ - АЛАНИЯ,,ВЛАДИКАВКАЗ,,"362021, СЕВЕРНАЯ ОСЕТИЯ - АЛАНИЯ, ВЛАДИКАВКАЗ, НЕИЗВЕСТНОГО СОЛДАТА, 12, 1",Малое предприятие,41.2,41.20 Строительство жилых и нежилых зданий,41.20,2025,1142806.0,,,,140676.0,,91.0,,56292003,0,2026-03-30T15:49:11,success_bfo,43.0520063,44.7011092,"улица Неизвестного Солдата, Владикавказ, Северная Осетия — Алания, Россия",address,success,
7802707358,11319558,"ООО ""СК ВЕКТОР""",1207800061402,ACTIVE,САНКТ-ПЕТЕРБУРГ,,,,"194214, САНКТ-ПЕТЕРБУРГ, ЛИСТВЕННАЯ, 20, 2, 50Н",Малое предприятие,41.2,41.20 Строительство жилых и нежилых зданий,41.20,2025,1841358.0,279770.0,224981.0,188113.0,140654.0,2841.0,2826.0,188098.0,54568068,0,2026-03-18T20:32:19,success_bfo,60.0291533,30.3370221,"ЖК «Листва», Лиственная улица, 20 к2 с1, Санкт-Петербург, Санкт-Петербург, Россия",address,success,
5238000045,6883492,"АО ""СТРОИТЕЛЬ""",1025200912571,ACTIVE,НИЖЕГОРОДСКАЯ,ШАТКОВСКИЙ,,ШАТКИ,"607700, НИЖЕГОРОДСКАЯ, ШАТКОВСКИЙ, ШАТКИ, ПУШКИНА, 33",Среднее предприятие,41.2,41.20 Строительство жилых и нежилых зданий,42.11,2025,1565420.0,241194.0,241194.0,196331.0,140604.0,1292.0,0.0,195039.0,57760930,2,2026-06-18T10:48:48,success_bfo,55.187111,44.1273889,"Шатковское РайПО, Центральная улица, 33, Шатки, Нижегородская область, Россия",address,success,
3235001826,5688989,"АО ""СЗ ""КОМПЛЕКТ""",1023201293114,ACTIVE,БРЯНСКАЯ,,БРЯНСК,,"241020, БРЯНСКАЯ, БРЯНСК, ТУХАЧЕВСКОГО, 8",Малое предприятие,41.2,41.20 Строительство жилых и нежилых зданий,41.20,2025,414194.0,184540.0,86560.0,160195.0,140498.0,14709.0,34.0,145520.0,57646593,1,2026-04-29T15:29:48,success_bfo,53.2144774,34.4266512,"улица Тухачевского, 8, Брянск, Брянская область, Россия",address,success,
5003110787,8849106,"ООО ""РЕКОНСТРУКЦИЯ""",1145003002506,ACTIVE,МОСКОВСКАЯ,,ДОМОДЕДОВО,,"142029, МОСКОВСКАЯ, ДОМОДЕДОВО, ЛОГИСТИЧЕСКАЯ, 10А",Малое предприятие,41.2,41.20 Строительство жилых и нежилых зданий,41.20,2025,2563468.0,306144.0,195777.0,199793.0,140461.0,2191.0,0.0,197602.0,53953394,0,2026-03-06T11:21:01,success_bfo,55.4714094,37.7178493,"Логистическая улица, Домодедово, Московская область, Россия",address,success,
3015102995,8799899,"ООО  ""ГЕОБУРМОНТАЖ""",1143015002085,ACTIVE,АСТРАХАНСКАЯ,,АСТРАХАНЬ,,"414045, АСТРАХАНСКАЯ, АСТРАХАНЬ, ТАМБОВСКАЯ, 13",Малое предприятие,41.2,41.20 Строительство жилых и нежилых зданий,41.20,2025,314535.0,,,,140343.0,,171.0,,56769463,0,2026-03-31T13:01:51,success_bfo,46.3409333,48.0258104,"ГУ МЧС России по Астраханской области, Волжская улица/Тамбовская, 11/3, Астрахань, Астраханская область, Россия",address,success,
1643012357,117035,"ООО  ""НЕФТЕСТРОЙЭНЕРГО""",1121688000180,ACTIVE,ТАТАРСТАН,АЛЬМЕТЬЕВСКИЙ,АЛЬМЕТЬЕВСК,,"423458, ТАТАРСТАН, АЛЬМЕТЬЕВСКИЙ, АЛЬМЕТЬЕВСК, ГАБДУЛЛЫ ТУКАЯ, 41Б, 22",Малое предприятие,41.2,41.2 Строительство жилых и нежилых зданий,41.2,2025,3598841.0,307518.0,181494.0,185901.0,139426.0,,,185901.0,57276997,0,2026-03-31T20:23:27,success_bfo,54.8968271,52.3140667,"проспект Тукая, 41Б, Альметьевск, Татарстан, Россия",address,success,
7022009793,6344639,"ООО ""СИБ-РЕКОН""",1027001622988,ACTIVE,ТОМСКАЯ,,СТРЕЖЕВОЙ,,"636785, ТОМСКАЯ, СТРЕЖЕВОЙ, ЕРМАКОВА, 6",Малое предприятие,41.2,41.20 Строительство жилых и нежилых зданий,41.20,2025,1392769.0,360566.0,256114.0,195447.0,138936.0,8902.0,0.0,186545.0,54087900,0,2026-03-11T12:44:15,success_bfo,60.7122348,77.6574246,"Аэропорт Стрежевой, территория Аэропорт, Стрежевой, Томская область, Россия",address,success,
2129005369,5260273,"АО ""СЗ ""ТУС""",1022101137398,ACTIVE,ЧУВАШСКАЯ РЕСПУБЛИКА -,,ЧЕБОКСАРЫ,,"428034, ЧУВАШСКАЯ РЕСПУБЛИКА -, ЧЕБОКСАРЫ, МИЧМАНА ПАВЛОВА, 39, 7",Среднее предприятие,41.2,41.20 Строительство жилых и нежилых зданий,23.32,2025,1767005.0,463718.0,187817.0,185101.0,138826.0,,14828.0,199929.0,57617295,1,2026-04-23T17:17:41,success_bfo,,,,,not_found,
6319024310,2891792,"ООО СМПФ ""ЭЛРИ""",1026301718420,ACTIVE,САМАРСКАЯ,,САМАРА,,"443031, САМАРСКАЯ, САМАРА, ТАШКЕНТСКАЯ, 248Б",Малое предприятие,41.2,41.20 Строительство жилых и нежилых зданий,41.20,2025,414866.0,199420.0,146210.0,184677.0,138468.0,34899.0,188.0,149966.0,53746295,0,2026-02-27T08:19:03,success_bfo,53.2700226,50.2192788,"Ташкентская улица, 248Б, Самара, Самарская область, Россия",address,success,
6150075888,8384231,"ООО ""КОМКОРД""",1146183000699,ACTIVE,РОСТОВСКАЯ,,НОВОЧЕРКАССК,,"346428, РОСТОВСКАЯ, НОВОЧЕРКАССК, МИХАЙЛОВСКАЯ, 164А, 2, 3",Малое предприятие,41.2,41.20 Строительство жилых и нежилых зданий,71.12.1,2025,552514.0,237622.0,195307.0,187776.0,138301.0,0.0,0.0,187776.0,54748653,0,2026-03-20T14:36:13,success_bfo,47.415351,40.0810151,"Михайловская улица, 164А, Новочеркасск, Ростовская область, Россия",address,success,
9706005173,11271310,"ООО ""СМАЙНЭКС ИНЖИНИРИНГ""",1207700089057,ACTIVE,МОСКВА,,,,"119017, МОСКВА, КАДАШЁВСКАЯ, 6/1/2, 1, 1/6",Малое предприятие,41.2,41.20 Строительство жилых и нежилых зданий,41.20,2025,238428.0,237387.0,21246.0,140714.0,138285.0,118963.0,3721.0,25472.0,55305359,0,2026-03-25T10:45:39,success_bfo,55.7428235,37.6171296,"Кадашёвская набережная, 6/1/2 с1, Москва, Москва, Россия",address,success,
6234165390,10077324,"ООО ""СПЕЦПРОМСТРОЙ""",1176234001327,ACTIVE,РЯЗАНСКАЯ,,РЯЗАНЬ,,"390000, РЯЗАНСКАЯ, РЯЗАНЬ, ПОЛЕВАЯ, 75, Н116",Малое предприятие,41.2,41.20 Строительство жилых и нежилых зданий,41.20,2025,1616654.0,485768.0,239007.0,186229.0,138133.0,921.0,2590.0,187898.0,57277156,0,2026-03-31T20:24:25,success_bfo,54.6206225,39.7366367,"ЖК Время, Полевая улица, 75, Рязань, Рязанская область, Россия",address,success,
6658460625,8871435,"ООО ""МАСТЕР-Р""",1146658014304,ACTIVE,СВЕРДЛОВСКАЯ,,ЕКАТЕРИНБУРГ,,"620028, СВЕРДЛОВСКАЯ, ЕКАТЕРИНБУРГ, ВИКУЛОВА, 30, КВАРТИРА 6",Малое предприятие,41.2,41.20 Строительство жилых и нежилых зданий,41.20,2025,594546.0,,,,138104.0,,,,55142715,0,2026-03-24T08:46:43,success_bfo,56.8335663,60.5414968,"улица Викулова, 30, Екатеринбург, Свердловская область, Россия",address,success,
7811419726,1473581,"АО ""СПЕЦСТРОЙМОНТАЖ""",1089847397705,ACTIVE,ЛЕНИНГРАДСКАЯ,,СОСНОВЫЙ БОР,,"188540, ЛЕНИНГРАДСКАЯ, СОСНОВЫЙ БОР, ЛЕНИНГРАДСКАЯ, 70, 4/2",Малое предприятие,41.2,41.2 Строительство жилых и нежилых зданий,41.2,2025,343779.0,,,,137580.0,,1447.0,,57388547,0,2026-03-31T20:45:34,success_bfo,59.9031064,29.0692337,"Ленинградская улица, 70, Сосновый Бор, Ленинградская область, Россия",address,success,
6321244183,4323264,"ООО ""ПРОМСТРОЙПРОЕКТ""",1106320005967,ACTIVE,САМАРСКАЯ,,ТОЛЬЯТТИ,,"445051, САМАРСКАЯ, ТОЛЬЯТТИ, МАРШАЛА ЖУКОВА, 35Б, 1006",Малое предприятие,41.2,41.2 Строительство жилых и нежилых зданий,41.20,2025,1743973.0,372875.0,196715.0,186137.0,137498.0,9695.0,6148.0,182590.0,56220791,0,2026-03-30T14:09:51,success_bfo,53.5099966,49.3009859,"Тольятти 445051, улица Маршала Жукова, 26, Тольятти, Самарская область, Россия",address,success,
6658456643,8589578,"ООО ""КИСЛОРОДМОНТАЖ""",1146658008496,ACTIVE,СВЕРДЛОВСКАЯ,,ЕКАТЕРИНБУРГ,,"620034, СВЕРДЛОВСКАЯ, ЕКАТЕРИНБУРГ, ТОЛЕДОВА, 41, 143",Малое предприятие,41.2,41.20 Строительство жилых и нежилых зданий,41.20,2025,764815.0,,,,136793.0,,3442.0,,55095933,0,2026-03-24T10:54:17,success_bfo,56.8557928,60.544771,"улица Толедова, Екатеринбург, Свердловская область, Россия",address,success,
8601048996,7754387,"ООО ""СТАНДАРТ""",1138601000361,ACTIVE,ХАНТЫ-МАНСИЙСКИЙ АВТОНОМНЫЙ ОКРУГ - ЮГРА,ОКТЯБРЬСКИЙ,,ТАЛИНКА,"628195, ХАНТЫ-МАНСИЙСКИЙ АВТОНОМНЫЙ ОКРУГ - ЮГРА, ОКТЯБРЬСКИЙ, ТАЛИНКА, КОММУНАЛЬНАЯ, 7, 1",Малое предприятие,41.2,41.2 Строительство жилых и нежилых зданий,41.2,2025,1108950.0,176022.0,159550.0,181791.0,136131.0,14562.0,0.0,167229.0,55553260,0,2026-03-26T14:25:13,success_bfo,61.5447221,66.4574505,"Коммунальная улица, 5/7, Талинка, Ханты-Мансийский автономный округ — Югра, Россия",address,success,
2130136045,8459685,"ООО ""СЗ""МОНОЛИТ-58""",1142130005214,ACTIVE,ЧУВАШСКАЯ РЕСПУБЛИКА -,,ЧЕБОКСАРЫ,,"428018, ЧУВАШСКАЯ РЕСПУБЛИКА -, ЧЕБОКСАРЫ, МОСКОВСКИЙ, 17, 1, 3",Малое предприятие,41.2,41.20 Строительство жилых и нежилых зданий,71.12.2,2025,124464.0,92736.0,89282.0,148868.0,135977.0,55873.0,0.0,92995.0,57659485,1,2026-05-04T15:15:41,success_bfo,56.1451477,47.2223102,"Московский проспект, 17Г, Чебоксары, Чувашия, Россия",address,success,
0278210378,8453347,"ООО ""СТЗ""",1140280019241,ACTIVE,БАШКОРТОСТАН,,УФА,,"450097, БАШКОРТОСТАН, УФА, ХАДИИ ДАВЛЕТШИНОЙ, 11, А, 294",Малое предприятие,41.2,41.20 Строительство жилых и нежилых зданий,41.20,2025,216207.0,147275.0,146936.0,146182.0,134766.0,0.0,0.0,146182.0,54974865,0,2026-03-23T15:45:45,success_bfo,54.7365116,55.9927139,"бульвар Хадии Давлетшиной, 11А, Уфа, Башкортостан, Россия",address,success,
3728001189,1807346,"АО ""ДСУ-1""",1023700546407,ACTIVE,МОСКВА,,,,"125284, МОСКВА, ХОРОШЁВСКОЕ, 16, 3",Среднее предприятие,41.2,41.2 Строительство жилых и нежилых зданий,68.20.29,2025,715409.0,351685.0,145454.0,220076.0,134226.0,0.0,66040.0,286116.0,56695204,0,2026-03-31T11:11:56,success_bfo,55.7741834,37.5458649,"Икорный, Хорошёвское шоссе, 16 с3, Москва, Москва, Россия",address,success,
1658073480,3719288,"ООО ""ИМИН""",1061658043908,ACTIVE,ТАТАРСТАН,,КАЗАНЬ,,"420061, ТАТАРСТАН, КАЗАНЬ, НИКОЛАЯ ЕРШОВА, 27",Малое предприятие,41.2,41.2 Строительство жилых и нежилых зданий,42.21,2025,939052.0,332488.0,132621.0,157382.0,133841.0,491.0,8674.0,165565.0,55684869,0,2026-03-27T11:31:41,success_bfo,55.7984908,49.1781024,"улица Николая Ершова, Казань, Татарстан, Россия",address,success,
5638073104,10542142,"ООО ""СП-33""",1185658002375,ACTIVE,ОРЕНБУРГСКАЯ,,ОРЕНБУРГ,,"460000, ОРЕНБУРГСКАЯ, ОРЕНБУРГ, ХЛЕБНЫЙ, 3/1, 1",Малое предприятие,41.2,41.20 Строительство жилых и нежилых зданий,41.20,2025,296208.0,,,,133833.0,,,,56100170,0,2026-03-30T11:27:21,success_bfo,51.7646002,55.0941194,"Хлебный переулок, 1, Оренбург, Оренбургская область, Россия",address,success,
7203094857,7026783,"ООО ""СЗ ""ИНКО И К""",1027200851391,ACTIVE,ТЮМЕНСКАЯ,,ТЮМЕНЬ,,"625001, ТЮМЕНСКАЯ, ТЮМЕНЬ, ПОЛЕВАЯ, 115 Б",Малое предприятие,41.2,41.20 Строительство жилых и нежилых зданий,41.20,2025,1933401.0,692057.0,558799.0,181261.0,130260.0,157.0,293708.0,474812.0,57643335,1,2026-04-29T09:17:32,success_bfo,57.1720342,65.4896449,"Инко, Полевая улица, 115Б, Тюмень, Тюменская область, Россия",address,success,
1215048572,5127178,"АО ""СЗ ""КОНТИНЕНТ""",1021200771954,ACTIVE,МАРИЙ ЭЛ,,ЙОШКАР-ОЛА,,"424004, МАРИЙ ЭЛ, ЙОШКАР-ОЛА, ВОЗНЕСЕНСКАЯ, 30, II",Малое предприятие,41.2,41.20 Строительство жилых и нежилых зданий,71.12.2,2025,977758.0,197469.0,164281.0,177093.0,130241.0,38361.0,5941.0,144673.0,57052744,0,2026-03-31T16:55:33,success_bfo,56.6433672,47.9051436,"Континент, Вознесенская улица, 30, Йошкар-Ола, Марий Эл, Россия",address,success,
1001177997,3588650,"ООО ""ЖИЛСТРОЙТРЕСТ""",1061001063001,ACTIVE,КАРЕЛИЯ,,ПЕТРОЗАВОДСК,,"185003, КАРЕЛИЯ, ПЕТРОЗАВОДСК, ВАРЛАМОВА, 64",Малое предприятие,41.2,41.20 Строительство жилых и нежилых зданий,41.20,2025,136323.0,,,,129902.0,,477.0,,55847031,0,2026-03-28T11:06:53,success_bfo,61.7756842,34.3888809,"Погрануправление по республике Карелия, улица Варламова, 27, Петрозаводск, Карелия, Россия",address,success,
0506001496,336561,"ООО ""БОТЛИХАГРОПРОМДОРСТРОЙ""",1020500683103,ACTIVE,ДАГЕСТАН,БОТЛИХСКИЙ,,БОТЛИХ,"368971, ДАГЕСТАН, БОТЛИХСКИЙ, БОТЛИХ, НИЧАРАХИ, 1",Малое предприятие,41.2,41.2 Строительство жилых и нежилых зданий,41.2,2025,2594375.0,168525.0,168525.0,162642.0,128865.0,0.0,0.0,162642.0,57789515,1,2026-07-06T09:03:45,success_bfo,42.6649255,46.2197454,"улица Ничарахи, 1, Ботлих, Дагестан, Россия",address,success,
1435317647,10113188,"ООО ""МАГИСТРАЛЬ"" С АТК",1171447002308,ACTIVE,САХА (ЯКУТИЯ),,ЯКУТСК,,"677027, САХА (ЯКУТИЯ), ЯКУТСК, КАЛАНДАРИШВИЛИ, 1, 2",Малое предприятие,41.2,41.20 Строительство жилых и нежилых зданий,41.20,2025,859378.0,,,,128790.0,,1801.0,,55994458,0,2026-03-30T04:36:59,success_bfo,62.0220753,129.7184318,"улица Каландаришвили, 1, Якутск, Республика Саха (Якутия), Россия",address,success,
5408172453,6015640,"ООО ""СЗ ""СРС""",1025403654715,ACTIVE,НОВОСИБИРСКАЯ,,БЕРДСК,,"633009, НОВОСИБИРСКАЯ, БЕРДСК, ЗЕЛЕНАЯ РОЩА, 5/13",Среднее предприятие,41.2,41.20 Строительство жилых и нежилых зданий,,2025,847294.0,145555.0,144131.0,167975.0,128342.0,49454.0,15.0,118536.0,55996724,0,2026-03-30T05:16:33,success_bfo,54.7393953,83.0442236,"улица Зелёная Роща, 5/13, Бердск, Новосибирская область, Россия",address,success,
2465094260,1575626,"ООО ""ДНТ""",1052465115790,ACTIVE,КРАСНОЯРСКИЙ,,Красноярск,,"660077, КРАСНОЯРСКИЙ, Красноярск, ПЕТРА ЛОМАКО, 2, 355",Малое предприятие,41.2,41.2 Строительство жилых и нежилых зданий,41.20,2025,331228.0,173525.0,148948.0,172861.0,128131.0,11415.0,4072.0,165518.0,57528200,1,2026-04-06T13:01:05,success_bfo,56.0573234,92.896885,"улица Петра Ломако, 2, Красноярск, Красноярский край, Россия",address,success,
2508121129,8916011,"ООО ""СЗ ""РИМЭКО""",1142508003714,ACTIVE,ПРИМОРСКИЙ,,НАХОДКА,,"692906, ПРИМОРСКИЙ, НАХОДКА, ШОССЕЙНАЯ, 183, А, 2",Малое предприятие,41.2,41.20 Строительство жилых и нежилых зданий,41.20,2025,905190.0,122535.0,122535.0,126911.0,126005.0,0.0,0.0,126911.0,56756578,0,2026-03-31T12:38:49,success_bfo,42.849354,132.9621113,"Шоссейная улица, 183А/2, Находка, Приморский край, Россия",address,success,
7701866545,4397370,"ООО ""ВСК""",1107746104883,ACTIVE,МОСКВА,,,,"105082, МОСКВА, БОЛЬШАЯ ПОЧТОВАЯ, 26В, 1, 410",Среднее предприятие,41.2,41.20 Строительство жилых и нежилых зданий,46.71.1,2025,1398394.0,127607.0,127607.0,168345.0,125887.0,38830.0,,129515.0,56930301,0,2026-03-31T15:22:51,success_bfo,55.7784644,37.6985618,"Большая Почтовая улица, 26В с1, Москва, Москва, Россия",address,success,
7702019661,6462654,"АО РСФ ""РЕМСТРОЙСЕРВИС""",1037739025906,ACTIVE,МОСКВА,,,,"129041, МОСКВА, ОРЛОВО-ДАВЫДОВСКИЙ, 2/5, 3",Среднее предприятие,41.2,41.20 Строительство жилых и нежилых зданий,,2025,1754842.0,329924.0,181677.0,167821.0,125059.0,12093.0,74.0,155802.0,55462469,0,2026-03-25T17:46:47,success_bfo,55.7826311,37.6385056,"Орлово-Давыдовский переулок, 2/5 к3, Москва, Москва, Россия",address,success,
3662149086,4822221,"ООО ""СПЕЦСТРОЙ""",1093668050739,ACTIVE,ВОРОНЕЖСКАЯ,,ВОРОНЕЖ,,"394068, ВОРОНЕЖСКАЯ, ВОРОНЕЖ, ШИШКОВА, 75Б, 5",Малое предприятие,41.2,41.20 Строительство жилых и нежилых зданий,41.20,2025,1862616.0,266888.0,183548.0,169841.0,124745.0,16176.0,2842.0,156507.0,55807338,0,2026-03-27T17:41:35,success_bfo,51.7058976,39.1952625,"улица Шишкова, 75Б, Воронеж, Воронежская область, Россия",address,success,
7814558855,7662522,"ООО ""СК ""ПОТЕНЦИАЛ""",1129847030807,ACTIVE,САНКТ-ПЕТЕРБУРГ,,,,"197375, САНКТ-ПЕТЕРБУРГ, РЕПИЩЕВА, 14, АД",Среднее предприятие,41.2,41.20 Строительство жилых и нежилых зданий,,2025,1370528.0,335129.0,140666.0,166338.0,124197.0,11998.0,5610.0,159950.0,57426248,0,2026-03-31T23:08:57,success_bfo,60.0304906,30.2785648,"Репищева улица, 14 литАН, Санкт-Петербург, Санкт-Петербург, Россия",address,success,
9718003519,9723807,"ООО ""МОНОЛИТНОЕ ДОМОСТРОЕНИЕ""",1167746392714,ACTIVE,МОСКВА,КОММУНАРКА,,,"108814, МОСКВА, КОММУНАРКА, 24-Й, 1, 1, 6",Малое предприятие,41.2,41.20 Строительство жилых и нежилых зданий,68.10.21,2025,470272.0,147116.0,1958.0,173766.0,123601.0,263913.0,74228.0,-15919.0,57598816,1,2026-04-20T14:53:49,success_bfo,55.5878455,37.4437418,"23-й квартал, 77/1, Коммунарка, Москва, Россия",address,success,
5405341390,3384014,"ООО СЗ ""ЖК АКАДЕМИЯ""",1075405009866,ACTIVE,НОВОСИБИРСКАЯ,,НОВОСИБИРСК,,"630102, НОВОСИБИРСКАЯ, НОВОСИБИРСК, ШЕВЧЕНКО, 19/1, КАБИНЕТ 2",Малое предприятие,41.2,41.20 Строительство жилых и нежилых зданий,41.20,2025,39772.0,-22015.0,-22015.0,166967.0,123575.0,201421.0,0.0,-34454.0,56993727,0,2026-03-31T16:11:49,success_bfo,55.0180009,82.9333172,"улица Шевченко, 19/1, Новосибирск, Новосибирская область, Россия",address,success,
2311159020,8056937,"ООО ""СЭС""",1132311007410,ACTIVE,КРАСНОДАРСКИЙ,,КРАСНОДАР,,"350028, КРАСНОДАРСКИЙ, КРАСНОДАР, ИМ. ГЕРОЯ АВЕРКИЕВА А.А., 22, 74",Малое предприятие,41.2,41.20 Строительство жилых и нежилых зданий,41.20,2025,936963.0,147141.0,147141.0,164338.0,123250.0,21673.0,,142665.0,57120230,0,2026-03-31T17:51:40,success_bfo,45.0609293,39.0326473,"улица Героя Аверкиева, 22, Краснодар, Краснодарский край, Россия",address,success,
6658473007,9281538,"ООО ""ЛЕВ""",1156658034830,ACTIVE,СВЕРДЛОВСКАЯ,,ЕКАТЕРИНБУРГ,ГОРНЫЙ ЩИТ,"620902, СВЕРДЛОВСКАЯ, ЕКАТЕРИНБУРГ, ГОРНЫЙ ЩИТ, СВЕРДЛОВА, 48",Малое предприятие,41.2,41.20 Строительство жилых и нежилых зданий,41.20,2025,1546314.0,121993.0,94542.0,167568.0,122180.0,85986.0,544.0,82126.0,56817413,0,2026-03-31T13:16:38,success_bfo,56.6942806,60.5365214,"улица Свердлова, 48Б/2, Горный щит, Свердловская область, Россия",address,success,
3665100339,8499258,"ООО ""ПОДРЯД СТРОЙ""",1143668020814,ACTIVE,ВОРОНЕЖСКАЯ,,ВОРОНЕЖ,,"394016, ВОРОНЕЖСКАЯ, ВОРОНЕЖ, МОСКОВСКИЙ, 42Б, I",Малое предприятие,41.2,41.20 Строительство жилых и нежилых зданий,41.20,2025,176164.0,,,,122127.0,,,,56167419,0,2026-03-30T12:57:25,success_bfo,51.69297,39.1842275,"Московский проспект, 42Б, Воронеж, Воронежская область, Россия",address,success,
7816131635,4915790,"АО ""ПЕТРОС""",1037835001038,ACTIVE,САНКТ-ПЕТЕРБУРГ,,,,"192007, САНКТ-ПЕТЕРБУРГ, ЛИГОВСКИЙ, 200А, А, 7Н",Малое предприятие,41.2,41.20 Строительство жилых и нежилых зданий,41.20,2025,888901.0,198229.0,173582.0,163989.0,120751.0,3041.0,0.0,160948.0,55680935,0,2026-03-27T11:17:52,success_bfo,59.9135624,30.3489769,"Лиговский проспект, 171А, Санкт-Петербург, Санкт-Петербург, Россия",address,success,
7709862944,2711468,"ООО ""СПЕЦИАЛИЗИРОВАННЫЙ ЗАСТРОЙЩИК Ю-ИНВЕСТ""",1107746810412,ACTIVE,МОСКОВСКАЯ,,ХИМКИ,,"141401, МОСКОВСКАЯ, ХИМКИ, ОЗЕРНАЯ, 1",Малое предприятие,41.2,41.2 Строительство жилых и нежилых зданий,41.2,2025,15292.0,6011.0,-14597.0,163866.0,120143.0,149.0,1220.0,164937.0,57666833,1,2026-05-06T12:44:28,success_bfo,55.8991547,37.4516935,"Химки 141401, проспект Мира, 11, Химки, Московская область, Россия",address,success,
2223056681,6284388,"ООО ""РПК""",1062223021387,ACTIVE,НОВОСИБИРСКАЯ,,НОВОСИБИРСК,,"630083, НОВОСИБИРСКАЯ, НОВОСИБИРСК, БОЛЬШЕВИСТСКАЯ, 177/24, 302",Малое предприятие,41.2,41.20 Строительство жилых и нежилых зданий,25.11,2025,482510.0,291622.0,123620.0,159618.0,119714.0,,,159618.0,54866109,0,2026-03-23T05:43:38,success_bfo,54.9934299,82.9763187,"Большевистская улица, 177/24, Новосибирск, Новосибирская область, Россия",address,success,
1609036742,9600199,"ООО ""СОЮЗ СТРОЙ""",1161690057540,ACTIVE,ТАТАРСТАН,АРСКИЙ,,МЕНДЮШ,"422022, ТАТАРСТАН, АРСКИЙ, МЕНДЮШ, МТС, 1А, 1",Малое предприятие,41.2,41.20 Строительство жилых и нежилых зданий,41.20,2025,1577726.0,138154.0,107581.0,158676.0,119011.0,51476.0,0.0,107200.0,55058265,0,2026-03-24T08:54:11,success_bfo,,,,,not_found,
9201519498,10097351,"ООО ""АЛЬФА ГРУПП ПОДРЯД""",1179204000997,ACTIVE,СЕВАСТОПОЛЬ,,,,"299008, СЕВАСТОПОЛЬ, МЕЧНИКОВА, 5, 9-Б/4",Малое предприятие,41.2,41.20 Строительство жилых и нежилых зданий,41.20,2025,240583.0,,,,118873.0,,,,55502586,0,2026-03-26T10:51:38,success_bfo,44.60257,33.50874,"Севастополь 299008, улица Мечникова, 5, Севастополь, Севастополь, Україна",address,success,
2536269896,8346831,"ООО ""АРКТИКА""",1142536001244,ACTIVE,ПРИМОРСКИЙ,,ВЛАДИВОСТОК,,"690034, ПРИМОРСКИЙ, ВЛАДИВОСТОК, ВОРОПАЕВА, 11, 207",Малое предприятие,41.2,41.20 Строительство жилых и нежилых зданий,43.22,2025,491549.0,131339.0,131339.0,126162.0,118873.0,0.0,0.0,126162.0,56016955,0,2026-03-30T08:04:06,success_bfo,43.1064485,131.9475405,"улица Воропаева, 11А, Владивосток, Приморский край, Россия",address,success,
5025012896,5950195,"АО ""ДУКС""",1025001200762,ACTIVE,МОСКОВСКАЯ,,Долгопрудный,,"141704, МОСКОВСКАЯ, Долгопрудный, НАБЕРЕЖНАЯ, 23, 1, НП 6",Малое предприятие,41.2,41.20 Строительство жилых и нежилых зданий,41.20,2025,,,-24789.0,160195.0,118729.0,201277.0,0.0,-41082.0,57469487,0,2026-04-01T08:25:45,success_bfo,55.9625968,37.5222103,"Набережная улица, 23 к1, Долгопрудный, Московская область, Россия",address,success,
3817026548,166261,"ООО ""ИЛИМСПЕЦЗАЩИТА""",1053817003624,ACTIVE,ИРКУТСКАЯ,,УСТЬ-ИЛИМСК,,"666684, ИРКУТСКАЯ, УСТЬ-ИЛИМСК, 000000/1592",Малое предприятие,41.2,41.20 Строительство жилых и нежилых зданий,38.11,2025,272613.0,,,,118168.0,,,,55853596,0,2026-03-28T12:48:30,success_bfo,57.9388562,102.7374626,"Центр социальной помощи семье и детям г. Усть-Илимска и Усть-Илимского района, проспект Дружбы Народов, 56, Усть-Илимск, Иркутская область, Россия",address,success,
5405458373,7565524,"ООО ""АМТ-ГРУПП""",1125476113102,ACTIVE,НОВОСИБИРСКАЯ,,НОВОСИБИРСК,,"630048, НОВОСИБИРСКАЯ, НОВОСИБИРСК, НЕМИРОВИЧА-ДАНЧЕНКО, 120/2, 3",Малое предприятие,41.2,41.2 Строительство жилых и нежилых зданий,46.73.1,2025,2849079.0,983147.0,672314.0,98865.0,117845.0,17008.0,87757.0,169614.0,55713179,0,2026-03-27T12:54:25,success_bfo,54.9758341,82.9000789,"улица Немировича-Данченко, 139/3, Новосибирск, Новосибирская область, Россия",address,success,
7726276121,2786203,"ООО ""СТРОИТЕЛЬ-9""",1037739351088,ACTIVE,МОСКВА,,,,"107497, МОСКВА, ИРКУТСКАЯ, 17, 4",Малое предприятие,41.2,41.20 Строительство жилых и нежилых зданий,41.20,2025,550551.0,,,,117243.0,,,,55003954,0,2026-03-23T16:42:10,success_bfo,55.8243565,37.7822835,"Иркутская улица, 17 с4, Москва, Москва, Россия",address,success,
2208060980,11468148,"ООО ""СК ВЕРШИНА""",1202200038149,ACTIVE,АЛТАЙСКИЙ,,НОВОАЛТАЙСК,,"658080, АЛТАЙСКИЙ, НОВОАЛТАЙСК, ВЫСОКОВОЛЬТНАЯ, 2А, 2",Малое предприятие,41.2,41.20 Строительство жилых и нежилых зданий,41.20,2025,190477.0,121924.0,120813.0,120591.0,116586.0,,,120591.0,55468458,0,2026-03-26T07:08:06,success_bfo,53.4257474,83.9255709,"Высоковольтная улица, 2А, Новоалтайск, Алтайский край, Россия",address,success,
7447220947,7749614,"ООО ""ГЕНЕРАЦИОННОЕ ОБОРУДОВАНИЕ""",1137447001889,ACTIVE,ЧЕЛЯБИНСКАЯ,,ЧЕЛЯБИНСК,,"454080, ЧЕЛЯБИНСКАЯ, ЧЕЛЯБИНСК, ТЕРНОПОЛЬСКАЯ, 6, 108",Малое предприятие,41.2,41.2 Строительство жилых и нежилых зданий,41.2,2025,847214.0,191238.0,155946.0,159278.0,115681.0,33849.0,575.0,126004.0,57838699,1,2026-07-29T16:19:41,success_bfo,55.1555272,61.3700726,"Тернопольская улица, 6, Челябинск, Челябинская область, Россия",address,success,
1424008929,7987608,"ООО ""ВИД""",1131445000510,ACTIVE,САХА (ЯКУТИЯ),СУНТАРСКИЙ,,СУНТАР,"678290, САХА (ЯКУТИЯ), СУНТАРСКИЙ, СУНТАР, СТРОДА, 19",Малое предприятие,41.2,41.20 Строительство жилых и нежилых зданий,41.20,2025,163708.0,163257.0,131187.0,127218.0,114356.0,0.0,640.0,127858.0,56843042,0,2026-03-31T14:01:40,success_bfo,62.1587105,117.6431695,"улица Строда, Сунтар, Республика Саха (Якутия), Россия",address,success,
1661057880,10766399,"ООО ""СК ГАЛАТА""",1181690066326,ACTIVE,ТАТАРСТАН,,КАЗАНЬ,,"420085, ТАТАРСТАН, КАЗАНЬ, ОБНОРСКОГО, 208, 1, 3",Малое предприятие,41.2,41.20 Строительство жилых и нежилых зданий,41.20,2025,1006106.0,557167.0,176239.0,156700.0,113720.0,1148.0,0.0,155552.0,55448113,0,2026-03-25T17:07:51,success_bfo,55.863137,49.025059,"улица Обнорского, 208А, Казань, Татарстан, Россия",address,success,
7703733340,3360728,"АО ПСК ""МОНОЛИТ""",1107746983574,ACTIVE,МОСКВА,,,,"123557, МОСКВА, БОЛЬШОЙ ТИШИНСКИЙ, 43",Малое предприятие,41.2,41.2 Строительство жилых и нежилых зданий,41.2,2025,431177.0,180211.0,136832.0,151491.0,113612.0,15688.0,0.0,135803.0,55592980,0,2026-03-26T17:11:19,success_bfo,55.7692627,37.5680049,"Большой Тишинский переулок, 43, Москва, Москва, Россия",address,success,
8911030766,11108489,"ООО ""РГС-СТРОЙ 4""",1198901003498,ACTIVE,ЯМАЛО-НЕНЕЦКИЙ,,ГУБКИНСКИЙ,,"629830, ЯМАЛО-НЕНЕЦКИЙ, ГУБКИНСКИЙ, 57, 109/4",Малое предприятие,41.2,41.20 Строительство жилых и нежилых зданий,41.20,2025,283869.0,,,,113083.0,,,,56911016,0,2026-03-31T14:48:26,success_bfo,64.4730505,76.7005091,"Ненецкая улица, 4, Губкинский, Ямало-Ненецкий автономный округ, Россия",address,success,
0274106224,849474,"ООО ""БПГС""",1050204011109,ACTIVE,БАШКОРТОСТАН,,УФА,,"450057, БАШКОРТОСТАН, УФА, ЗАКИ ВАЛИДИ, 73",Среднее предприятие,41.2,41.20 Строительство жилых и нежилых зданий,,2025,1104603.0,269636.0,262052.0,153661.0,113007.0,40350.0,,113311.0,56162610,0,2026-03-30T12:56:19,success_bfo,54.7148851,55.9559976,"КвестикУфа, улица Заки Валиди, 64/1, Уфа, Башкортостан, Россия",address,success,
7725108773,4799327,"ООО ""ГРЭМ СЕРВИС ГРУПП""",1027700482358,ACTIVE,МОСКВА,,,,"115191, МОСКВА, СЕРПУХОВСКИЙ ВАЛ, 17, 1, 9",Малое предприятие,41.2,41.20 Строительство жилых и нежилых зданий,41.20,2025,442605.0,,,,112455.0,,,,56820718,0,2026-03-31T13:25:25,success_bfo,55.7112793,37.6126851,"LabQuest, улица Серпуховский Вал, 17, Москва, Москва, Россия",address,success,
7536158377,9694131,"ООО ""АТОМСПЕЦСТРОЙ""",1167536052540,ACTIVE,ЗАБАЙКАЛЬСКИЙ,,ЧИТА,,"672027, ЗАБАЙКАЛЬСКИЙ, ЧИТА, БУТИНА, 72, 7",Среднее предприятие,41.2,41.20 Строительство жилых и нежилых зданий,,2025,1831099.0,238600.0,176751.0,148579.0,111417.0,8879.0,11071.0,150771.0,56621191,0,2026-03-31T09:21:51,success_bfo,52.0488146,113.5145536,"улица Бутина, Чита, Забайкальский край, Россия",address,success,
1215014090,5096203,"АО ""СЗ ""ПМК-3""",1021200751032,ACTIVE,МАРИЙ ЭЛ,,ЙОШКАР-ОЛА,,"424031, МАРИЙ ЭЛ, ЙОШКАР-ОЛА, ПРОЛЕТАРСКАЯ, 63А",Среднее предприятие,41.2,41.20 Строительство жилых и нежилых зданий,,2025,763688.0,266091.0,198594.0,149437.0,111095.0,6750.0,2710.0,145397.0,57671143,1,2026-05-07T14:04:02,success_bfo,56.6474798,47.8791182,"Пролетарская улица, 63А, Йошкар-Ола, Марий Эл, Россия",address,success,
2536154479,4667652,"ООО ""СПЕЦСТРОЙМОНТАЖ""",1052503037399,ACTIVE,ПРИМОРСКИЙ,,ВЛАДИВОСТОК,,"690080, ПРИМОРСКИЙ, ВЛАДИВОСТОК, ДОБРОВОЛЬСКОГО, 5, 5",Малое предприятие,41.2,41.20 Строительство жилых и нежилых зданий,41.20,2025,749704.0,,,,110956.0,,1519.0,,55473555,0,2026-03-26T08:01:40,success_bfo,43.0923202,131.9730122,"Галактика, улица Добровольского, 5, Владивосток, Приморский край, Россия",address,success,
1633608768,8528034,"ООО ""НОКСА""",1141690035948,ACTIVE,ТАТАРСТАН,ПЕСТРЕЧИНСКИЙ,,КУЮКИ,"422773, ТАТАРСТАН, ПЕСТРЕЧИНСКИЙ, КУЮКИ, КВАРТАЛ 12, 5, 2",Малое предприятие,41.2,41.20 Строительство жилых и нежилых зданий,41.20,2025,337453.0,115382.0,112813.0,111469.0,110911.0,0.0,0.0,111469.0,55493482,0,2026-03-26T10:18:26,success_bfo,55.7044948,49.3607031,"5-ый квартал, 12, Куюки, Татарстан, Россия",address,success,
3906980731,9613383,"ООО ""СМУ-17""",1163926053170,ACTIVE,КАЛИНИНГРАДСКАЯ,,КАЛИНИНГРАД,,"236043, КАЛИНИНГРАДСКАЯ, КАЛИНИНГРАД, АКСАКОВА, 137",Малое предприятие,41.2,41.20 Строительство жилых и нежилых зданий,41.20,2025,227654.0,,,,110692.0,,,,57182847,0,2026-03-31T17:46:33,success_bfo,54.7113903,20.5869635,"Аксакова 137-2х8, улица Аксакова, 137, Калининград, Калининградская область, Россия",address,success,
4345468069,10282406,"ООО ""КЛЕВЕР ДЕВЕЛОПМЕНТ""",1174350010273,ACTIVE,КИРОВСКАЯ,,КИРОВ,,"610000, КИРОВСКАЯ, КИРОВ, КАЗАНСКАЯ, 77Б, 2",Среднее предприятие,41.2,41.20 Строительство жилых и нежилых зданий,71.12.2,2025,3169295.0,268684.0,120101.0,113423.0,110682.0,11050.0,29078.0,131451.0,56596852,0,2026-03-31T08:45:20,success_bfo,58.6029943,49.6837869,"Казанская улица, 77Б, Киров, Кировская область, Россия",address,success,
2512300970,5504599,АО ТСПК,1022500575943,ACTIVE,ПРИМОРСКИЙ,,ФОКИНО,,"692880, ПРИМОРСКИЙ, ФОКИНО, ЗАВОДСКАЯ, 1Б",Среднее предприятие,41.2,41.2 Строительство жилых и нежилых зданий,,2025,1914217.0,336576.0,218570.0,157301.0,109275.0,0.0,37622.0,194923.0,56546892,0,2026-03-31T04:22:36,success_bfo,42.96928,132.3949536,"Заводская улица, 1Б, Фокино, Приморский край, Россия",address,success,
4501175947,953997,"ООО ""МПМ""",1124501005815,ACTIVE,КУРГАНСКАЯ,,КУРГАН,,"640008, КУРГАНСКАЯ, КУРГАН, ЮРГАМЫШСКАЯ, 3, 12, 1",Малое предприятие,41.2,41.20 Строительство жилых и нежилых зданий,22.21,2025,254337.0,141306.0,117996.0,120750.0,109017.0,4326.0,0.0,116424.0,54895879,0,2026-03-23T10:43:37,success_bfo,55.4569113,65.3381711,"Курганский Государственный университет, проспект Машиностроителей, 12, Курган, Курганская область, Россия",address,success,
3801095786,827932,"ООО ""РСМП"" ТАНГЕН""",1083801003208,ACTIVE,ИРКУТСКАЯ,,АНГАРСК,,"665806, ИРКУТСКАЯ, АНГАРСК, КОМСОМОЛЬСКАЯ, 10",Малое предприятие,41.2,41.20 Строительство жилых и нежилых зданий,41.20,2025,353823.0,352097.0,107714.0,115659.0,108782.0,5147.0,0.0,110512.0,54869600,0,2026-03-23T06:45:48,success_bfo,52.592659,103.8683175,"1-я Комсомольская улица, 10, Ангарск, Иркутская область, Россия",address,success,
9201015388,8998566,"ООО ""СЕВСПЕЦСТРОЙ""",1149204046122,ACTIVE,СЕВАСТОПОЛЬ,,,,"299059, СЕВАСТОПОЛЬ, ГЕРОЕВ БРЕСТА, 33",Малое предприятие,41.2,41.20 Строительство жилых и нежилых зданий,41.20,2025,641.0,,,,108775.0,,,,53853892,0,2026-03-03T18:00:21,success_bfo,44.5868504,33.4477671,"улица Героев Бреста, 33, Севастополь, Севастополь, Україна",address,success,
1830000270,576630,"АО""МСО""",1021801125290,ACTIVE,УДМУРТСКАЯ,,МОЖГА,,"427791, УДМУРТСКАЯ, МОЖГА, УСТЮЖАНИНА, 5",Среднее предприятие,41.2,41.20 Строительство жилых и нежилых зданий,,2025,207641.0,46889.0,4430.0,146563.0,108237.0,118795.0,,27768.0,54936460,0,2026-03-23T13:23:24,success_bfo,56.4484711,52.2053659,"улица Устюжанина, 5, Можга, Удмуртия, Россия",address,success,
0274925865,10176581,"ООО ""ЛЮКССТРОЙ""",1170280024144,ACTIVE,БАШКОРТОСТАН,,УФА,,"450018, БАШКОРТОСТАН, УФА, ДАЯНА МУРЗИНА, 9/1, 2А",Среднее предприятие,41.2,41.20 Строительство жилых и нежилых зданий,,2025,2655448.0,221383.0,164696.0,143993.0,107462.0,86.0,7408.0,151315.0,57731025,1,2026-06-02T15:05:54,success_bfo,54.6718837,55.9189678,"улица Даяна Мурзина, 9/1, Уфа, Башкортостан, Россия",address,success,
7701388112,8374541,"ООО ""ПРОМСТРОЙРЕМОНТ""",1147746178733,ACTIVE,БЕЛГОРОДСКАЯ,,СТАРЫЙ ОСКОЛ,,"309540, БЕЛГОРОДСКАЯ, СТАРЫЙ ОСКОЛ, Строительная проезд Ш-5, 11, 208",Малое предприятие,41.2,41.20 Строительство жилых и нежилых зданий,41.20,2025,223710.0,,,,107421.0,,,,57021765,0,2026-03-31T16:30:54,success_bfo,51.2333854,37.9353078,"Кровельно-Строительная компания, проезд Ш-5, Старый Оскол, Белгородская область, Россия",address,success,
0107021081,4877935,"ООО ""СТРОИТЕЛЬ""",1110107001267,ACTIVE,КРАСНОДАРСКИЙ,,КРАСНОДАР,,"350075, КРАСНОДАРСКИЙ, КРАСНОДАР, ИМ. СТАСОВА, 183, 48",Малое предприятие,41.2,41.20 Строительство жилых и нежилых зданий,41.20,2025,511478.0,,,,107041.0,,1763.0,,57291426,0,2026-03-31T20:52:38,success_bfo,45.0273988,39.0441624,"Министерство образования, науки и молодежной политики Краснодарского края, улица Стасова, 180/1, Краснодар, Краснодарский край, Россия",address,success,
3328412522,5665425,"АО ""ВЛАДИМИР-СОЮЗПРОММОНТАЖ""",1023301463536,ACTIVE,ВЛАДИМИРСКАЯ,,ВЛАДИМИР,,"600005, ВЛАДИМИРСКАЯ, ВЛАДИМИР, ПОЧАЕВСКИЙ ОВРАГ, 1, 1",Малое предприятие,41.2,41.20 Строительство жилых и нежилых зданий,25.11,2025,886134.0,173558.0,123925.0,143638.0,106911.0,20890.0,0.0,122748.0,56356046,0,2026-03-30T17:12:00,success_bfo,56.1530303,40.3999278,"Почаевский овраг, 10 к1, Владимир, Владимирская область, Россия",address,success,
2311194948,9317880,"ООО ""СТРОЙТРЕВЛ""",1152311011203,ACTIVE,КРАСНОДАРСКИЙ,,КРАСНОДАР,,"350059, КРАСНОДАРСКИЙ, КРАСНОДАР, ЯЛТИНСКАЯ, 39",Среднее предприятие,41.2,41.20 Строительство жилых и нежилых зданий,,2025,1089345.0,279214.0,132354.0,141824.0,106314.0,9320.0,0.0,132504.0,54633001,0,2026-03-19T13:44:41,success_bfo,45.0266497,39.0298568,"улица Ялтинская, улица Селезнёва, Краснодар, Краснодарский край, Россия",address,success,
8615011812,6291693,"ООО ""СТРОИТЕЛЬНО-ТОРГОВАЯ КОМПАНИЯ""",1038600306447,ACTIVE,ХАНТЫ-МАНСИЙСКИЙ АВТОНОМНЫЙ ОКРУГ - ЮГРА,СОВЕТСКИЙ,СОВЕТСКИЙ,,"628240, ХАНТЫ-МАНСИЙСКИЙ АВТОНОМНЫЙ ОКРУГ - ЮГРА, СОВЕТСКИЙ, СОВЕТСКИЙ, ЗАПАДНЫЙ, 1А, 31",Малое предприятие,41.2,41.20 Строительство жилых и нежилых зданий,41.20,2025,788487.0,199902.0,196379.0,161935.0,106303.0,22962.0,2860.0,141833.0,56174248,0,2026-03-30T13:09:09,success_bfo,61.3549695,63.5100004,"Западная улица, 1А, Советский, Ханты-Мансийский автономный округ — Югра, Россия",address,success,
5262325157,9444755,"ООО ""МЕЛАРИТ""",1155262013280,ACTIVE,НИЖЕГОРОДСКАЯ,,НИЖНИЙ НОВГОРОД,,"603057, НИЖЕГОРОДСКАЯ, НИЖНИЙ НОВГОРОД, НАРТОВА, 2, 13",Малое предприятие,41.2,41.20 Строительство жилых и нежилых зданий,41.20,2025,199134.0,,,,105960.0,,0.0,,55823499,0,2026-03-27T19:41:10,success_bfo,56.2878258,43.9944002,"улица Нартова, 13, Нижний Новгород, Нижегородская область, Россия",address,success,
2462201876,5372792,"ООО ""КГК""",1072468019480,ACTIVE,КРАСНОЯРСКИЙ,,КРАСНОЯРСК,,"660064, КРАСНОЯРСКИЙ, КРАСНОЯРСК, АКАДЕМИКА ВАВИЛОВА, 1, 9, 2",Малое предприятие,41.2,41.2 Строительство жилых и нежилых зданий,,2025,1478351.0,331940.0,139529.0,141906.0,105083.0,14632.0,529.0,127803.0,57513282,1,2026-04-03T10:36:38,success_bfo,55.9969351,92.9284847,"Красноярский театр юного зрителя, улица Академика Вавилова, 25, Красноярск, Красноярский край, Россия",address,success,
7536167389,10363966,"ООО ""СПЕЦТРАНС""",1177536005283,ACTIVE,ЗАБАЙКАЛЬСКИЙ,,ЧИТА,,"672027, ЗАБАЙКАЛЬСКИЙ, ЧИТА, БУТИНА, 72, 411",Малое предприятие,41.2,41.20 Строительство жилых и нежилых зданий,41.20,2025,940391.0,301277.0,159737.0,140109.0,105078.0,0.0,17260.0,157369.0,56594198,0,2026-03-31T08:38:49,success_bfo,52.0488146,113.5145536,"улица Бутина, Чита, Забайкальский край, Россия",address,success,
6163222353,11554613,"ООО ""ПФК""",1216100008497,ACTIVE,РОСТОВСКАЯ,,Ростов-на-Дону,,"344000, РОСТОВСКАЯ, Ростов-на-Дону, ЛЕРМОНТОВСКАЯ, 190, 513",Малое предприятие,41.2,41.20 Строительство жилых и нежилых зданий,41.20,2025,273954.0,,,,104928.0,,,,53717824,0,2026-02-26T08:40:31,success_bfo,47.2346141,39.7321596,"Лермонтовская улица, 190, Ростов-на-Дону, Ростовская область, Россия",address,success,
6646008630,6977167,"ЗАО ""ФСК ""ВЫСОТНИК""",1026602342095,ACTIVE,СВЕРДЛОВСКАЯ,,ЕКАТЕРИНБУРГ,,"620028, СВЕРДЛОВСКАЯ, ЕКАТЕРИНБУРГ, ТОКАРЕЙ, 24, КВ. 64",Малое предприятие,41.2,41.20 Строительство жилых и нежилых зданий,41.20,2025,333455.0,148781.0,119442.0,139874.0,104897.0,21215.0,0.0,118659.0,55351366,0,2026-03-25T13:23:23,success_bfo,56.8380426,60.5613113,"улица Токарей, 24, Екатеринбург, Свердловская область, Россия",address,success,
6501282808,9713101,"ООО ""ИМПУЛЬС""",1166501053443,ACTIVE,САХАЛИНСКАЯ,ОХИНСКИЙ,ОХА,,"694496, САХАЛИНСКАЯ, ОХИНСКИЙ, ОХА, ПРОМЫСЛОВАЯ, 6, 1",Малое предприятие,41.2,41.20 Строительство жилых и нежилых зданий,41.20,2025,1169031.0,213424.0,160890.0,128819.0,104894.0,16734.0,32380.0,144465.0,55252397,0,2026-03-25T04:39:08,success_bfo,53.5877208,142.9443614,"694496, Оха, Сахалинская область, Россия",address,success,
7453129206,1072119,"ООО ""ИБК""",1047424500309,ACTIVE,ЧЕЛЯБИНСКАЯ,,МИАСС,,"456320, ЧЕЛЯБИНСКАЯ, МИАСС, МАКЕЕВА, 54",Малое предприятие,41.2,41.20 Строительство жилых и нежилых зданий,41.20,2025,706224.0,165295.0,138231.0,140289.0,104618.0,100.0,4467.0,144656.0,57052715,0,2026-03-31T16:54:53,success_bfo,55.1679493,60.1620625,"проспект Макеева, Миасс, Челябинская область, Россия",address,success,
7714872296,1256960,"ООО ""БУТА КОНСТРАКШН""",1127746354251,ACTIVE,МОСКВА,,,,"129515, МОСКВА, АКАДЕМИКА КОРОЛЕВА, 13, 1, 2/ПОМ IIIА/К 5/О 5",Малое предприятие,41.2,41.2 Строительство жилых и нежилых зданий,,2025,2618932.0,203703.0,80032.0,139479.0,104609.0,58556.0,,80923.0,57269077,0,2026-03-31T20:16:04,success_bfo,,,,,not_found,
6147040074,10458102,"ООО ""СТРОИТЕЛЬ""",1176196055562,ACTIVE,РОСТОВСКАЯ,,КАМЕНСК-ШАХТИНСКИЙ,,"347801, РОСТОВСКАЯ, КАМЕНСК-ШАХТИНСКИЙ, 4-Я ЛИНИЯ, 2",Малое предприятие,41.2,41.20 Строительство жилых и нежилых зданий,41.20,2025,1397593.0,,,,104438.0,,200.0,,57838166,1,2026-07-29T15:43:02,success_bfo,48.3168474,40.3105939,"4-я Линия, Каменск-Шахтинский, Ростовская область, Россия",address,success,
9715334294,10879479,"ООО ""РЕМЭКСПО СЛТ""",5187746013395,ACTIVE,МОСКВА,,,,"127106, МОСКВА, ГОСТИНИЧНАЯ, 9, 1 ПОМ VIII ОФ 5",Малое предприятие,41.2,41.20 Строительство жилых и нежилых зданий,41.20,2025,2293597.0,143043.0,102113.0,139174.0,104376.0,37698.0,0.0,101476.0,55534845,0,2026-03-26T13:13:02,success_bfo,,,,,not_found,
7705989107,272516,"ООО ""СПК-ИНЖИНИРИНГ""",1127746470345,ACTIVE,МОСКВА,,,,"129515, МОСКВА, АКАДЕМИКА КОРОЛЕВА, 13, 1, 6 ПОМ V КОМ 32",Малое предприятие,41.2,41.20 Строительство жилых и нежилых зданий,,2025,10800142.0,749268.0,465768.0,124908.0,104009.0,23125.0,427896.0,529679.0,56364807,1,2026-03-30T17:19:49,success_bfo,,,,,not_found,
6315018549,10254686,"ООО ""ЖИЛСТРОЙ""",1176313050319,ACTIVE,САМАРСКАЯ,,САМАРА,,"443013, САМАРСКАЯ, САМАРА, КОММУНИСТИЧЕСКАЯ, 105, 5",Малое предприятие,41.2,41.20 Строительство жилых и нежилых зданий,41.20,2025,374445.0,144585.0,117410.0,119221.0,103471.0,547.0,0.0,118674.0,56845044,0,2026-03-31T13:56:15,success_bfo,53.2016523,50.1443382,"Коммунистическая улица, 105, Самара, Самарская область, Россия",address,success,
7704592660,4861602,"ООО ""МЕГАСТРОЙ""",1067746420818,ACTIVE,МОСКВА,,,,"129075, МОСКВА, 2-Я НОВООСТАНКИНСКАЯ, 12, 6/1",Среднее предприятие,41.2,41.20 Строительство жилых и нежилых зданий,,2025,2080285.0,289430.0,154398.0,141876.0,103218.0,7647.0,,134229.0,57168906,0,2026-03-31T18:29:29,success_bfo,55.8151021,37.6250079,"2-я Новоостанкинская улица, 6, Москва, Москва, Россия",address,success,
6322037052,691651,"ООО ""КОВЧЕГ""",1066320204224,ACTIVE,САМАРСКАЯ,,ТОЛЬЯТТИ,,"445009, САМАРСКАЯ, ТОЛЬЯТТИ, ПОБЕДЫ, 4",Среднее предприятие,41.2,41.20 Строительство жилых и нежилых зданий,,2025,1669379.0,277584.0,153099.0,136986.0,102738.0,572.0,14688.0,151102.0,55742811,0,2026-03-27T14:18:45,success_bfo,53.5225716,49.4279928,"Тольятти 445009, улица Победы, 20, Тольятти, Самарская область, Россия",address,success,
1215003701,5118490,"АО СЗ ""СПП ""САЛЮТ""",1021200767180,ACTIVE,МАРИЙ ЭЛ,,ЙОШКАР-ОЛА,,"424033, МАРИЙ ЭЛ, ЙОШКАР-ОЛА, ВОСКРЕСЕНСКАЯ, 34",Малое предприятие,41.2,41.2 Строительство жилых и нежилых зданий,41.2,2025,208634.0,115317.0,53469.0,137610.0,102597.0,95137.0,,42473.0,56897428,0,2026-03-31T14:56:22,success_bfo,56.6320794,47.9035092,"Воскресенская набережная, 34, Йошкар-Ола, Марий Эл, Россия",address,success,
5903044618,4313106,"ООО ""ГРАН.АР-СТРОЙ""",1035900366853,ACTIVE,ПЕРМСКИЙ,,ПЕРМЬ,,"614087, ПЕРМСКИЙ, ПЕРМЬ, КОСМОНАВТОВ, 120, 4",Малое предприятие,41.2,41.20 Строительство жилых и нежилых зданий,41.20,2025,562371.0,111463.0,107403.0,111670.0,102480.0,5734.0,745.0,106681.0,56774762,0,2026-03-31T13:04:48,success_bfo,57.9910071,56.191936,"шоссе Космонавтов, 120, Пермь, Пермский край, Россия",address,success,
6167138198,10170121,"ООО ""БАЗАЛЬТ""",1176196015445,ACTIVE,РОСТОВСКАЯ,,РОСТОВ-НА-ДОНУ,,"344072, РОСТОВСКАЯ, РОСТОВ-НА-ДОНУ, ВЕРЕСАЕВА, 101/3, 1, 9",Малое предприятие,41.2,41.20 Строительство жилых и нежилых зданий,41.20,2025,641519.0,116744.0,113433.0,136302.0,102219.0,23820.0,51.0,112533.0,57316572,0,2026-03-31T20:57:17,success_bfo,47.2398802,39.7997895,"улица Вересаева, 101/3 с1, Ростов-на-Дону, Ростовская область, Россия",address,success,
3456002465,9353462,"ООО ""РЕМСТРОЙМОНТАЖ""",1153456000521,ACTIVE,ВОЛГОГРАДСКАЯ,,МИХАЙЛОВКА,,"403343, ВОЛГОГРАДСКАЯ, МИХАЙЛОВКА, ПРОМЫШЛЕННАЯ, 2",Малое предприятие,41.2,41.20 Строительство жилых и нежилых зданий,33.12,2025,249896.0,249896.0,131285.0,135124.0,102025.0,,,135124.0,54206577,0,2026-03-13T14:19:15,success_bfo,50.0906413,43.2347341,"Промышленная улица, 2А, Михайловка, Волгоградская область, Россия",address,success,
2130136091,8459686,"ООО ""СМУ-158""",1142130005269,ACTIVE,ЧУВАШСКАЯ РЕСПУБЛИКА -,,ЧЕБОКСАРЫ,,"428018, ЧУВАШСКАЯ РЕСПУБЛИКА -, ЧЕБОКСАРЫ, МОСКОВСКИЙ, 17, 1, 3",Малое предприятие,41.2,41.20 Строительство жилых и нежилых зданий,41.20,2025,151548.0,87880.0,77253.0,106002.0,101856.0,29344.0,0.0,76658.0,56205589,0,2026-03-30T13:52:45,success_bfo,56.1451477,47.2223102,"Московский проспект, 17Г, Чебоксары, Чувашия, Россия",address,success,
3908603496,3413926,"ООО ""ЗЕВА""",1093925009738,ACTIVE,КАЛИНИНГРАДСКАЯ,,КАЛИНИНГРАД,,"236039, КАЛИНИНГРАДСКАЯ, КАЛИНИНГРАД, ЭЛЬБЛОНГСКАЯ, 33, 28",Малое предприятие,41.2,41.20 Строительство жилых и нежилых зданий,41.20,2025,308726.0,168001.0,106282.0,111390.0,101733.0,6100.0,47.0,105337.0,55686125,0,2026-03-27T10:34:54,success_bfo,54.6988796,20.4948835,"Эльблонгская улица, 33, Калининград, Калининградская область, Россия",address,success,
9715414870,11788221,"ООО ""СПГ""",1227700109856,ACTIVE,МОСКВА,,,,"111024, МОСКВА, 2-Я ЭНТУЗИАСТОВ, 5, 2/Н",Малое предприятие,41.2,41.20 Строительство жилых и нежилых зданий,41.20,2025,1044270.0,,,,101431.0,,0.0,,54833514,0,2026-03-20T20:11:53,success_bfo,55.7493072,37.7273234,"2-я улица Энтузиастов, Москва, Москва, Россия",address,success,
7725813655,8262720,"ООО ""КОМПЛЕКСНОЕ СТРОИТЕЛЬСТВО""",5137746217340,ACTIVE,МОСКВА,,,,"115191, МОСКВА, СЕРПУХОВСКИЙ ВАЛ, 17, 1, 17",Малое предприятие,41.2,41.20 Строительство жилых и нежилых зданий,41.20,2025,325050.0,,,,101134.0,,,,56401589,0,2026-03-30T18:18:53,success_bfo,55.7112793,37.6126851,"LabQuest, улица Серпуховский Вал, 17, Москва, Москва, Россия",address,success,
2311011320,6755700,"АО ""ЖБИ №1""",1022301812785,ACTIVE,КРАСНОДАРСКИЙ,,КРАСНОДАР,,"350051, КРАСНОДАРСКИЙ, КРАСНОДАР, ИМ. РЕПИНА, 22, ОФИС 54",Среднее предприятие,41.2,41.20 Строительство жилых и нежилых зданий,71.12.2,2025,342967.0,272201.0,141357.0,135206.0,100988.0,0.0,2371.0,137577.0,54380091,0,2026-03-17T10:13:10,success_bfo,,,,,not_found,
2304016990,6773791,"АО ""КУРОРТСТРОЙ""",1022300768270,ACTIVE,КРАСНОДАРСКИЙ,,Геленджик,,"353460, КРАСНОДАРСКИЙ, Геленджик, 12",Малое предприятие,41.2,41.20 Строительство жилых и нежилых зданий,41.20,2025,1239967.0,215496.0,115630.0,135417.0,100650.0,2508.0,0.0,132909.0,55276395,0,2026-03-25T09:17:38,success_bfo,44.5604048,38.0770652,"Администрация Муниципального Образования город-курорт Геленджик, Революционная улица, 1, Геленджик, Краснодарский край, Россия",address,success,
7801648847,10773570,"ООО ""КОСОУР""",1187847237643,ACTIVE,САНКТ-ПЕТЕРБУРГ,,,,"199034, САНКТ-ПЕТЕРБУРГ, 16-Я В.О., 7, Б, 12/16-Н",Малое предприятие,41.2,41.20 Строительство жилых и нежилых зданий,46.90,2025,290315.0,171343.0,169263.0,152175.0,99637.0,3683.0,8767.0,157259.0,53850834,0,2026-03-03T16:44:04,success_bfo,59.9422016,30.2849636,"3-я линия В.О., 16 литБ, Санкт-Петербург, Санкт-Петербург, Россия",address,success,
7731646956,4339160,"ООО ""КАСТА""",1107746238995,ACTIVE,МОСКВА,,,,"119270, МОСКВА, НОВОЛУЖНЕЦКИЙ, 9, 6",Малое предприятие,41.2,41.2 Строительство жилых и нежилых зданий,41.2,2025,321092.0,90212.0,47764.0,100581.0,99425.0,842.0,9.0,99748.0,56436400,0,2026-03-30T19:32:23,success_bfo,55.7194292,37.5624222,"Новолужнецкий проезд, 9 с2, Москва, Москва, Россия",address,success,
3525048992,6840082,"АО ""АПСК ""ГСА""",1023500875870,ACTIVE,ЯРОСЛАВСКАЯ,,ЯРОСЛАВЛЬ,,"150000, ЯРОСЛАВСКАЯ, ЯРОСЛАВЛЬ, РЕСПУБЛИКАНСКАЯ, 81, 2, 49",Малое предприятие,41.2,41.20 Строительство жилых и нежилых зданий,41.20,2025,1487117.0,406636.0,251847.0,150299.0,99325.0,14610.0,45681.0,181370.0,56661544,0,2026-03-31T10:30:48,success_bfo,57.6230096,39.8788835,"Республиканская улица, 81 к2, Ярославль, Ярославская область, Россия",address,success,
7716576574,5582836,"ООО ""СПЕЦИАЛИЗИРОВАННЫЙ ЗАСТРОЙЩИК ""РУССТРОЙГРУП""",5077746731354,ACTIVE,МОСКОВСКАЯ,,МЫТИЩИ,,"141009, МОСКОВСКАЯ, МЫТИЩИ, КОЛОНЦОВА, 5, 2, 604",Среднее предприятие,41.2,41.20 Строительство жилых и нежилых зданий,,2025,2717812.0,278129.0,196038.0,140293.0,99084.0,4831.0,12951.0,148413.0,56406825,0,2026-03-30T18:23:47,success_bfo,55.9162403,37.765921,"улица Колонцова, 5, Мытищи, Московская область, Россия",address,success,
5904350618,10214830,"ООО ""СК ""ВЕГА""",1175958019247,ACTIVE,ПЕРМСКИЙ,,ПЕРМЬ,,"614016, ПЕРМСКИЙ, ПЕРМЬ, КУЙБЫШЕВА, 50",Малое предприятие,41.2,41.20 Строительство жилых и нежилых зданий,41.20,2025,1366296.0,83814.0,83814.0,131984.0,98988.0,64193.0,,67791.0,56690256,0,2026-03-31T11:13:52,success_bfo,58.0027308,56.239225,"улица Куйбышева, 50, Пермь, Пермский край, Россия",address,success,
5001107429,9630599,"ООО ""МОСТЫ И ТОННЕЛИ""",1165001050785,ACTIVE,МОСКОВСКАЯ,,ЛЮБЕРЦЫ,,"140014, МОСКОВСКАЯ, ЛЮБЕРЦЫ, ЭЛЕКТРИФИКАЦИИ, 3, 3, 12",Малое предприятие,41.2,41.20 Строительство жилых и нежилых зданий,41.20,2025,1087278.0,235003.0,182506.0,145549.0,98271.0,1208.0,5573.0,149914.0,57016559,0,2026-03-31T16:28:15,success_bfo,55.6701916,37.9190291,"улица Электрификации, 3А, Люберцы, Московская область, Россия",address,success,
1326219505,3552102,"ООО ""САРАНСКТЕХПРИБОР""",1111326002325,ACTIVE,МОРДОВИЯ,,САРАНСК,,"430030, МОРДОВИЯ, САРАНСК, ВАСЕНКО, 38А",Малое предприятие,41.2,41.20 Строительство жилых и нежилых зданий,41.20,2025,2854800.0,214827.0,160190.0,131757.0,98159.0,13926.0,,117831.0,57292019,0,2026-03-31T20:43:09,success_bfo,54.1946774,45.1634118,"Мордовэнерго, улица Васенко, 40В, Саранск, Мордовия, Россия",address,success,
2317057426,1081875,"ООО ""СДС""",1102367003089,ACTIVE,КРАСНОДАРСКИЙ,,СОЧИ,,"354340, КРАСНОДАРСКИЙ, СОЧИ, ГАСТЕЛЛО, 28, 3/3",Малое предприятие,41.2,41.20 Строительство жилых и нежилых зданий,41.20,2025,1625527.0,472827.0,73231.0,120522.0,97423.0,587.0,,119935.0,57253626,0,2026-03-31T19:59:15,success_bfo,43.4456915,39.9139907,"улица Гастелло, 28, Сочи, Краснодарский край, Россия",address,success,
8602194090,7530738,"ООО ""ССС""",1128602019424,ACTIVE,ХАНТЫ-МАНСИЙСКИЙ АВТОНОМНЫЙ ОКРУГ - ЮГРА,,НИЖНЕВАРТОВСК,,"ХАНТЫ-МАНСИЙСКИЙ АВТОНОМНЫЙ ОКРУГ - ЮГРА, НИЖНЕВАРТОВСК, ИНДУСТРИАЛЬНАЯ, 105",Среднее предприятие,41.2,41.20 Строительство жилых и нежилых зданий,,2025,3003048.0,244371.0,151670.0,121826.0,95960.0,,,121826.0,55738821,0,2026-03-27T14:11:06,success_bfo,60.9598958,76.51628,"Индустриальная улица, 105, Нижневартовск, Ханты-Мансийский автономный округ — Югра, Россия",address,success,
4414006950,6857381,"ООО "" БАРС """,1024402235428,ACTIVE,КОСТРОМСКАЯ,,КОСТРОМА,,"156012, КОСТРОМСКАЯ, КОСТРОМА, КОСТРОМСКАЯ, 105",Малое предприятие,41.2,41.20 Строительство жилых и нежилых зданий,41.20,2025,507904.0,170898.0,100893.0,98494.0,95754.0,694.0,1555.0,99355.0,56684236,0,2026-03-31T11:04:38,success_bfo,57.8069838,40.9995772,"Костромская улица, 105, Кострома, Костромская область, Россия",address,success,
6317106247,9150809,"ООО ""СМУ - 5""",1156317001675,ACTIVE,САМАРСКАЯ,,САМАРА,,"443086, САМАРСКАЯ, САМАРА, ВРУБЕЛЯ, 17, Н5",Малое предприятие,41.2,41.20 Строительство жилых и нежилых зданий,68.10,2025,383989.0,148548.0,125911.0,127531.0,95587.0,4548.0,16.0,122999.0,53877771,0,2026-03-04T13:04:47,success_bfo,53.2189117,50.1696805,"Boxberry, улица Врубеля, 17, Самара, Самарская область, Россия",address,success,
2540212331,9314229,"ООО ""ЗИМА ЮЖНАЯ""",1152540004660,ACTIVE,ПРИМОРСКИЙ,,ВЛАДИВОСТОК,,"690002, ПРИМОРСКИЙ, ВЛАДИВОСТОК, 2-Я КРУГОВАЯ, 14, 100",Среднее предприятие,41.2,41.20 Строительство жилых и нежилых зданий,,2025,34277.0,-3220.0,-3821.0,95512.0,95500.0,0.0,0.0,95512.0,56568364,0,2026-03-31T07:12:24,success_bfo,43.1321011,131.908855,"2-я Круговая улица, 14, Владивосток, Приморский край, Россия",address,success,
3801993892,8988308,"ООО ""АСМ""",1143850053577,ACTIVE,ИРКУТСКАЯ,,АНГАРСК,,"665821, ИРКУТСКАЯ, АНГАРСК, КАРЛА МАРКСА, 74А, 204",Среднее предприятие,41.2,41.20 Строительство жилых и нежилых зданий,42.11,2025,2154667.0,245028.0,171698.0,117086.0,95171.0,15315.0,18060.0,119831.0,56689012,0,2026-03-31T11:13:15,success_bfo,52.524911,103.901069,"Ангарск 665821, улица Карла Маркса, Ангарск, Иркутская область, Россия",address,success,
0702007173,244174,"ООО ""ЗОЛЬСКАЯ ПМК-1""",1020700540893,ACTIVE,КАБАРДИНО-БАЛКАРСКАЯ,ЗОЛЬСКИЙ,,МАЛКА,"361710, КАБАРДИНО-БАЛКАРСКАЯ, ЗОЛЬСКИЙ, МАЛКА, БОЛЬНИЧНАЯ, 6",Малое предприятие,41.2,41.20 Строительство жилых и нежилых зданий,41.20,2025,42333.0,,,,94708.0,,,,56030675,0,2026-03-30T08:52:43,success_bfo,,,,,not_found,
2801048449,6792435,"АО СПЕЦИАЛИЗИРОВАННЫЙ ЗАСТРОЙЩИК ""АНК""",1022800511150,ACTIVE,АМУРСКАЯ,,БЛАГОВЕЩЕНСК,,"675028, АМУРСКАЯ, БЛАГОВЕЩЕНСК, ПРОМЫШЛЕННАЯ, 7, 15",Малое предприятие,41.2,41.20 Строительство жилых и нежилых зданий,41.20,2025,268119.0,168588.0,117151.0,127004.0,94237.0,11452.0,0.0,115552.0,55069527,0,2026-03-24T08:43:19,success_bfo,50.2932878,127.5026555,"Промышленная улица, Благовещенск, Амурская область, Россия",address,success,
4205243072,1301526,"ООО ""СКС""",1124205007508,ACTIVE,НОВОСИБИРСКАЯ,,НОВОСИБИРСК,,"630096, НОВОСИБИРСКАЯ, НОВОСИБИРСК, СТАНЦИОННАЯ, 60/12, 110",Среднее предприятие,41.2,41.20 Строительство жилых и нежилых зданий,,2025,1125334.0,258795.0,216798.0,126324.0,93472.0,9830.0,16799.0,133293.0,57572502,1,2026-04-14T10:55:03,success_bfo,54.9974065,82.8195595,"Royal Enfield Новосибирск, Станционная улица, 60Г, Новосибирск, Новосибирская область, Россия",address,success,
6437000933,6269193,"ООО ""СОЮЗ""",1026401994156,ACTIVE,САРАТОВСКАЯ,,САРАТОВ,,"410086, САРАТОВСКАЯ, САРАТОВ, ПЕСЧАНО-УМЕТСКИЙ, 10, -",Малое предприятие,41.2,41.2 Строительство жилых и нежилых зданий,41.2,2025,119806.0,106782.0,95944.0,103796.0,93405.0,0.0,0.0,103796.0,55561280,0,2026-03-26T14:59:22,success_bfo,51.5984307,45.8667846,"Песчано-Уметский проезд, 10, Саратов, Саратовская область, Россия",address,success,
7451349069,7739521,"ООО  ""СТРАТЕГИЯ""",1137451003821,ACTIVE,ЧЕЛЯБИНСКАЯ,,ЧЕЛЯБИНСК,,"454080, ЧЕЛЯБИНСКАЯ, ЧЕЛЯБИНСК, ЛЕНИНА, 89, 215 Б",Малое предприятие,41.2,41.2 Строительство жилых и нежилых зданий,41.2,2025,898822.0,97381.0,86594.0,124583.0,93365.0,36408.0,0.0,88175.0,56774150,0,2026-03-31T12:32:59,success_bfo,55.1586081,61.3732043,"Управление Федеральной налоговой службы по Челябинской области, проспект Ленина, 79Б, Челябинск, Челябинская область, Россия",address,success,
7708777679,7645493,"ООО ""ПГСИ""",1127747230236,ACTIVE,МОСКВА,,,,"119180, МОСКВА, БОЛЬШАЯ ПОЛЯНКА, 7/10, 3, 4/9/5",Малое предприятие,41.2,41.2 Строительство жилых и нежилых зданий,71.12,2025,509599.0,224820.0,106813.0,125592.0,93128.0,6448.0,0.0,119144.0,56298774,0,2026-03-30T15:57:25,success_bfo,,,,,not_found,
7722624201,5182903,"ООО ""СВЯЗЬ КОННЕКТ""",1077760537194,ACTIVE,МОСКВА,,,,"111024, МОСКВА, 2-Й КАБЕЛЬНЫЙ, 1, ЭТАЖ 3",Малое предприятие,41.2,41.20 Строительство жилых и нежилых зданий,41.20,2025,523918.0,157980.0,55365.0,123459.0,92824.0,53474.0,173.0,70158.0,54745776,0,2026-03-20T14:19:53,success_bfo,55.7479161,37.7162458,"Лефортовский стройцентр, 2-й Кабельный проезд, 1, Москва, Москва, Россия",address,success,
7203151985,1468479,"АО СЗ ""АКВА""",1047200624239,ACTIVE,ТЮМЕНСКАЯ,,ТЮМЕНЬ,,"625034, ТЮМЕНСКАЯ, ТЮМЕНЬ, ДАМБОВСКАЯ, 25, 1, 24",Малое предприятие,41.2,41.20 Строительство жилых и нежилых зданий,41.20,2025,269694.0,56428.0,24139.0,123221.0,92360.0,6223.0,15120.0,132118.0,56590962,0,2026-03-31T08:28:25,success_bfo,57.1532061,65.6056168,"Корея-Авто, Дамбовская улица, 24 с1, Тюмень, Тюменская область, Россия",address,success,
7805777138,11549727,"ООО ""МАВИС-ГРАД""",1217800043691,ACTIVE,САНКТ-ПЕТЕРБУРГ,,,,"198096, САНКТ-ПЕТЕРБУРГ, НА ТУРУХТАННЫЕ ОСТРОВА, 6, 5, 1-Н, ЧАСТЬ 40",Малое предприятие,41.2,41.20 Строительство жилых и нежилых зданий,,2025,1852618.0,186385.0,109938.0,126813.0,92009.0,27456.0,2548.0,101905.0,57667953,1,2026-05-06T16:10:42,success_bfo,59.8681744,30.2517368,"дорога на Турухтанные острова, 6 с5, Санкт-Петербург, Санкт-Петербург, Россия",address,success,
7810791610,7063620,"ООО ""ВИЛИЯ""",1027804895953,ACTIVE,САНКТ-ПЕТЕРБУРГ,,,,"197198, САНКТ-ПЕТЕРБУРГ, ПЕТРОВСКАЯ, 6, 1, 44Н",Малое предприятие,41.2,41.20 Строительство жилых и нежилых зданий,41.20,2025,823734.0,113245.0,92989.0,122952.0,91648.0,27038.0,0.0,95914.0,57027597,0,2026-03-31T16:25:24,success_bfo,59.9629326,30.2464504,"Винный клуб, Петровская коса, 6 к1, Санкт-Петербург, Санкт-Петербург, Россия",address,success,
3019016289,9384033,"ООО ""ПРОГРЕСС""",1153025004274,ACTIVE,АСТРАХАНСКАЯ,,АСТРАХАНЬ,,"414056, АСТРАХАНСКАЯ, АСТРАХАНЬ, САВУШКИНА, 4Б, 11",Малое предприятие,41.2,41.20 Строительство жилых и нежилых зданий,41.20,2025,637092.0,381395.0,226433.0,153661.0,91596.0,0.0,13868.0,167529.0,57642117,1,2026-04-28T19:49:02,success_bfo,46.3761228,48.0495667,"Университет Российского инновационного образования (АФ), улица Савушкина, 6 к2, Астрахань, Астраханская область, Россия",address,success,
6663071832,3439684,"ЗАО ""СМУ-25 УМС""",1026605627817,ACTIVE,СВЕРДЛОВСКАЯ,,ЕКАТЕРИНБУРГ,,"620137, СВЕРДЛОВСКАЯ, ЕКАТЕРИНБУРГ, БОРОВАЯ, 29, 3",Среднее предприятие,41.2,41.20 Строительство жилых и нежилых зданий,,2025,1024003.0,89880.0,20624.0,122375.0,91407.0,56139.0,0.0,66236.0,57797941,1,2026-07-09T17:42:30,success_bfo,56.8641319,60.6482032,"Ozon, Боровая улица, 29, Екатеринбург, Свердловская область, Россия",address,success,
9723078140,10930132,"ООО ""ДЕНДРОСТРОЙ""",1197746093027,ACTIVE,МОСКВА,,,,"115088, МОСКВА, ШАРИКОПОДШИПНИКОВСКАЯ, 38, 1, 2Н",Среднее предприятие,41.2,41.20 Строительство жилых и нежилых зданий,,2025,2600356.0,287274.0,159751.0,130243.0,91023.0,706.0,1028.0,130565.0,57590113,1,2026-04-17T15:35:05,success_bfo,55.7147571,37.6770296,"Навикон, Шарикоподшипниковская улица, 38 с1, Москва, Москва, Россия",address,success,
7704397203,10139226,"ООО ""АВУАР""",1177746239131,ACTIVE,МОСКОВСКАЯ,,Электросталь,,"144000, МОСКОВСКАЯ, Электросталь, МАЯКОВСКОГО, 6А, 2",Малое предприятие,41.2,41.20 Строительство жилых и нежилых зданий,81.10,2025,155954.0,,,,90664.0,,,,55117950,0,2026-03-24T12:18:12,success_bfo,55.7953003,38.4422032,"улица Маяковского, 6А, Электросталь, Московская область, Россия",address,success,
7733389126,11915175,"ООО ""ОПУС""",1227700484252,ACTIVE,МОСКВА,,,,"125371, МОСКВА, ВОЛОКОЛАМСКОЕ, 114, 1, 2/1",Малое предприятие,41.2,41.20 Строительство жилых и нежилых зданий,41.20,2025,193416.0,63627.0,52278.0,120189.0,90116.0,0.0,0.0,120189.0,55305348,0,2026-03-25T11:00:39,success_bfo,55.8294901,37.4164111,"Волоколамское шоссе, 114 к1 с2, Москва, Москва, Россия",address,success,
7714299413,6667706,"ООО ""ДЕЛЬТА КОНСТРАКШН""",1037714012907,ACTIVE,МОСКВА,,,,"109428, МОСКВА, РЯЗАНСКИЙ, 8А, 1, VII, К.47 (ВН500) Т/Э",Среднее предприятие,41.2,41.20 Строительство жилых и нежилых зданий,81.10,2025,172356.0,168392.0,54436.0,112972.0,89258.0,60220.0,0.0,52752.0,54312386,0,2026-03-16T10:56:37,success_bfo,,,,,not_found,
7722752281,3843369,"ООО ""КОМПАНИЯ РЕНОВЕЛЬ""",1117746589014,ACTIVE,МОСКВА,,,,"125167, МОСКВА, ВИКТОРЕНКО, 9, 1, 15",Малое предприятие,41.2,41.20 Строительство жилых и нежилых зданий,41.20,2025,977763.0,251711.0,112826.0,118665.0,88884.0,1628.0,,117037.0,56821950,0,2026-03-31T13:43:21,success_bfo,55.7947949,37.5283067,"улица Викторенко, 9 с1, Москва, Москва, Россия",address,success,
5408229117,4138729,"ООО ""РОСТ БИЛД""",1045404689043,ACTIVE,НОВОСИБИРСКАЯ,,НОВОСИБИРСК,,"630005, НОВОСИБИРСКАЯ, НОВОСИБИРСК, НИКОЛАЯ ОСТРОВСКОГО, 49, 101",Малое предприятие,41.2,41.20 Строительство жилых и нежилых зданий,41.20,2025,996876.0,161499.0,105863.0,117840.0,88363.0,7880.0,855.0,110815.0,55262143,0,2026-03-25T07:36:56,success_bfo,55.0519137,82.9332096,"улица Николая Островского, 101, Новосибирск, Новосибирская область, Россия",address,success,
1646031380,97954,"ООО ""КАМА-СЕРВИС""",1111674004474,ACTIVE,ТАТАРСТАН,ЕЛАБУЖСКИЙ,ЕЛАБУГА,,"423602, ТАТАРСТАН, ЕЛАБУЖСКИЙ, ЕЛАБУГА, ЧАПАЕВА, 55",Малое предприятие,41.2,41.20 Строительство жилых и нежилых зданий,41.20,2025,136513.0,,,,88308.0,,,,53654512,1,2026-02-23T00:00:00,success_bfo,55.75709118571428,52.006956114285714,"423602, Елабуга, Татарстан, Россия",address,success,
6501181648,6505420,"ООО ""СПЕЦИАЛИЗИРОВАННЫЙ ЗАСТРОЙЩИК ""САХИНСТРОЙ""",1076501004337,ACTIVE,САХАЛИНСКАЯ,,ЮЖНО-САХАЛИНСК,,"693004, САХАЛИНСКАЯ, ЮЖНО-САХАЛИНСК, ИМЕНИ И.П. ФАРХУТДИНОВА, 10Б, 1, 2",Малое предприятие,41.2,41.20 Строительство жилых и нежилых зданий,41.20,2025,1687224.0,311306.0,280611.0,125657.0,88241.0,13313.0,997.0,113341.0,57729681,1,2026-06-02T09:35:14,success_bfo,,,,,not_found,
8602264527,9587105,"ООО ""СИБСПЕЦАВТОМАТИКА""",1168617050612,ACTIVE,ХАНТЫ-МАНСИЙСКИЙ АВТОНОМНЫЙ ОКРУГ - ЮГРА,,СУРГУТ,,"628422, ХАНТЫ-МАНСИЙСКИЙ АВТОНОМНЫЙ ОКРУГ - ЮГРА, СУРГУТ, ТРУБНАЯ, 10/1",Малое предприятие,41.2,41.20 Строительство жилых и нежилых зданий,46.69,2025,633497.0,150251.0,89003.0,109925.0,86731.0,8977.0,0.0,100948.0,56669533,0,2026-03-31T10:39:39,success_bfo,61.3414657,73.405212,"Аэропорт Сургут, 10-я линия, Сургут, Ханты-Мансийский автономный округ — Югра, Россия",address,success,
9102056626,8991097,"ООО ""МОНОЛИТ-БЕТОН""",1149102118989,ACTIVE,КРЫМ,,СИМФЕРОПОЛЬ,,"295013, КРЫМ, СИМФЕРОПОЛЬ, СЕВАСТОПОЛЬСКАЯ, 43Б",Среднее предприятие,41.2,41.20 Строительство жилых и нежилых зданий,,2025,5824886.0,469883.0,269950.0,122482.0,86552.0,8339.0,52696.0,166839.0,56147309,0,2026-03-30T12:24:55,success_bfo,44.9289572,34.0830238,"Севастопольская улица, 43Б, Симферополь, Республика Крым, Україна",address,success,
4823003533,1869420,"ООО "" ПОЛИТЕХНИК - М""",1024800825092,ACTIVE,ЛИПЕЦКАЯ,,ЛИПЕЦК,,"398005, ЛИПЕЦКАЯ, ЛИПЕЦК, АЛМАЗНАЯ, 12",Малое предприятие,41.2,41.20 Строительство жилых и нежилых зданий,41.20,2025,377468.0,,,,86526.0,,0.0,,56842677,0,2026-03-31T14:01:26,success_bfo,52.5671859,39.6607833,"ООО ""Инфинити Групп"", Алмазная улица, вл. 12, Липецк, Липецкая область, Россия",address,success,
6829001720,4642416,"ООО ""СПЕЦИАЛИЗИРОВАННЫЙ ЗАСТРОЙЩИК ""ТАМБОВПРОМСТРОЙХОЛДИНГ""",1036891200422,ACTIVE,ТАМБОВСКАЯ,,ТАМБОВ,,"392029, ТАМБОВСКАЯ, ТАМБОВ, БАСТИОННАЯ, 29",Малое предприятие,41.2,41.20 Строительство жилых и нежилых зданий,41.20,2025,352199.0,156303.0,85071.0,115108.0,86331.0,21001.0,,94107.0,56779224,0,2026-03-31T12:53:46,success_bfo,52.7349116,41.3802124,"Тамбовский завод «Октябрь», Бастионная улица, 1, Тамбов, Тамбовская область, Россия",address,success,
8905050436,1867631,"ООО ""МРС""",1118905006660,ACTIVE,ЯМАЛО-НЕНЕЦКИЙ,,МУРАВЛЕНКО,,"629601, ЯМАЛО-НЕНЕЦКИЙ, МУРАВЛЕНКО, ЯМАЛЬСКАЯ, 26, 3",Малое предприятие,41.2,41.20 Строительство жилых и нежилых зданий,41.20,2025,589581.0,,,,86273.0,,,,57488712,0,2026-04-01T15:40:41,success_bfo,63.7941543,74.5329335,"Ямальская улица, 26 к3, Муравленко, Ямало-Ненецкий автономный округ, Россия",address,success,
5406989257,10669703,"ООО ""РАЙДЕКС""",1185476033192,ACTIVE,МОСКВА,,,,"123022, МОСКВА, КРАСНАЯ ПРЕСНЯ, 24, 2 ПОМ I КОМ 29",Малое предприятие,41.2,41.20 Строительство жилых и нежилых зданий,41.20,2025,1136670.0,366974.0,195563.0,146904.0,86151.0,1721.0,0.0,145183.0,53925851,0,2026-03-05T14:46:23,success_bfo,,,,,not_found,
7743744940,3204728,"ООО ""АЦИС КОНСТРАКШН""",1097746322277,ACTIVE,МОСКВА,,,,"123592, МОСКВА, КУЛАКОВА, 20, 1А",Малое предприятие,41.2,41.2 Строительство жилых и нежилых зданий,41.2,2025,2634354.0,224599.0,111338.0,114507.0,85880.0,5043.0,0.0,109464.0,57232880,0,2026-03-31T19:41:42,success_bfo,55.80431,37.3909013,"Русские подарки, улица Кулакова, 20, Москва, Москва, Россия",address,success,
1651067141,7434059,"ООО ""ВЭМ""",1121651002714,ACTIVE,ТАТАРСТАН,НИЖНЕКАМСКИЙ,НИЖНЕКАМСК,,"423578, ТАТАРСТАН, НИЖНЕКАМСКИЙ, НИЖНЕКАМСК, ХИМИКОВ, 45А, 1009",Среднее предприятие,41.2,41.2 Строительство жилых и нежилых зданий,,2025,459381.0,133172.0,79775.0,118279.0,85279.0,441.0,0.0,117838.0,55831920,0,2026-03-27T22:03:44,success_bfo,55.6280664,51.8015811,"Нижнекамск 423578, проспект Химиков, 36, Нижнекамск, Татарстан, Россия",address,success,
5022035172,3400652,"ЗАО ""ЭТАЛОНСТРОЙ""",1045004250840,ACTIVE,МОСКОВСКАЯ,КОЛОМНА,,ПИРОЧИ,"140479, МОСКОВСКАЯ, КОЛОМНА, ПИРОЧИ, 1",Малое предприятие,41.2,41.20 Строительство жилых и нежилых зданий,23.64,2025,556288.0,149521.0,125401.0,114507.0,84629.0,17256.0,20067.0,117318.0,55831494,0,2026-03-27T22:10:06,success_bfo,55.0747169,38.9563821,"Пирочи, Московская область, Россия",address,success,
2361014453,9969106,"ООО ""СЗ ЖК НА КРАСНОЙ""",1162361050917,ACTIVE,КРАСНОДАРСКИЙ,ЕЙСКИЙ,ЕЙСК,,"353680, КРАСНОДАРСКИЙ, ЕЙСКИЙ, ЕЙСК, АРМАВИРСКАЯ, 45/6, 44",Малое предприятие,41.2,41.20 Строительство жилых и нежилых зданий,41.20,2025,485679.0,149719.0,127215.0,120396.0,84328.0,2210.0,0.0,118186.0,56507244,0,2026-03-30T22:43:40,success_bfo,46.7033824,38.2839164,"Армавирская улица, 45/6, Ейск, Краснодарский край, Россия",address,success,
7716850996,10140662,"ООО ""АЛЬФА КОНСТРАКТ""",1177746244081,ACTIVE,МОСКВА,,ЗЕЛЕНОГРАД,,"124489, МОСКВА, ЗЕЛЕНОГРАД, СОСНОВАЯ, 4, 2",Малое предприятие,41.2,41.20 Строительство жилых и нежилых зданий,41.20,2025,2284645.0,285572.0,172659.0,119842.0,83882.0,4069.0,16602.0,132375.0,57288781,0,2026-03-31T20:38:23,success_bfo,55.9807955,37.2493872,"Сосновая аллея, 4 с2, Зеленоград, Москва, Россия",address,success,
2311251829,10518351,"ООО ""СЗ ""КСК""",1182375003293,ACTIVE,КРАСНОДАРСКИЙ,,КРАСНОДАР,,"350087, КРАСНОДАРСКИЙ, КРАСНОДАР, ИМ. ЕВГЕНИИ ЖИГУЛЕНКО, 9, 160",Малое предприятие,41.2,41.20 Строительство жилых и нежилых зданий,41.20,2025,432947.0,134594.0,74167.0,113644.0,83820.0,109229.0,12182.0,16597.0,57653330,1,2026-04-30T12:58:50,success_bfo,45.0979064,39.0060968,"улица Евгении Жигуленко, 9, Краснодар, Краснодарский край, Россия",address,success,
9718070956,10278224,"ООО ""МОНТАЖСТРОЙ ТТ""",1177746627475,ACTIVE,МОСКВА,,,,"107113, МОСКВА, МАЛЕНКОВСКАЯ, 32, 3, 1",Малое предприятие,41.2,41.20 Строительство жилых и нежилых зданий,41.20,2025,307473.0,,,,83621.0,,,,56745285,0,2026-03-31T12:21:31,success_bfo,55.7863647,37.6746293,"Маленковская улица, 32 с3, Москва, Москва, Россия",address,success,
2130103748,1606646,"ООО ""ПРЕМИУМ СТРОЙ 21""",1122130006338,ACTIVE,ЧУВАШСКАЯ РЕСПУБЛИКА -,,ЧЕБОКСАРЫ,,"428022, ЧУВАШСКАЯ РЕСПУБЛИКА -, ЧЕБОКСАРЫ, МАРПОСАДСКОЕ, 7 В, 1",Малое предприятие,41.2,41.2 Строительство жилых и нежилых зданий,41.2,2025,892531.0,,,,82859.0,,0.0,,56241745,0,2026-03-30T14:45:46,success_bfo,,,,,not_found,
7704352065,9703063,"ООО ""МОСПРОМСТРОЙИНЖИНИРИНГ-2""",1167746344545,ACTIVE,МОСКВА,,,,"119034, МОСКВА, ТИМУРА ФРУНЗЕ, 20",Малое предприятие,41.2,41.20 Строительство жилых и нежилых зданий,41.20,2025,482443.0,146725.0,109673.0,110766.0,82853.0,4437.0,0.0,106329.0,57667020,0,2026-05-06T13:17:07,success_bfo,55.7351863,37.5892186,"улица Тимура Фрунзе, 20, Москва, Москва, Россия",address,success,
7813637110,11078746,"ООО ""СК ""МОНОЛИТ""",1197847157441,ACTIVE,САНКТ-ПЕТЕРБУРГ,,,,"197198, САНКТ-ПЕТЕРБУРГ, РОПШИНСКАЯ, 1/32, А, 8Н/19Н",Малое предприятие,41.2,41.20 Строительство жилых и нежилых зданий,41.20,2025,658780.0,,,,82380.0,,4644.0,,56936222,0,2026-03-31T15:16:41,success_bfo,59.9575247,30.2982193,"Атмосфера, Ропшинская улица, 1/32, Санкт-Петербург, Санкт-Петербург, Россия",address,success,
2801016951,6792513,"АО ""СК №1""",1022800533348,ACTIVE,АМУРСКАЯ,,БЛАГОВЕЩЕНСК,,"675004, АМУРСКАЯ, БЛАГОВЕЩЕНСК, СВ.ИННОКЕНТИЯ, 1",Среднее предприятие,41.2,41.20 Строительство жилых и нежилых зданий,,2025,2193986.0,239836.0,111828.0,110641.0,82367.0,125.0,5052.0,115568.0,54573232,0,2026-03-17T08:10:47,success_bfo,50.2591255,127.5246679,"Амурский областной краеведческий музей, переулок Святителя Иннокентия, 11, Благовещенск, Амурская область, Россия",address,success,
7710940499,7922731,"ООО ""ВСМ""",1137746456320,ACTIVE,МОСКВА,,,,"119034, МОСКВА, ОСТОЖЕНКА, 19, 1, 3 ПОМ 18",Малое предприятие,41.2,41.20 Строительство жилых и нежилых зданий,41.20,2025,330686.0,330686.0,95432.0,84797.0,82320.0,2037.0,10911.0,93671.0,57118368,0,2026-03-31T17:49:43,success_bfo,,,,,not_found,
7805512935,4715211,"ООО ""БАЛТТЕХСТРОЙ""",1107847047703,ACTIVE,САНКТ-ПЕТЕРБУРГ,,,,"198328, САНКТ-ПЕТЕРБУРГ, БРЕСТСКИЙ, 8, А, 8-Н",Малое предприятие,41.2,41.2 Строительство жилых и нежилых зданий,41.2,2025,959117.0,160895.0,90516.0,127844.0,81751.0,5743.0,1313.0,123414.0,57387639,1,2026-03-31T20:48:12,success_bfo,59.8768317,30.4429637,"А. Н. Матюшенко, улица Бабушкина, 71/8, Санкт-Петербург, Санкт-Петербург, Россия",address,success,
6671376130,1945317,"ООО ""СТАНДАРТ СТРОЙ""",1116671011380,ACTIVE,СВЕРДЛОВСКАЯ,,ЕКАТЕРИНБУРГ,,"620026, СВЕРДЛОВСКАЯ, ЕКАТЕРИНБУРГ, КУЙБЫШЕВА, 38, 137",Малое предприятие,41.2,41.2 Строительство жилых и нежилых зданий,42.11,2025,1252255.0,181878.0,94362.0,107449.0,81507.0,13642.0,32.0,93839.0,57580713,1,2026-04-15T14:11:59,success_bfo,56.8288544,60.6193387,"улица Куйбышева, Екатеринбург, Свердловская область, Россия",address,success,
5262283965,7535600,"ООО ""МИИМФ""",1125262015042,ACTIVE,НИЖЕГОРОДСКАЯ,,Нижний Новгород,,"603009, НИЖЕГОРОДСКАЯ, Нижний Новгород, ГАГАРИНА, 166, 314",Малое предприятие,41.2,41.2 Строительство жилых и нежилых зданий,41.2,2025,1218045.0,188078.0,97610.0,108958.0,81435.0,11857.0,0.0,97101.0,57485458,1,2026-04-01T13:58:44,success_bfo,56.2535363,43.9707853,"Росгосстрах, проспект Гагарина, 166, Нижний Новгород, Нижегородская область, Россия",address,success,
5405442239,3766231,"ООО ""СК АНИС""",1115476115292,ACTIVE,НОВОСИБИРСКАЯ,,НОВОСИБИРСК,,"630089, НОВОСИБИРСКАЯ, НОВОСИБИРСК, БОРИСА БОГАТКОВА, 210/1, 603",Малое предприятие,41.2,41.2 Строительство жилых и нежилых зданий,42.11,2025,375504.0,,,,81044.0,,,,54900021,0,2026-03-23T10:26:07,success_bfo,,,,,error,"ConnectionError: ('Connection aborted.', RemoteDisconnected('Remote end closed connection without response'))"
7456032435,9824668,"ООО ""АЛЬПИНДУСТРИЯ""",1167456095927,ACTIVE,ЧЕЛЯБИНСКАЯ,,МАГНИТОГОРСК,,"455023, ЧЕЛЯБИНСКАЯ, МАГНИТОГОРСК, ОКТЯБРЬСКАЯ, 19, 1А",Малое предприятие,41.2,41.20 Строительство жилых и нежилых зданий,41.20,2025,322078.0,,,,80732.0,,216.0,,56243164,0,2026-03-30T14:37:29,success_bfo,53.415935,58.9947807,"Октябрьская улица, 19, Магнитогорск, Челябинская область, Россия",address,success,
5904257376,1459405,"ООО ""СК АТРИУМ""",1115904016458,ACTIVE,ПЕРМСКИЙ,,ПЕРМЬ,,"614111, ПЕРМСКИЙ, ПЕРМЬ, СОЛДАТОВА, 36, 83",Малое предприятие,41.2,41.2 Строительство жилых и нежилых зданий,41.20,2025,301537.0,,,,80708.0,,,,54385479,0,2026-03-17T09:10:39,success_bfo,57.9736732,56.2375223,"Пермские конфеты, улица Солдатова, 36, Пермь, Пермский край, Россия",address,success,
5507221366,3459066,"ООО ""ДОМСТРОЙ-97""",1105543037280,ACTIVE,ОМСКАЯ,,ОМСК,,"644015, ОМСКАЯ, ОМСК, 12 ДЕКАБРЯ, 56",Малое предприятие,41.2,41.20 Строительство жилых и нежилых зданий,41.20,2025,164040.0,,,,80329.0,,,,56829088,0,2026-03-31T13:45:45,success_bfo,54.9407623,73.3448423,"2-й переулок 12 Декабря, Омск, Омская область, Россия",address,success,
5905269230,2487868,"ООО ""ГЛОБАЛИНВЕСТРОЙ""",1095905001367,ACTIVE,ПЕРМСКИЙ,,ПЕРМЬ,,"614500, ПЕРМСКИЙ, ПЕРМЬ, ВЕРХНЕ-МУЛЛИНСКАЯ, 74, 206",Среднее предприятие,41.2,41.20 Строительство жилых и нежилых зданий,,2025,1111014.0,146368.0,62667.0,110667.0,80209.0,51872.0,0.0,58795.0,57790134,1,2026-07-06T12:35:17,success_bfo,57.9668319,56.1195256,"Верх-Муллинская улица, Пермь, Пермский край, Россия",address,success,
1328002794,4186798,"ООО ""ПСК ""МАГО-СТРОЙ""",1101328001037,ACTIVE,МОРДОВИЯ,,САРАНСК,,"430031, МОРДОВИЯ, САРАНСК, УХТОМСКОГО, 47, 1",Малое предприятие,41.2,41.20 Строительство жилых и нежилых зданий,41.20,2025,107114.0,,,,80199.0,,,,57196038,0,2026-03-31T19:08:56,success_bfo,54.1890487,45.2457579,"улица Ухтомского, 47, Саранск, Мордовия, Россия",address,success,
7716706992,2162083,"ООО ""ЕНГО""",1127746024713,ACTIVE,МОСКВА,,,,"129343, МОСКВА, НАНСЕНА, 1",Малое предприятие,41.2,41.20 Строительство жилых и нежилых зданий,41.20,2025,1058930.0,335581.0,105361.0,108319.0,79947.0,11904.0,1093.0,97508.0,57349626,0,2026-03-31T21:29:32,success_bfo,55.8484996,37.6528515,"Связь индустрия, проезд Нансена, 1, Москва, Москва, Россия",address,success,
7724745755,2083796,"АО ""АРСЕНАЛ""",1107746340745,ACTIVE,МОСКВА,,,,"127566, МОСКВА, АЛТУФЬЕВСКОЕ, 48К1, 9 ПОМ I ОФ 901",Среднее предприятие,41.2,41.20 Строительство жилых и нежилых зданий,,2025,1384301.0,203242.0,116300.0,110160.0,79896.0,15516.0,4386.0,99030.0,54493223,0,2026-03-18T10:38:37,success_bfo,,,,,not_found,
7205013363,1937745,"ООО ""ДЮНА""",1047200039149,ACTIVE,ОМСКАЯ,,ОМСК,,"644042, ОМСКАЯ, ОМСК, КАРЛА МАРКСА, 36, 1, 5",Малое предприятие,41.2,41.20 Строительство жилых и нежилых зданий,41.20,2025,341240.0,,,,79865.0,,,,56574960,0,2026-03-31T07:38:15,success_bfo,54.9589603,73.3860105,"проспект Карла Маркса, 36 к1, Омск, Омская область, Россия",address,success,
3817024117,5821118,"ООО ""ИСК""",1033802009933,ACTIVE,ИРКУТСКАЯ,,УСТЬ-ИЛИМСК,,"666684, ИРКУТСКАЯ, УСТЬ-ИЛИМСК, 020102/153",Среднее предприятие,41.2,41.20 Строительство жилых и нежилых зданий,,2025,337012.0,96648.0,65660.0,106754.0,79750.0,37233.0,0.0,69521.0,53333371,0,2026-02-03T00:00:00,success_bfo,57.9388562,102.7374626,"Центр социальной помощи семье и детям г. Усть-Илимска и Усть-Илимского района, проспект Дружбы Народов, 56, Усть-Илимск, Иркутская область, Россия",address,success,
3435309618,8310212,"ООО ""СОЛЯРИС""",1143435000390,ACTIVE,ВОЛГОГРАДСКАЯ,,ВОЛЖСКИЙ,,"404110, ВОЛГОГРАДСКАЯ, ВОЛЖСКИЙ, МОЛОДЕЖНАЯ, 17, 1",Малое предприятие,41.2,41.20 Строительство жилых и нежилых зданий,41.20,2025,315707.0,,,,78709.0,,,,55263432,0,2026-03-24T14:24:32,success_bfo,48.7931476,44.7521768,"Молодёжная улица, 17, Волжский, Волгоградская область, Россия",address,success,
3906302165,8054184,"ООО ""СПРИНТ""",1133926030468,ACTIVE,КАЛИНИНГРАДСКАЯ,,КАЛИНИНГРАД,,"236039, КАЛИНИНГРАДСКАЯ, КАЛИНИНГРАД, ЭПРОНОВСКАЯ, 12, 1",Малое предприятие,41.2,41.20 Строительство жилых и нежилых зданий,41.20,2025,14263.0,14263.0,12667.0,87405.0,78708.0,86450.0,,955.0,54736145,0,2026-03-20T12:23:22,success_bfo,54.7022567,20.5137193,"Эпроновская улица, 12, Калининград, Калининградская область, Россия",address,success,
4345364782,8062587,"ООО ""СМУ-12""",1134345019126,ACTIVE,КИРОВСКАЯ,,КИРОВ,,"610014, КИРОВСКАЯ, КИРОВ, НЕКРАСОВА, 73",Малое предприятие,41.2,41.20 Строительство жилых и нежилых зданий,41.20,2025,210003.0,,,,78678.0,,0.0,,56307473,0,2026-03-30T16:04:25,success_bfo,58.5828199,49.6128777,"Склад №9 и Гараж, улица Некрасова, 73, Киров, Кировская область, Россия",address,success,
6311092799,1338481,"ООО ""СПЕЦИАЛИЗИРОВАННЫЙ ЗАСТРОЙЩИК ""ВЕЛИКРАН-ИНВЕСТ""",1066311054314,REORGANIZATION_STAGE,САМАРСКАЯ,,САМАРА,,"443001, САМАРСКАЯ, САМАРА, ЛЕНИНСКАЯ, 215, 201/3",Малое предприятие,41.2,41.2 Строительство жилых и нежилых зданий,41.2,2025,58022.0,23035.0,907.0,104601.0,78402.0,106280.0,1572.0,-107.0,54653808,0,2026-03-19T15:59:24,success_bfo,53.1991765,50.1175822,"Ленинская улица, 215, Самара, Самарская область, Россия",address,success,
9103002856,8788099,"ООО ""СК ""ДЕЛЬТА""",1149102028756,ACTIVE,КРЫМ,,СИМФЕРОПОЛЬ,,"295014, КРЫМ, СИМФЕРОПОЛЬ, МРАМОРНАЯ, 3",Малое предприятие,41.2,41.20 Строительство жилых и нежилых зданий,41.20,2025,2813680.0,178188.0,91588.0,90474.0,78090.0,,,90474.0,56931999,0,2026-03-31T15:08:18,success_bfo,44.9640763,34.0780036,"Крымская макаронная фабрика, Мраморная улица, 3, Симферополь, Автономна Республіка Крим, Україна",address,success,
3120100228,8493387,"ООО ""МАКССТРОЙ""",1143120000264,ACTIVE,БЕЛГОРОДСКАЯ,,ШЕБЕКИНО,,"309292, БЕЛГОРОДСКАЯ, ШЕБЕКИНО, ЛЕНИНА, 91А",Малое предприятие,41.2,41.20 Строительство жилых и нежилых зданий,41.20,2025,734644.0,158364.0,99529.0,107737.0,77801.0,464.0,15157.0,122430.0,57790323,1,2026-07-06T13:33:58,success_bfo,50.3906302,36.8778188,"Отделение связи №309292, улица Ленина, 84, Шебекино, Белгородская область, Россия",address,success,
7703400936,9486502,"ООО ""АЙКОН ГРУПП""",5157746012397,ACTIVE,МОСКВА,,,,"121614, МОСКВА, КРЫЛАТСКАЯ, 33, 2, 2/1",Малое предприятие,41.2,41.20 Строительство жилых и нежилых зданий,41.20,2025,732143.0,447137.0,80714.0,109166.0,77669.0,16610.0,297.0,92853.0,56450063,0,2026-03-30T20:08:55,success_bfo,55.770352,37.4077795,"Крылатская улица, 33 к2А, Москва, Москва, Россия",address,success,
5261026323,2439394,"ООО ""АТОМСТРОЙ""",1025203566134,ACTIVE,НИЖЕГОРОДСКАЯ,,НИЖНИЙ НОВГОРОД,,"603107, НИЖЕГОРОДСКАЯ, НИЖНИЙ НОВГОРОД, ЗАОВРАЖНАЯ, 6",Малое предприятие,41.2,41.20 Строительство жилых и нежилых зданий,41.20,2025,2242122.0,135897.0,88118.0,97879.0,77396.0,38587.0,26442.0,85734.0,57552723,1,2026-04-09T15:03:39,success_bfo,56.2500172,43.9593351,"Заовражная улица, 6, Нижний Новгород, Нижегородская область, Россия",address,success,
5904996610,8501863,"ООО ""СТС""",1145958019580,ACTIVE,ПЕРМСКИЙ,,ПЕРМЬ,,"614077, ПЕРМСКИЙ, ПЕРМЬ, АРКАДИЯ ГАЙДАРА, 8Б, 603",Среднее предприятие,41.2,41.20 Строительство жилых и нежилых зданий,,2025,289408.0,,,,77266.0,,875.0,,54143372,0,2026-03-12T11:06:21,success_bfo,58.0018439,56.2958022,"ДЦ Бизнес-резиденция, улица Аркадия Гайдара, 8Б, Пермь, Пермский край, Россия",address,success,
7716687066,2629813,"ООО ""ГОРИЗОНТ""",1117746286349,ACTIVE,МОСКВА,,,,"105064, МОСКВА, НИЖНИЙ СУСАЛЬНЫЙ, 5, 19",Малое предприятие,41.2,41.20 Строительство жилых и нежилых зданий,41.20,2025,1022989.0,216554.0,97172.0,99569.0,76677.0,47.0,1338.0,100860.0,56321112,0,2026-03-30T16:11:55,success_bfo,55.7593457,37.66597,"Нижний Сусальный переулок, 5 с19, Москва, Москва, Россия",address,success,
7723428577,9604708,"ООО ""ОРГРЭС""",1167746105559,ACTIVE,МОСКОВСКАЯ,,КРАСНОГОРСК,,"143409, МОСКОВСКАЯ, КРАСНОГОРСК, УСПЕНСКАЯ, 4А, 2/215",Малое предприятие,41.2,41.20 Строительство жилых и нежилых зданий,81.10,2025,151142.0,,,,76577.0,,,,55326650,0,2026-03-25T12:14:18,success_bfo,55.8288738,37.2975749,"Эверест, Успенская улица, 4А, Красногорск, Московская область, Россия",address,success,
5406616375,9865459,"ООО ""РЕМСТРОЙ""",1165476141820,ACTIVE,НОВОСИБИРСКАЯ,,НОВОСИБИРСК,,"630099, НОВОСИБИРСКАЯ, НОВОСИБИРСК, ЯДРИНЦЕВСКАЯ, 73К1",Среднее предприятие,41.2,41.20 Строительство жилых и нежилых зданий,,2025,381200.0,,,,76498.0,,,,56581546,0,2026-03-31T08:02:04,success_bfo,55.0329458,82.9272605,"Новосибирский музыкальный колледж, Ядринцевская улица, 46, Новосибирск, Новосибирская область, Россия",address,success,
7017326290,7813652,"ООО ""СИБСПЕЦСТРОЙ""",1137017005290,ACTIVE,ТОМСКАЯ,,ТОМСК,,"634009, ТОМСКАЯ, ТОМСК, НИЖНЕ-ЛУГОВАЯ, 87/5, 8",Малое предприятие,41.2,41.2 Строительство жилых и нежилых зданий,42.21,2025,540871.0,134845.0,98674.0,103259.0,76476.0,7453.0,,95806.0,56211957,0,2026-03-30T13:59:28,success_bfo,56.5190701,84.9256107,"Нижне-Луговая улица, 87/5, Томск, Томская область, Россия",address,success,
6312134360,8240332,"АО ""СЗ ""КОШЕЛЕВ - ПРОЕКТ САМАРА""",1136312010999,ACTIVE,КАЛУЖСКАЯ,,КАЛУГА,,"248039, КАЛУЖСКАЯ, КАЛУГА, БРАТЬЕВ ЛУКАНИНЫХ, 23, 1",Малое предприятие,41.2,41.20 Строительство жилых и нежилых зданий,55.10,2025,605477.0,254346.0,169361.0,120998.0,76102.0,41748.0,39113.0,118363.0,56048313,1,2026-03-30T09:41:26,success_bfo,54.5021681,36.1753329,"улица Братьев Луканиных, 23, Калуга, Калужская область, Россия",address,success,
6166094692,9351860,"ООО ""РЕГИОН""",1156196052946,ACTIVE,РОСТОВСКАЯ,,РОСТОВ-НА-ДОНУ,,"344009, РОСТОВСКАЯ, РОСТОВ-НА-ДОНУ, ШОЛОХОВА, 270/3",Малое предприятие,41.2,41.20 Строительство жилых и нежилых зданий,41.20,2025,180561.0,133735.0,82534.0,81763.0,76044.0,0.0,0.0,81763.0,56665974,0,2026-03-31T10:38:04,success_bfo,47.2594108,39.8077285,"проспект Шолохова, 270/3, Ростов-на-Дону, Ростовская область, Россия",address,success,
7709051600,4482590,"АО ""НИТИС""",1027739116460,ACTIVE,МОСКВА,,,,"115432, МОСКВА, ТРОФИМОВА, 1/17, 39/1",Малое предприятие,41.2,41.20 Строительство жилых и нежилых зданий,41.20,2025,468003.0,178313.0,85300.0,106315.0,75886.0,21947.0,,84368.0,55780402,0,2026-03-27T16:02:21,success_bfo,55.7036085,37.6618846,"Шоола Медикал, улица Трофимова, 1/17, Москва, Москва, Россия",address,success,
7814544002,7632191,"ООО ""РЕМАРК""",1127847407841,ACTIVE,САНКТ-ПЕТЕРБУРГ,,,,"199155, САНКТ-ПЕТЕРБУРГ, УРАЛЬСКАЯ, 19, 10, 1-Н, КОМ. 43",Малое предприятие,41.2,41.20 Строительство жилых и нежилых зданий,41.20,2025,437686.0,,,,75756.0,,299.0,,57760615,1,2026-06-18T10:05:32,success_bfo,,,,,not_found,
7707635248,2271618,"ООО ""ВО ""ТВОРЧЕСКИЕ МАСТЕРСКИЕ""",1077758905894,LIQUIDATION_STAGE,МОСКВА,,,,"127030, МОСКВА, НОВОСЛОБОДСКАЯ, 20",Малое предприятие,41.2,41.2 Строительство жилых и нежилых зданий,41.2,2025,7946.0,,,,75669.0,,,,56696230,0,2026-03-31T11:15:16,success_bfo,55.7804125,37.5996357,"Москва 127030, Новослободская улица, Москва, Москва, Россия",address,success,
2801202330,8927269,"ООО ""СПЕЦИАЛИЗИРОВАННЫЙ ЗАСТРОЙЩИК ""СОДРУЖЕСТВО""",1142801009999,ACTIVE,САНКТ-ПЕТЕРБУРГ,,,,"194100, САНКТ-ПЕТЕРБУРГ, БОЛЬШОЙ САМПСОНИЕВСКИЙ, 77, 1, 68",Малое предприятие,41.2,41.20 Строительство жилых и нежилых зданий,68.10.21,2025,207333.0,63138.0,63138.0,100792.0,75493.0,1384.0,0.0,99408.0,55998107,0,2026-03-30T05:36:39,success_bfo,59.9864807,30.3351961,"Магнит, Большой Сампсониевский проспект, 77 с1, Санкт-Петербург, Санкт-Петербург, Россия",address,success,
5029171030,7872910,"ООО ""МОНОЛИТ-ИНЖИНИРИНГ""",1135029001293,ACTIVE,МОСКОВСКАЯ,МЫТИЩИ,МЫТИЩИ,,"141006, МОСКОВСКАЯ, МЫТИЩИ, МЫТИЩИ, ОЛИМПИЙСКИЙ, 48, ОФИС 32",Малое предприятие,41.2,41.20 Строительство жилых и нежилых зданий,41.20,2025,116185.0,,,,75467.0,,374.0,,56718119,0,2026-03-31T11:58:49,success_bfo,55.9338994,37.7533522,"Олимпийский проспект, 48 с3, Мытищи, Московская область, Россия",address,success,
1655211533,4311874,"ООО ""АПЕКС""",1111690020210,ACTIVE,ТАТАРСТАН,,КАЗАНЬ,,"420111, ТАТАРСТАН, КАЗАНЬ, КАРЛА ФУКСА, 11/6, ОФИС 16",Среднее предприятие,41.2,41.20 Строительство жилых и нежилых зданий,,2025,5934378.0,480303.0,224336.0,114397.0,75299.0,52494.0,68172.0,130075.0,57357564,0,2026-03-31T23:07:17,success_bfo,,,,,not_found,
7716067312,9019499,"ООО ""СМК ""ЭСТЕРА""",1147748151187,ACTIVE,МОСКВА,,,,"129323, МОСКВА, СЕРЕБРЯКОВА, 11, 1, 1 ПОМ XXII",Малое предприятие,41.2,41.20 Строительство жилых и нежилых зданий,41.20,2025,642551.0,,,,75251.0,,,,54724128,0,2026-03-20T12:15:22,success_bfo,55.8486098,37.6514526,"проезд Серебрякова, 11 к1, Москва, Москва, Россия",address,success,
4202051862,10163253,"ООО ""МАСТЕР-СТРОЙ""",1174205007690,ACTIVE,КЕМЕРОВСКАЯ ОБЛАСТЬ - КУЗБАСС,,БЕЛОВО,,"652600, КЕМЕРОВСКАЯ ОБЛАСТЬ - КУЗБАСС, БЕЛОВО, ОКТЯБРЬСКАЯ, 15А, 26",Малое предприятие,41.2,41.20 Строительство жилых и нежилых зданий,41.20,2025,530143.0,117447.0,97824.0,102659.0,75234.0,3084.0,0.0,99575.0,56140419,0,2026-03-30T12:22:46,success_bfo,,,,,not_found,
3906084559,1528702,"ООО ""РЕКСТРОЙ""",1023900995348,ACTIVE,КАЛИНИНГРАДСКАЯ,,КАЛИНИНГРАД,,"236016, КАЛИНИНГРАДСКАЯ, КАЛИНИНГРАД, ГЕНЕРАЛ-МАЙОРА ЯНОВСКОГО, 7",Малое предприятие,41.2,41.20 Строительство жилых и нежилых зданий,41.20,2025,83591.0,72355.0,70583.0,79194.0,75201.0,8659.0,,70535.0,54416642,0,2026-03-17T11:22:42,success_bfo,54.7143475,20.5314526,"улица Генерал-майора Яновского, 5-7, Калининград, Калининградская область, Россия",address,success,
1435301012,9483447,"ООО ""ПК ""ДСА""",1151447010670,ACTIVE,САХА (ЯКУТИЯ),,ЯКУТСК,,"677008, САХА (ЯКУТИЯ), ЯКУТСК, КУСТУК, 93/4",Малое предприятие,41.2,41.20 Строительство жилых и нежилых зданий,41.20,2025,367343.0,106781.0,79162.0,85889.0,75059.0,373.0,203.0,85719.0,55994627,0,2026-03-30T04:37:22,success_bfo,62.0096805,129.6222472,"улица Кустук, 4 к1, Якутск, Республика Саха (Якутия), Россия",address,success,
7838086810,11059086,"ООО ""СК-СТРОЙ""",1197847140479,ACTIVE,САНКТ-ПЕТЕРБУРГ,,,,"190000, САНКТ-ПЕТЕРБУРГ, ПИРОГОВА, 7, А, 4Н КОМ 37",Малое предприятие,41.2,41.20 Строительство жилых и нежилых зданий,41.20,2025,591147.0,,,,74943.0,,,,55717245,0,2026-03-27T13:07:14,success_bfo,,,,,not_found,
2315169420,355888,"ООО ""ПРОФСТРОЙ-МПК""",1112315014283,ACTIVE,КРАСНОДАРСКИЙ,,НОВОРОССИЙСК,,"353900, КРАСНОДАРСКИЙ, НОВОРОССИЙСК, МИРА, 12",Среднее предприятие,41.2,41.2 Строительство жилых и нежилых зданий,71.12.2,2025,1275744.0,173639.0,134847.0,102020.0,74902.0,1055.0,0.0,100965.0,56291120,0,2026-03-30T15:45:12,success_bfo,44.7186987,37.7810561,"улица Мира, 12, Новороссийск, Краснодарский край, Россия",address,success,
9710027483,10183966,"ООО ""СОЛЕТАНШ""",1177746371725,ACTIVE,МОСКВА,,,,"119048, МОСКВА, КОМСОМОЛЬСКИЙ, 42, 3",Малое предприятие,41.2,41.20 Строительство жилых и нежилых зданий,41.20,2025,1688074.0,210674.0,141641.0,106484.0,74796.0,623.0,14592.0,120453.0,55774980,0,2026-03-27T15:44:56,success_bfo,55.7214997,37.57242,"Комсомольский проспект, 42 с3, Москва, Москва, Россия",address,success,
6671163653,2651284,"ООО ""КОДЕКС""",1056604002762,ACTIVE,СВЕРДЛОВСКАЯ,,ЕКАТЕРИНБУРГ,,"620091, СВЕРДЛОВСКАЯ, ЕКАТЕРИНБУРГ, БАБУШКИНА, 5А, 252",Малое предприятие,41.2,41.2 Строительство жилых и нежилых зданий,41.2,2025,155628.0,,,,74247.0,,0.0,,55484242,1,2026-03-26T09:28:55,success_bfo,56.8832691,60.6260344,"улица Бабушкина, 5А, Екатеринбург, Свердловская область, Россия",address,success,
0263009652,3315886,"ООО ""МАСТЕР - А""",1030203012443,ACTIVE,БАШКОРТОСТАН,МЕЛЕУЗОВСКИЙ,МЕЛЕУЗ,,"453854, БАШКОРТОСТАН, МЕЛЕУЗОВСКИЙ, МЕЛЕУЗ, ОКТЯБРЬСКАЯ, 8А, 10",Малое предприятие,41.2,41.20 Строительство жилых и нежилых зданий,41.20,2025,286901.0,,,,73846.0,,,,55296337,0,2026-03-25T10:40:31,success_bfo,52.9616535,55.9344773,"Октябрьская улица, 8А, Мелеуз, Башкортостан, Россия",address,success,
6230039620,6081903,"ООО ""МАРМАКС ИНЖИНИРИНГ""",1036210003686,ACTIVE,РЯЗАНСКАЯ,,РЯЗАНЬ,,"390000, РЯЗАНСКАЯ, РЯЗАНЬ, ПРАВО-ЛЫБЕДСКАЯ, 27, Н101",Малое предприятие,41.2,41.20 Строительство жилых и нежилых зданий,41.20,2025,225207.0,,,,73310.0,,0.0,,56651700,0,2026-03-31T10:22:27,success_bfo,54.6276312,39.7437396,"Хинкальный дом, Право-Лыбедская улица, 27, Рязань, Рязанская область, Россия",address,success,
7326043436,7832908,"ООО ""ПОВОЛЖСКИЙ СТРОИТЕЛЬНЫЙ ЦЕНТР""",1137326000723,ACTIVE,УЛЬЯНОВСКАЯ,,УЛЬЯНОВСК,,"432000, УЛЬЯНОВСКАЯ, УЛЬЯНОВСК, ГОНЧАРОВА, 21, 123",Малое предприятие,41.2,41.20 Строительство жилых и нежилых зданий,41.20,2025,6623.0,6623.0,5303.0,74295.0,72935.0,72727.0,12001.0,13569.0,57850587,2,2026-07-31T15:46:08,success_bfo,54.31498,48.4014234,"Ульяновский драматический театр им. И. А. Гончарова, Спасская улица, 12А, Ульяновск, Ульяновская область, Россия",address,success,
3444267259,10476351,"ООО ""МЕГАСТРОЙ""",1173443028131,ACTIVE,ВОЛГОГРАДСКАЯ,,ВОЛГОГРАД,,"400050, ВОЛГОГРАДСКАЯ, ВОЛГОГРАД, ИМ. РОКОССОВСКОГО, 54, 3",Малое предприятие,41.2,41.20 Строительство жилых и нежилых зданий,41.20,2025,369190.0,,,,72641.0,,,,56895470,0,2026-03-31T14:53:39,success_bfo,48.726473,44.518763,"Пинскдрев, улица Рокоссовского, 54, Волгоград, Волгоградская область, Россия",address,success,
5009088601,7924496,"ООО ""ДОМСЕРВИС""",1135009004789,ACTIVE,МОСКОВСКАЯ,,ДОМОДЕДОВО,РАСТУНОВО,"142062, МОСКОВСКАЯ, ДОМОДЕДОВО, РАСТУНОВО, ЗАРЯ, 59А, 1",Малое предприятие,41.2,41.20 Строительство жилых и нежилых зданий,41.20,2025,801627.0,131789.0,114734.0,92860.0,72333.0,1060.0,6809.0,98609.0,57188738,0,2026-03-31T18:54:44,success_bfo,55.2751505,37.8419173,"Растуново 142062, улица Заря, Растуново, Московская область, Россия",address,success,
2703009610,6798768,"ООО ""АКВАМАРИН""",1022700529015,ACTIVE,ХАБАРОВСКИЙ,,КОМСОМОЛЬСК-НА-АМУРЕ,,"681005, ХАБАРОВСКИЙ, КОМСОМОЛЬСК-НА-АМУРЕ, ЧЕРНЫШЕВСКОГО, 5, 2, ---",Малое предприятие,41.2,41.20 Строительство жилых и нежилых зданий,23.63,2025,672337.0,,,,72098.0,,,,55253199,0,2026-03-25T06:25:46,success_bfo,50.5709523,136.9922173,"улица Чернышевского, 5/2, Комсомольск-на-Амуре, Хабаровский край, Россия",address,success,
6732072149,8482657,"ООО ""БАСТИОН""",1146733006562,ACTIVE,СМОЛЕНСКАЯ,,СМОЛЕНСК,,"214020, СМОЛЕНСКАЯ, СМОЛЕНСК, ЯСЕННАЯ 2-Я, 32, 3",Малое предприятие,41.2,41.20 Строительство жилых и нежилых зданий,41.20,2025,453640.0,,,,72019.0,,,,56451599,0,2026-03-30T19:53:32,success_bfo,54.7809968,32.0778305,"2-я Ясенная улица, 32, Смоленск, Смоленская область, Россия",address,success,
7720168296,4543325,"ООО ""АЙСБЕРГ ЮНИОН""",1027739255807,ACTIVE,МОСКВА,,,,"123100, МОСКВА, КОСТИКОВА, 7, V КОМНАТА 5 ЭТАЖ 1",Малое предприятие,41.2,41.2 Строительство жилых и нежилых зданий,33.12,2025,148873.0,,,,72010.0,,,,56036152,0,2026-03-30T09:14:41,success_bfo,,,,,not_found,
1657102836,2818307,"АО ""ТСНРУ""",1111690012169,ACTIVE,МОСКВА,,,,"117447, МОСКВА, ШВЕРНИКА, 18, 1, 3П",Среднее предприятие,41.2,41.20 Строительство жилых и нежилых зданий,,2025,4458544.0,216719.0,122512.0,96958.0,71700.0,4932.0,2392.0,94418.0,57845611,1,2026-07-30T16:27:51,success_bfo,55.689801,37.5926386,"улица Шверника, 18 к1, Москва, Москва, Россия",address,success,
5507254386,10201736,"ООО ""КАПИТАЛСТРОЙ""",1175543015691,LIQUIDATION_STAGE,ОМСКАЯ,,ОМСК,,"644015, ОМСКАЯ, ОМСК, ГРАНИЧНАЯ, 244А",Среднее предприятие,41.2,41.20 Строительство жилых и нежилых зданий,,2025,256220.0,43154.0,-25499.0,71495.0,71495.0,1161.0,2225.0,72559.0,57048607,0,2026-03-31T16:49:53,success_bfo,54.9457245,73.2919427,"Граничная улица, 244А, Омск, Омская область, Россия",address,success,
6501152990,1583564,"ООО ""ГЛОБУС-СК""",1046500641626,ACTIVE,САХАЛИНСКАЯ,,ЮЖНО-САХАЛИНСК,,"693007, САХАЛИНСКАЯ, ЮЖНО-САХАЛИНСК, ПОБЕДЫ, 62Б",Малое предприятие,41.2,41.20 Строительство жилых и нежилых зданий,41.20,2025,1021121.0,183588.0,132060.0,100440.0,71452.0,32448.0,47.0,68039.0,57607862,1,2026-04-22T09:09:17,success_bfo,46.9508858,142.7407387,"проспект Победы, 62Б, Южно-Сахалинск, Сахалинская область, Россия",address,success,
9709002029,10240649,"ООО ""СРД""",1177746522106,ACTIVE,МОСКВА,,,,"105120, МОСКВА, НИЖНЯЯ СЫРОМЯТНИЧЕСКАЯ, 11, 52",Малое предприятие,41.2,41.20 Строительство жилых и нежилых зданий,71.12.2,2025,315468.0,,,,70786.0,,,,53851000,0,2026-03-03T16:50:01,success_bfo,55.7532339,37.6695444,"Нижняя Сыромятническая улица, 11 с52, Москва, Москва, Россия",address,success,
7703795723,8044480,"ООО ""СИТИ ЦЕНТР ДЕВЕЛОПМЕНТ""",1137746769984,ACTIVE,МОСКВА,,,,"123112, МОСКВА, ПРЕСНЕНСКАЯ, 12, 13/1А/26",Малое предприятие,41.2,41.20 Строительство жилых и нежилых зданий,41.20,2025,723554.0,202760.0,57169.0,92686.0,70399.0,91149.0,0.0,1537.0,56510394,0,2026-03-30T23:01:13,success_bfo,,,,,not_found,
2801098288,3920304,"ООО ""СЗ ""СТРОЙЦЕНТР""",1042800024618,ACTIVE,АМУРСКАЯ,,БЛАГОВЕЩЕНСК,,"675002, АМУРСКАЯ, БЛАГОВЕЩЕНСК, АМУРСКАЯ, 17",Малое предприятие,41.2,41.20 Строительство жилых и нежилых зданий,41.20,2025,319155.0,116818.0,96497.0,94359.0,70346.0,0.0,0.0,94359.0,57649413,2,2026-04-30T07:21:48,success_bfo,50.2594756,127.5656086,"Благовещенск 675002, улица Лазо, Благовещенск, Амурская область, Россия",address,success,
2310210788,10844560,"ООО ""АСТРОЙ""",1182375094923,ACTIVE,КРАСНОДАРСКИЙ,,КРАСНОДАР,,"350000, КРАСНОДАРСКИЙ, КРАСНОДАР, ИМ. ОРДЖОНИКИДЗЕ, 41, 50/5",Малое предприятие,41.2,41.20 Строительство жилых и нежилых зданий,41.20,2025,79090.0,,,,70334.0,,0.0,,53514432,0,2026-02-16T00:00:00,success_bfo,45.021652,38.972591,"Дом жилой К.П. Пятковой, улица Орджоникидзе, 50, Краснодар, Краснодарский край, Россия",address,success,
2320205280,7400593,"ООО ""ГСК АВРОРА""",1122366014418,ACTIVE,КРАСНОДАРСКИЙ,,СОЧИ,,"354000, КРАСНОДАРСКИЙ, СОЧИ, ТОННЕЛЬНАЯ, 2Б, 23",Малое предприятие,41.2,41.20 Строительство жилых и нежилых зданий,41.20,2025,1693472.0,,,,70191.0,,661.0,,56443614,0,2026-03-30T19:49:42,success_bfo,43.5868488,39.7304638,"Тоннельная улица, 23Б, Сочи, Краснодарский край, Россия",address,success,
2360009228,9725161,"ООО ""КУБАНЬСПЕЦСТРОЙ""",1162360050258,ACTIVE,КРАСНОДАРСКИЙ,,КРАСНОДАР,,"350003, КРАСНОДАРСКИЙ, КРАСНОДАР, ИМ. ВАЛЕРИЯ ГАССИЯ, 2, 3",Малое предприятие,41.2,41.20 Строительство жилых и нежилых зданий,41.20,2025,1682321.0,149608.0,92962.0,79105.0,69872.0,0.0,1921.0,81026.0,57492662,1,2026-04-01T17:59:56,success_bfo,44.9905965,39.070373,"улица Валерия Гассия, Краснодар, Краснодарский край, Россия",address,success,
1632010615,3966226,"ООО ""АМАЛЬСТРОЙ  ПЛЮС""",1071665001341,ACTIVE,ТАТАРСТАН,,КАЗАНЬ,,"420034, ТАТАРСТАН, КАЗАНЬ, СУЛЕЙМАНОВОЙ, 7, 1",Среднее предприятие,41.2,41.2 Строительство жилых и нежилых зданий,41.2,2025,456534.0,328598.0,92970.0,93609.0,69818.0,2380.0,638.0,91867.0,57150672,0,2026-03-31T18:15:39,success_bfo,55.8130772,49.0884443,"улица Сулеймановой, 7, Казань, Татарстан, Россия",address,success,
1655171640,876734,"ЗАО ""КОТТЕДЖНЫЙ ПОСЕЛОК ""ЗАГОРОДНАЯ УСАДЬБА""",1091690005549,ACTIVE,ТАТАРСТАН,,КАЗАНЬ,,"420021, ТАТАРСТАН, КАЗАНЬ, САРЫ САДЫКОВОЙ, 30",Малое предприятие,41.2,41.20 Строительство жилых и нежилых зданий,41.20,2025,238460.0,125062.0,95275.0,93077.0,69552.0,7308.0,,85769.0,54398723,0,2026-03-17T11:37:42,success_bfo,55.7740568,49.1156846,"Ситилинк, улица Сары Садыковой, 30, Казань, Татарстан, Россия",address,success,
7713008284,3000064,"ООО ""ВИДЖО""",1037700164743,ACTIVE,МОСКВА,,,,"127422, МОСКВА, ДМИТРОВСКИЙ, 4, 3, 3/1",Малое предприятие,41.2,41.20 Строительство жилых и нежилых зданий,41.20,2025,2882428.0,294770.0,116545.0,95728.0,69500.0,1942.0,597.0,94383.0,57750272,1,2026-06-11T12:00:21,success_bfo,55.8111389,37.5770005,"Дмитровский проезд, 4 к3, Москва, Москва, Россия",address,success,
2465248015,2989450,"ООО ""ПСИ""",1112468001513,ACTIVE,КРАСНОЯРСКИЙ,,КРАСНОЯРСК,,"660118, КРАСНОЯРСКИЙ, КРАСНОЯРСК, СЕВЕРНОЕ, 17К, 2-09",Малое предприятие,41.2,41.20 Строительство жилых и нежилых зданий,41.20,2025,1445048.0,194973.0,101452.0,96339.0,68362.0,23776.0,0.0,72563.0,56754373,0,2026-03-31T12:21:19,success_bfo,56.0784123,92.9400258,"Северное шоссе, 9Ж/2, Красноярск, Красноярский край, Россия",address,success,
0411162505,7668134,"ООО ""МЕТАЛЛУРГМОНТАЖ""",1120411006902,ACTIVE,НОВОСИБИРСКАЯ,,НОВОСИБИРСК,,"630017, НОВОСИБИРСКАЯ, НОВОСИБИРСК, ТОПОЛЕВАЯ, 16/1, 43",Малое предприятие,41.2,41.20 Строительство жилых и нежилых зданий,41.20,2025,640690.0,,,,68324.0,,3971.0,,56575851,0,2026-03-31T07:39:45,success_bfo,55.0310514,82.9462319,"Тополёвая улица, 16/1, Новосибирск, Новосибирская область, Россия",address,success,
2453015104,3862225,"ООО ""СМУ-95""",1102453000407,ACTIVE,КРАСНОЯРСКИЙ,,ЗЕЛЕНОГОРСК,,"663690, КРАСНОЯРСКИЙ, ЗЕЛЕНОГОРСК, МАЙСКОЕ ШОССЕ, 21, -",Среднее предприятие,41.2,41.2 Строительство жилых и нежилых зданий,33.20,2025,950698.0,502787.0,85118.0,87358.0,68183.0,14932.0,12087.0,84513.0,55627542,0,2026-03-27T05:47:31,success_bfo,56.1000615,94.5812832,"Майское шоссе, 21, Зеленогорск, Красноярский край, Россия",address,success,
1654042836,6733131,"ООО ""ДОМСТРОЙ""",1021602863831,ACTIVE,ТАТАРСТАН,ПЕСТРЕЧИНСКИЙ,,КУЮКИ,"422773, ТАТАРСТАН, ПЕСТРЕЧИНСКИЙ, КУЮКИ, ПРОИЗВОДСТВЕННАЯ БАЗА, 2",Малое предприятие,41.2,41.2 Строительство жилых и нежилых зданий,41.2,2025,247693.0,71171.0,69134.0,68806.0,68130.0,0.0,0.0,68806.0,55494328,0,2026-03-26T10:24:26,success_bfo,55.7095714,49.3538971,"2-й квартал, 2, Куюки, Татарстан, Россия",address,success,
2465218282,997687,"ООО ""ИТС""",1092468003110,ACTIVE,МОСКВА,,,,"117461, МОСКВА, КАХОВКА, 22, 4, 1",Среднее предприятие,41.2,41.20 Строительство жилых и нежилых зданий,,2025,1062837.0,549843.0,178531.0,89123.0,68107.0,6934.0,80967.0,163156.0,57480150,1,2026-04-01T12:03:18,success_bfo,55.6598502,37.5674961,"улица Каховка, 22 к4, Москва, Москва, Россия",address,success,
5074113569,2953568,"ООО ""САБУР""",1095074011306,ACTIVE,МОСКВА,,,,"117403, МОСКВА, НИКОПОЛЬСКАЯ, 6, 2",Малое предприятие,41.2,41.20 Строительство жилых и нежилых зданий,41.20,2025,860258.0,162531.0,103321.0,90388.0,67873.0,1409.0,723.0,89702.0,57386548,0,2026-03-31T23:30:53,success_bfo,55.583982,37.617442,"Никопольская улица, 6 с22, Москва, Москва, Россия",address,success,
7714909436,8139906,"ООО ""СПЕЦИАЛИЗИРОВАННЫЙ ЗАСТРОЙЩИК ""КОМФОРТИНВЕСТ""",1137746559268,ACTIVE,МОСКВА,КОММУНАРКА,,,"108802, МОСКВА, КОММУНАРКА, НИКОЛО-ХОВАНСКАЯ, 28, 5, 6",Среднее предприятие,41.2,41.20 Строительство жилых и нежилых зданий,68.10.21,2025,1306341.0,784530.0,679618.0,95391.0,67677.0,526.0,269030.0,363895.0,56856467,0,2026-03-31T14:01:40,success_bfo,55.5877252,37.4580972,"Николо-Хованская улица, 12 к3 с5, Коммунарка, Москва, Россия",address,success,
5752079454,10761598,"ООО ""СЗ ""ОРЕЛСТРОЙ-2""",1185749005496,ACTIVE,ОРЛОВСКАЯ,,ОРЁЛ,,"302002, ОРЛОВСКАЯ, ОРЁЛ, МИРА, 7Г, 305",Малое предприятие,41.2,41.20 Строительство жилых и нежилых зданий,41.20,2025,77368.0,28502.0,16649.0,90186.0,67333.0,73580.0,6.0,16612.0,57652384,2,2026-04-30T14:33:47,success_bfo,52.9688046,36.0775378,"площадь Мира, 7Г, Орёл, Орловская область, Россия",address,success,
6449042832,3321032,"ООО ""АРТЕЛЬ""",1076449001375,ACTIVE,САРАТОВСКАЯ,,ЭНГЕЛЬС,,"413100, САРАТОВСКАЯ, ЭНГЕЛЬС, ТЕЛЬМАНА, 20, 609",Малое предприятие,41.2,41.2 Строительство жилых и нежилых зданий,41.2,2025,72036.0,,,,67255.0,,,,56070902,0,2026-03-30T10:26:43,success_bfo,51.4909745,46.1184483,"Энгельсский крытый рынок, улица Тельмана, 16А, Энгельс, Саратовская область, Россия",address,success,
0275922105,11297371,"ООО ""АСБ""",1200200021064,ACTIVE,БАШКОРТОСТАН,,УФА,,"450076, БАШКОРТОСТАН, УФА, ГАФУРИ, 77, 419А",Малое предприятие,41.2,41.20 Строительство жилых и нежилых зданий,41.20,2025,1879152.0,261854.0,93417.0,91349.0,67065.0,5149.0,895.0,87095.0,57120368,0,2026-03-31T17:48:22,success_bfo,54.7312425,55.9301437,"улица Гафури, 77, Уфа, Башкортостан, Россия",address,success,
1001280955,8379191,"ООО ""ОНЕГОСТРОЙСЕРВИС""",1141001002119,LIQUIDATION_STAGE,КАРЕЛИЯ,,ПЕТРОЗАВОДСК,,"185035, КАРЕЛИЯ, ПЕТРОЗАВОДСК, ФЕДОСОВОЙ, 14",Малое предприятие,41.2,41.20 Строительство жилых и нежилых зданий,41.20,2025,97.0,-445.0,-453.0,67335.0,66834.0,68713.0,1879.0,501.0,55166419,0,2026-03-24T15:40:21,success_bfo,61.7967747,34.3719709,"ГБУЗ ""Бюро СМЭ"", судебно-медицинская лаборатория, улица Федосовой, 14, Петрозаводск, Карелия, Россия",address,success,
5027256182,10364434,"ООО ""ГЕОСТРОЙ""",1175027022565,ACTIVE,МОСКВА,,,,"119296, МОСКВА, ВАВИЛОВА, 60, 2, 1/П",Среднее предприятие,41.2,41.20 Строительство жилых и нежилых зданий,,2025,903695.0,86438.0,86438.0,89405.0,66816.0,,,89405.0,55189918,0,2026-03-24T17:10:30,success_bfo,55.6875985,37.5539854,"улица Вавилова, 60 к2, Москва, Москва, Россия",address,success,
7206016423,7033658,"ООО ""ЖИЛИЩНОЕ СТРОИТЕЛЬСТВО""",1027201296803,ACTIVE,ТЮМЕНСКАЯ,,ТОБОЛЬСК,,"626150, ТЮМЕНСКАЯ, ТОБОЛЬСК, ПОЛЕВАЯ, 2",Малое предприятие,41.2,41.20 Строительство жилых и нежилых зданий,41.20,2025,35439.0,,,,66508.0,,0.0,,57650937,1,2026-04-30T11:08:19,success_bfo,58.2227717,68.2814346,"Tele2, 8-й микрорайон, 6Г, Тобольск, Тюменская область, Россия",address,success,
2634044160,6804605,"ООО ""СПЕЦИАЛИЗИРОВАННЫЙ ЗАСТРОЙЩИК ""ССК""",1022601986527,ACTIVE,СТАВРОПОЛЬСКИЙ,,СТАВРОПОЛЬ,,"355008, СТАВРОПОЛЬСКИЙ, СТАВРОПОЛЬ, ВОЙТИКА, 10/1, 1",Малое предприятие,41.2,41.20 Строительство жилых и нежилых зданий,41.20,2025,301344.0,76086.0,72359.0,91736.0,66504.0,3102.0,76977.0,165611.0,54966488,0,2026-03-23T15:13:19,success_bfo,45.0517522,41.9941338,"улица Войтика, 10/1, Ставрополь, Ставропольский край, Россия",address,success,
3445070537,3745202,"ООО ""СПЕЦИАЛИЗИРОВАННЫЙ ЗАСТРОЙЩИК ""ЕВРОБИЛД""",1043400435099,ACTIVE,ВОЛГОГРАДСКАЯ,,ВОЛГОГРАД,,"400001, ВОЛГОГРАДСКАЯ, ВОЛГОГРАД, ИМ. КАЛИНИНА, 13",Малое предприятие,41.2,41.20 Строительство жилых и нежилых зданий,41.20,2025,31881.0,20948.0,-14396.0,88980.0,66423.0,73912.0,969.0,16037.0,57518076,1,2026-04-03T16:31:37,success_bfo,48.6994965,44.5075327,"Управление Федеральной службы судебных приставов по Волгоградской области, улица Калинина, 4, Волгоград, Волгоградская область, Россия",address,success,
6727027824,9646998,"ООО ""РЕГИОНЭНЕРГО-3""",1166733054355,ACTIVE,СМОЛЕНСКАЯ,ЯРЦЕВСКИЙ,ЯРЦЕВО,,"215800, СМОЛЕНСКАЯ, ЯРЦЕВСКИЙ, ЯРЦЕВО, СОВЕТСКАЯ, 20",Малое предприятие,41.2,41.20 Строительство жилых и нежилых зданий,42.22.2,2025,280234.0,40110.0,39903.0,88942.0,66371.0,0.0,0.0,88942.0,56975710,0,2026-03-31T15:50:36,success_bfo,55.0682325,32.6929294,"К-Центр, Советская улица, 20, Ярцево, Смоленская область, Россия",address,success,
3528231900,9288351,"ООО""ВЕРТИКАЛЬ""",1153525018503,ACTIVE,ВОЛОГОДСКАЯ,,ЧЕРЕПОВЕЦ,,"162622, ВОЛОГОДСКАЯ, ЧЕРЕПОВЕЦ, СОВЕТСКИЙ, 72, 7",Малое предприятие,41.2,41.20 Строительство жилых и нежилых зданий,41.20,2025,415186.0,,,,66278.0,,,,53688453,0,2026-02-25T00:00:00,success_bfo,59.1302763,37.9335516,"Отделение связи №162622, Советский проспект, Череповец, Вологодская область, Россия",address,success,
4004018239,8568041,"ООО ""СИБПРОМСТРОЙ""",1144004000469,ACTIVE,КАЛУЖСКАЯ,ДЗЕРЖИНСКИЙ,,ОБУХОВО,"249850, КАЛУЖСКАЯ, ДЗЕРЖИНСКИЙ, ОБУХОВО, 1Б",Малое предприятие,41.2,41.20 Строительство жилых и нежилых зданий,41.20,2025,750391.0,184680.0,98110.0,91415.0,66199.0,1529.0,447.0,90333.0,57118627,0,2026-03-31T17:48:46,success_bfo,54.5433165,36.0408294,"Обухово, 1Б, Калужская область, Россия",address,success,
5030091389,10277721,"ООО ""РЕГИОНСТРОЙ""",1175074009330,ACTIVE,МОСКОВСКАЯ,НАРО-ФОМИНСК,,,"143300, МОСКОВСКАЯ, НАРО-ФОМИНСК, СВОБОДЫ, 10, 124",Малое предприятие,41.2,41.20 Строительство жилых и нежилых зданий,41.20,2025,82276.0,,,,65877.0,,2977.0,,54882435,0,2026-03-23T08:20:16,success_bfo,55.385505,36.7314774,"ФСИН РФ Наро-Фоминский филиал, площадь Свободы, 15, Наро-Фоминск, Московская область, Россия",address,success,
3327332190,3867230,"АО ""АГРОТЕХИМПОРТ""",1043301806415,ACTIVE,ВЛАДИМИРСКАЯ,,ВЛАДИМИР,,"600005, ВЛАДИМИРСКАЯ, ВЛАДИМИР, ЮРЬЕВСКАЯ, 9",Малое предприятие,41.2,41.20 Строительство жилых и нежилых зданий,41.20,2025,1158867.0,79660.0,6406.0,88371.0,65830.0,67515.0,,20856.0,57236026,0,2026-03-31T19:41:20,success_bfo,56.1454787,40.3965522,"Юрьевская улица, 9, Владимир, Владимирская область, Россия",address,success,
5902165923,1485012,"ООО ""ПОЛЯРИС""",1085902008136,ACTIVE,САНКТ-ПЕТЕРБУРГ,,,,"198216, САНКТ-ПЕТЕРБУРГ, НАРОДНОГО ОПОЛЧЕНИЯ, 10, А, 160-Н",Малое предприятие,41.2,41.2 Строительство жилых и нежилых зданий,41.2,2025,245834.0,86216.0,75198.0,71476.0,65738.0,8920.0,379.0,62935.0,55500368,1,2026-03-26T10:35:59,success_bfo,59.8488344,30.2829294,"Приемный пункт химчистки Пингвин, проспект Народного Ополчения, 10А, Санкт-Петербург, Санкт-Петербург, Россия",address,success,
5503251088,8592926,"ООО ""ПРОФИТ""",1145543026210,ACTIVE,ОМСКАЯ,,ОМСК,,"644099, ОМСКАЯ, ОМСК, ГАГАРИНА, 14, 8.5 ПОМЕЩ. 124П",Малое предприятие,41.2,41.20 Строительство жилых и нежилых зданий,41.20,2025,829970.0,342273.0,135588.0,95160.0,65703.0,2101.0,22273.0,115332.0,56312561,0,2026-03-30T16:13:19,success_bfo,,,,,not_found,
7811499400,150433,"ООО ""ВЕКТОР""",1117847345890,ACTIVE,САНКТ-ПЕТЕРБУРГ,,,,"192148, САНКТ-ПЕТЕРБУРГ, ЕЛИЗАРОВА, 34, Л, 305",Малое предприятие,41.2,41.20 Строительство жилых и нежилых зданий,43.21,2025,542639.0,,,,65699.0,,,,57228095,0,2026-03-31T19:34:45,success_bfo,59.8925228,30.4054184,"проспект Елизарова, 34 литЛ, Санкт-Петербург, Санкт-Петербург, Россия",address,success,
5903033260,2629916,"ООО ""ЛЕСНОЙ ДВОР""",1025900757960,ACTIVE,ПЕРМСКИЙ,ПЕРМСКИЙ,,КОНДРАТОВО,"614506, ПЕРМСКИЙ, ПЕРМСКИЙ, КОНДРАТОВО, Н.М.ЯБЛОКОВА, 1, 114",Малое предприятие,41.2,41.20 Строительство жилых и нежилых зданий,41.20,2025,220475.0,,,,65657.0,,,,53581494,0,2026-02-19T00:00:00,success_bfo,57.9856783,56.1206398,"улица Н.М.Яблокова, Кондратово, Пермский край, Россия",address,success,
3702125493,9543534,"ООО ""РСК""",1153702027654,ACTIVE,ИВАНОВСКАЯ,,ИВАНОВО,,"153009, ИВАНОВСКАЯ, ИВАНОВО, ЛЕЖНЕВСКАЯ, 158, 10",Малое предприятие,41.2,41.20 Строительство жилых и нежилых зданий,41.20,2025,586977.0,98625.0,90294.0,88148.0,65279.0,11878.0,50.0,76320.0,56138542,0,2026-03-30T12:20:09,success_bfo,56.9679982,40.9742488,"Иваново 153009, Лежневская улица, 167, Иваново, Ивановская область, Россия",address,success,
7116156708,10780694,"ООО ""ВИРА""",1187154019920,ACTIVE,ТУЛЬСКАЯ,НОВОМОСКОВСКИЙ,НОВОМОСКОВСК,,"301651, ТУЛЬСКАЯ, НОВОМОСКОВСКИЙ, НОВОМОСКОВСК, ТРАНСПОРТНАЯ 1-Я, 48, 1",Малое предприятие,41.2,41.20 Строительство жилых и нежилых зданий,41.20,2025,426392.0,143149.0,90114.0,86687.0,65098.0,521.0,60.0,86226.0,54351864,0,2026-03-16T16:16:03,success_bfo,54.0747606,38.2168821,"1-я Транспортная улица, Новомосковск, Тульская область, Россия",address,success,
3810060162,9417217,"ООО ""МЕХАНИЗИРОВАННАЯ КОЛОННА №1""",1153850039640,ACTIVE,ИРКУТСКАЯ,,ИРКУТСК,,"664040, ИРКУТСКАЯ, ИРКУТСК, РОЗЫ ЛЮКСЕМБУРГ, 216Б, 6",Малое предприятие,41.2,41.20 Строительство жилых и нежилых зданий,41.20,2025,653787.0,215250.0,117952.0,90575.0,65083.0,0.0,13866.0,104441.0,55654994,0,2026-03-27T09:50:02,success_bfo,52.3515525,104.1712295,"улица Розы Люксембург, Иркутск, Иркутская область, Россия",address,success,
7703595570,5052529,"АО ""ВЕСТ КОНСТРАКШН""",1067746666998,ACTIVE,МОСКВА,,,,"125009, МОСКВА, БРЮСОВ, 2/14, 5",Среднее предприятие,41.2,41.20 Строительство жилых и нежилых зданий,,2025,2128917.0,150076.0,78972.0,89568.0,64445.0,11451.0,316.0,78433.0,56228376,0,2026-03-30T14:18:46,success_bfo,55.7572808,37.6064621,"Брюсов переулок, 2/14 с5, Москва, Москва, Россия",address,success,
6686086480,9968146,"ООО ""ЕВРОСТРОЙ""",1169658121874,ACTIVE,СВЕРДЛОВСКАЯ,,ЕКАТЕРИНБУРГ,,"620014, СВЕРДЛОВСКАЯ, ЕКАТЕРИНБУРГ, ЦЕНТРАЛЬНЫЙ РЫНОК, 6, 209",Малое предприятие,41.2,41.20 Строительство жилых и нежилых зданий,41.20,2025,339938.0,150505.0,83283.0,71342.0,64208.0,0.0,7578.0,78920.0,53431135,0,2026-02-10T00:00:00,success_bfo,56.8312237,60.5885731,"переулок Центральный Рынок, Екатеринбург, Свердловская область, Россия",address,success,
5244025873,7709617,"ООО ""НПО ""АГРОСТРОЙСЕРВИС""",1135248000304,ACTIVE,НИЖЕГОРОДСКАЯ,БАЛАХНИНСКИЙ,,ГИДРОТОРФ,"606425, НИЖЕГОРОДСКАЯ, БАЛАХНИНСКИЙ, ГИДРОТОРФ, АДМИНИСТРАТИВНАЯ, 27, 1",Среднее предприятие,41.2,41.20 Строительство жилых и нежилых зданий,22.23.9,2025,1053596.0,401499.0,116260.0,88640.0,64205.0,1652.0,9146.0,96134.0,57065177,0,2026-03-31T17:02:21,success_bfo,56.4528931,43.5211888,"Балахнинское стекло, Административная улица, 16 к1, Гидроторф, Нижегородская область, Россия",address,success,
7202108793,7025195,ООО ''ПСК''ТЮМЕНЬСТРОЙМОНТАЖ'',1027200812550,ACTIVE,МОСКВА,,,,"115093, МОСКВА, ЛЮСИНОВСКАЯ, 12А, 1/2",Среднее предприятие,41.2,41.20 Строительство жилых и нежилых зданий,,2025,1325739.0,106684.0,79557.0,85567.0,64176.0,308.0,,85259.0,57550244,0,2026-04-09T10:28:06,success_bfo,,,,,error,"ConnectionError: ('Connection aborted.', RemoteDisconnected('Remote end closed connection without response'))"
2801106556,1301054,"ООО ""СЗ ""ДСК""",1052800098251,ACTIVE,АМУРСКАЯ,,БЛАГОВЕЩЕНСК,,"675004, АМУРСКАЯ, БЛАГОВЕЩЕНСК, УГЛОВОЙ, 14",Малое предприятие,41.2,41.20 Строительство жилых и нежилых зданий,41.20,2025,2330869.0,105630.0,57011.0,85547.0,64130.0,3498.0,41.0,82090.0,55626265,0,2026-03-27T05:13:24,success_bfo,50.2733803,127.4899473,"Угловой переулок, 14, Благовещенск, Амурская область, Россия",address,success,
7203538206,11849911,"ООО ""ИНТЕХ""",1227200008419,ACTIVE,ТЮМЕНСКАЯ,,ТЮМЕНЬ,,"625048, ТЮМЕНСКАЯ, ТЮМЕНЬ, РЕСПУБЛИКИ, 81, 520",Малое предприятие,41.2,41.20 Строительство жилых и нежилых зданий,41.20,2025,34571.0,,,,63978.0,,,,57049435,0,2026-03-31T16:51:57,success_bfo,57.1468262,65.5533951,"улица Республики, 81, Тюмень, Тюменская область, Россия",address,success,
1657243900,10548478,"ООО ""ГК ""РР ГРУПП""",1181690013218,ACTIVE,ТАТАРСТАН,,КАЗАНЬ,,"420032, ТАТАРСТАН, КАЗАНЬ, ГЛАДИЛОВА, 54, 1301",Малое предприятие,41.2,41.20 Строительство жилых и нежилых зданий,41.20,2025,4339488.0,145759.0,54223.0,100239.0,63910.0,4716.0,41474.0,136997.0,57133339,0,2026-03-31T18:02:48,success_bfo,55.811954,49.0666004,"улица Гладилова, 54, Казань, Татарстан, Россия",address,success,
7708262060,9323901,"ООО ""А1""",1157746650918,ACTIVE,МОСКВА,,,,"119619, МОСКВА, 6-Я НОВЫЕ САДЫ, 2, 1, ЦОКОЛЬ ПОМ VII КОМН 1 ОФИС 18",Малое предприятие,41.2,41.20 Строительство жилых и нежилых зданий,41.20,2025,2122910.0,295119.0,149612.0,88494.0,63802.0,17140.0,0.0,71354.0,57723332,1,2026-05-29T10:39:18,success_bfo,,,,,not_found,
5408184794,6066933,"ООО ""КРАНОМОНТАЖ""",1025403646212,ACTIVE,НОВОСИБИРСКАЯ,,Новосибирск,,"630058, НОВОСИБИРСКАЯ, Новосибирск, ПЛОТИННАЯ, 2/7",Среднее предприятие,41.2,41.20 Строительство жилых и нежилых зданий,43.99.9,2025,815740.0,159010.0,77286.0,86388.0,63646.0,11459.0,,74929.0,57757750,1,2026-06-17T07:57:14,success_bfo,54.8459549,83.0302915,"Плотинная улица, 2/7, Новосибирск, Новосибирская область, Россия",address,success,
5029105728,1198888,"ООО ""ЛЕТО КРУГЛЫЙ ГОД""",1075029009285,ACTIVE,МОСКОВСКАЯ,,Мытищи,,"141009, МОСКОВСКАЯ, Мытищи, ОЛИМПИЙСКИЙ, 10, ОФИС 1905",Малое предприятие,41.2,41.20 Строительство жилых и нежилых зданий,41.20,2025,584691.0,94681.0,84003.0,84387.0,63290.0,,0.0,84387.0,55029234,0,2026-03-23T17:58:58,success_bfo,55.916436,37.772359,"Торговый центр ""Альта"", Олимпийский проспект, 10, Мытищи, Московская область, Россия",address,success,
7810785494,11224485,"ООО ""СОЮЗАГРОСТРОЙ""",1207800001310,ACTIVE,ТУЛЬСКАЯ,,ТУЛА,,"300025, ТУЛЬСКАЯ, ТУЛА, ВОЛНЯНСКОГО, 3, 314",Малое предприятие,41.2,41.20 Строительство жилых и нежилых зданий,41.20,2025,,,-3522.0,74808.0,63148.0,5954.0,197.0,69051.0,57180086,0,2026-03-31T18:43:03,success_bfo,54.1630705,37.5839781,"улица Волнянского, Тула, Тульская область, Россия",address,success,
3123377549,9544133,"ООО ""БСП""",1153123019268,ACTIVE,БЕЛГОРОДСКАЯ,,БЕЛГОРОД,,"308009, БЕЛГОРОДСКАЯ, БЕЛГОРОД, ВОЛЧАНСКАЯ, 163Д, 1",Среднее предприятие,41.2,41.20 Строительство жилых и нежилых зданий,42.11,2025,1417935.0,22265.0,-10642.0,44380.0,62768.0,67420.0,0.0,-23040.0,57051326,0,2026-03-31T16:55:23,success_bfo,50.5509905,36.6518833,"ГУ МЧС по Белгородской области, Волчанская улица, 163, Белгород, Белгородская область, Россия",address,success,
2723161645,7916107,"ООО ""МАСТЕР-27""",1132723003412,ACTIVE,ХАБАРОВСКИЙ,,ХАБАРОВСК,,"680020, ХАБАРОВСКИЙ, ХАБАРОВСК, ШЕРОНОВА, 4, 2, -I(55-63); I(27-35)",Малое предприятие,41.2,41.20 Строительство жилых и нежилых зданий,41.20,2025,335243.0,,,,62569.0,,0.0,,55852619,0,2026-03-28T12:34:53,success_bfo,,,,,not_found,
6629008735,6986882,"ООО ""РЕМСТРОЙСЕРВИС""",1026601726469,ACTIVE,СВЕРДЛОВСКАЯ,,Новоуральск,,"624133, СВЕРДЛОВСКАЯ, Новоуральск, ЛЕНИНА, 99, 2, 2",Малое предприятие,41.2,41.20 Строительство жилых и нежилых зданий,41.20,2025,120447.0,,,,62445.0,,0.0,,55651345,0,2026-03-27T09:34:13,success_bfo,57.2526667,60.09794,"Новоуральская школа № 2, улица Ленина, 34, Новоуральск, Свердловская область, Россия",address,success,
1631004249,2639501,"ООО ""БУРСЕРВИС""",1091677000942,ACTIVE,ТАТАРСТАН,НОВОШЕШМИНСКИЙ,,НОВОШЕШМИНСК,"423190, ТАТАРСТАН, НОВОШЕШМИНСКИЙ, НОВОШЕШМИНСК, ПАРКОВАЯ, 8",Малое предприятие,41.2,41.20 Строительство жилых и нежилых зданий,09.10.9,2025,220876.0,104075.0,79728.0,84140.0,62210.0,3429.0,0.0,80711.0,54200249,0,2026-03-13T13:49:26,success_bfo,55.0665513,51.2101097,"Парковая улица, 8, Новошешминск, Татарстан, Россия",address,success,
1658153135,8330850,"ООО ""ИСК ""СТРОЙИНЖИНИРИНГ""",1141690007722,ACTIVE,ТАТАРСТАН,САБИНСКИЙ,,БОГАТЫЕ САБЫ,"422060, ТАТАРСТАН, САБИНСКИЙ, БОГАТЫЕ САБЫ, ТУКАЯ, 87А, 47",Среднее предприятие,41.2,41.20 Строительство жилых и нежилых зданий,,2025,3101444.0,621249.0,308823.0,82999.0,62144.0,1869.0,17955.0,99085.0,57835278,2,2026-07-29T09:03:54,success_bfo,56.0093619,50.4489505,"Росгосстрах, улица Тукая, 87А, Богатые Сабы, Татарстан, Россия",address,success,
5405116154,6072503,"ЗАО РСУ-5 ""НГС""",1025401903394,ACTIVE,НОВОСИБИРСКАЯ,,НОВОСИБИРСК,,"630063, НОВОСИБИРСКАЯ, НОВОСИБИРСК, ДЕКАБРИСТОВ, 251",Малое предприятие,41.2,41.20 Строительство жилых и нежилых зданий,,2025,1056264.0,95705.0,8650.0,81218.0,62104.0,77241.0,0.0,3977.0,56638343,0,2026-03-31T09:59:56,success_bfo,55.0072529,82.9524244,"Новосибирский областной клинический кожно-венерологический диспансер, амбулаторное отделение № 3, улица Декабристов, 72, Новосибирск, Новосибирская область, Россия",address,success,
7722762089,1075688,"ООО ""СК ""СТРУКТУРА""",1117746954489,ACTIVE,ТВЕРСКАЯ,,ТВЕРЬ,,"170040, ТВЕРСКАЯ, ТВЕРЬ, СТАРИЦКОЕ, 18, 1, ПОМЕЩЕНИЕ",Малое предприятие,41.2,41.2 Строительство жилых и нежилых зданий,,2025,1159964.0,297689.0,64718.0,133797.0,62103.0,11106.0,2570.0,125261.0,57605412,2,2026-04-21T15:45:08,success_bfo,56.8381821,35.8044523,"Старицкое шоссе, 18/1, Тверь, Тверская область, Россия",address,success,
5911038512,6154619,"ООО ""УРАЛСТРОЙСЕРВИС""",1025901702936,ACTIVE,ПЕРМСКИЙ,,БЕРЕЗНИКИ,,"618417, ПЕРМСКИЙ, БЕРЕЗНИКИ, КАРЛА МАРКСА, 60, 8",Малое предприятие,41.2,41.2 Строительство жилых и нежилых зданий,,2025,1752785.0,240046.0,20521.0,81033.0,62079.0,64137.0,,16896.0,57211020,0,2026-03-31T19:19:15,success_bfo,59.4087752,56.8059377,"улица Карла Маркса, 60, Березники, Пермский край, Россия",address,success,
1660256032,9496373,"ООО ""НХРС""",1151690091706,ACTIVE,ТАТАРСТАН,,КАЗАНЬ,,"420073, ТАТАРСТАН, КАЗАНЬ, ГВАРДЕЙСКАЯ, 33, 210",Среднее предприятие,41.2,41.20 Строительство жилых и нежилых зданий,,2025,1255685.0,171682.0,34190.0,66249.0,62047.0,23756.0,9540.0,52033.0,57348233,0,2026-03-31T22:42:25,success_bfo,55.7855972,49.1715838,"Гвардейская улица, 33, Казань, Татарстан, Россия",address,success,
1633607740,1787519,"ООО ""АРТ-ДЕВЕЛОПМЕНТ""",1111690065200,ACTIVE,ТАТАРСТАН,ПЕСТРЕЧИНСКИЙ,,КУЮКИ,"422773, ТАТАРСТАН, ПЕСТРЕЧИНСКИЙ, КУЮКИ, КВАРТАЛ 12, 5, 18",Малое предприятие,41.2,41.20 Строительство жилых и нежилых зданий,41.20,2025,205025.0,73843.0,62573.0,62261.0,61980.0,0.0,0.0,62261.0,55491676,0,2026-03-26T10:11:09,success_bfo,55.7080754,49.3597135,"12-й квартал, 18, Куюки, Татарстан, Россия",address,success,
7723704474,1630213,"ООО ""ИНЖДОРСТРОЙ-М""",1097746026454,ACTIVE,МОСКВА,,,,"123592, МОСКВА, СТРОГИНСКИЙ, 4, ПОМ.V",Малое предприятие,41.2,41.20 Строительство жилых и нежилых зданий,,2025,1760748.0,207397.0,116755.0,84140.0,61870.0,6764.0,0.0,77376.0,57396868,0,2026-03-31T22:34:34,success_bfo,55.8042236,37.3953079,"Строгинский бульвар, 4 к1, Москва, Москва, Россия",address,success,
9204552020,9143797,"ООО ""СЕВДОМСТРОЙ""",1159204015508,ACTIVE,СЕВАСТОПОЛЬ,,,,"299040, СЕВАСТОПОЛЬ, ИНДУСТРИАЛЬНАЯ, 3, 3-4 ЛИТЕР А",Малое предприятие,41.2,41.20 Строительство жилых и нежилых зданий,41.20,2025,444225.0,67736.0,63378.0,72325.0,61815.0,14157.0,154.0,58322.0,56676124,0,2026-03-31T10:51:27,success_bfo,,,,,not_found,
1402012110,4747645,"ООО ""СВХМ""",1021400523616,ACTIVE,САХА (ЯКУТИЯ),АЛДАНСКИЙ,,НИЖНИЙ КУРАНАХ,"678940, САХА (ЯКУТИЯ), АЛДАНСКИЙ, НИЖНИЙ КУРАНАХ, СТРОИТЕЛЬНАЯ, 1Б",Малое предприятие,41.2,41.20 Строительство жилых и нежилых зданий,41.20,2025,173478.0,,,,61684.0,,0.0,,54579163,0,2026-03-19T05:00:13,success_bfo,58.8239598,125.5308238,"Строительная улица, 1Б, Нижний Куранах, Республика Саха (Якутия), Россия",address,success,
7805446048,136159,"ООО ""МАВИС-МОНОЛИТ""",1079847097923,ACTIVE,САНКТ-ПЕТЕРБУРГ,,,,"198096, САНКТ-ПЕТЕРБУРГ, НА ТУРУХТАННЫЕ ОСТРОВА, 6, ЛИТЕР А, ПОМЕЩЕНИЕ 16",Среднее предприятие,41.2,41.20 Строительство жилых и нежилых зданий,71.11.1,2025,680457.0,126007.0,104105.0,84080.0,61582.0,3124.0,812.0,81768.0,57792074,1,2026-07-07T11:21:25,success_bfo,,,,,not_found,
2312233653,9414767,"ООО ""ССК""",1152312010510,ACTIVE,КРАСНОДАРСКИЙ,,КРАСНОДАР,,"350910, КРАСНОДАРСКИЙ, КРАСНОДАР, ИМ. ФАДЕЕВА, 212, 12100",Среднее предприятие,41.2,41.20 Строительство жилых и нежилых зданий,,2025,3863156.0,1687839.0,1626417.0,83839.0,61574.0,107553.0,203969.0,180255.0,56268040,0,2026-03-30T15:15:58,success_bfo,45.0208943,39.1077258,"улица Фадеева, 212, Краснодар, Краснодарский край, Россия",address,success,
7810458095,9810765,"ООО ""РМП""",1167847270271,ACTIVE,САНКТ-ПЕТЕРБУРГ,,,,"199106, САНКТ-ПЕТЕРБУРГ, ГАВАНСКАЯ, 37, А, 11-Н ОФИС 81",Малое предприятие,41.2,41.20 Строительство жилых и нежилых зданий,33.12,2025,544826.0,,,,61425.0,,,,54692321,0,2026-03-20T08:26:31,success_bfo,,,,,not_found,
3025002478,2572851,"ООО ""МАСТЕР ГРУПП""",1123025000482,ACTIVE,БАШКОРТОСТАН,,УФА,,"450097, БАШКОРТОСТАН, УФА, ХАДИИ ДАВЛЕТШИНОЙ, 9, 752",Малое предприятие,41.2,41.2 Строительство жилых и нежилых зданий,41.2,2025,1782508.0,785897.0,-159995.0,81856.0,61392.0,28625.0,0.0,53231.0,56874513,0,2026-03-31T14:33:23,success_bfo,54.7372794,55.9927552,"Ozon, бульвар Хадии Давлетшиной, 9, Уфа, Башкортостан, Россия",address,success,
7813246282,9668054,"ООО ""КМ-СТРОЙ""",1167847134124,ACTIVE,САНКТ-ПЕТЕРБУРГ,,,,"197110, САНКТ-ПЕТЕРБУРГ, ЛЕВАШОВСКИЙ, 12, А, 33-Н/510",Малое предприятие,41.2,41.20 Строительство жилых и нежилых зданий,41.20,2025,898376.0,95790.0,95790.0,80571.0,61388.0,1422.0,0.0,79149.0,54509065,0,2026-03-18T12:15:23,success_bfo,,,,,not_found,
6165167732,2537409,"ООО ""МДС""",1116165001919,ACTIVE,РОСТОВСКАЯ,,РОСТОВ-НА-ДОНУ,,"344022, РОСТОВСКАЯ, РОСТОВ-НА-ДОНУ, ОЧАКОВСКАЯ, 30/30, 5",Малое предприятие,41.2,41.20 Строительство жилых и нежилых зданий,42.21,2025,1265246.0,130701.0,89088.0,87204.0,61326.0,,,87204.0,56184242,0,2026-03-30T13:27:53,success_bfo,47.2223933,39.7383,"Очаковская улица, 30/30, Ростов-на-Дону, Ростовская область, Россия",address,success,
6321281844,1387412,"ООО ""ВОЛГАХИММОНТАЖ""",1116320031167,ACTIVE,САМАРСКАЯ,,ТОЛЬЯТТИ,,"445047, САМАРСКАЯ, ТОЛЬЯТТИ, 40 ЛЕТ ПОБЕДЫ, 14, 427",Малое предприятие,41.2,41.20 Строительство жилых и нежилых зданий,41.20,2025,658463.0,,,,61271.0,,,,55648288,0,2026-03-27T09:19:32,success_bfo,53.5430078,49.3661315,"Водолей-2, улица 40 лет Победы, 14, Тольятти, Самарская область, Россия",address,success,
6454084860,2591997,"ООО ""МСС""",1076454002129,ACTIVE,САРАТОВСКАЯ,,САРАТОВ,,"410065, САРАТОВСКАЯ, САРАТОВ, ИМ 50 ЛЕТ ОКТЯБРЯ, 89В, 1 ОФИС 2Б",Малое предприятие,41.2,41.20 Строительство жилых и нежилых зданий,41.20,2025,479058.0,,,,61191.0,,0.0,,56320798,0,2026-03-30T16:20:46,success_bfo,51.5666735,45.9955579,"проспект им. 50 лет Октября, 108/2Б, Саратов, Саратовская область, Россия",address,success,
1657124526,7588442,"ООО ""ДСК ""ВЕЛЕС""",1121690084230,ACTIVE,ТАТАРСТАН,,КАЗАНЬ,,"420021, ТАТАРСТАН, КАЗАНЬ, ПАРИЖСКОЙ КОММУНЫ, 8, 25",Малое предприятие,41.2,41.20 Строительство жилых и нежилых зданий,,2025,2755176.0,163870.0,79724.0,74917.0,60743.0,917.0,9649.0,83649.0,57543324,1,2026-04-08T10:58:01,success_bfo,55.7812803,49.1123729,"Kora, улица Парижской Коммуны, 25, Казань, Татарстан, Россия",address,success,
1414006922,4980670,"АО ""777""",1021400692048,ACTIVE,МОСКВА,,,,"119180, МОСКВА, МАЛАЯ ПОЛЯНКА, 12А, 26",Малое предприятие,41.2,41.20 Строительство жилых и нежилых зданий,41.20,2025,1927383.0,128390.0,32715.0,83370.0,60542.0,68796.0,,14574.0,57133920,0,2026-03-31T18:03:32,success_bfo,55.7340877,37.6160277,"улица Малая Полянка, 12А, Москва, Москва, Россия",address,success,
4823077334,11057276,"ООО ""ЗОДЧИЙ-Л""",1194827008100,ACTIVE,ЛИПЕЦКАЯ,,ЛИПЕЦК,,"398017, ЛИПЕЦКАЯ, ЛИПЕЦК, МЕТАЛЛУРГОВ, 9, 6",Малое предприятие,41.2,41.20 Строительство жилых и нежилых зданий,41.20,2025,250447.0,78909.0,63731.0,62543.0,60509.0,0.0,0.0,62543.0,54989735,0,2026-03-23T16:09:54,success_bfo,52.5799639,39.6049234,"улица Металлургов, 9А, Липецк, Липецкая область, Россия",address,success,
2124012066,418394,"ООО ""СПЕЦИАЛИЗИРОВАННЫЙ ЗАСТРОЙЩИК ""СФ ""КОМПЛЕКС""",1022100909490,ACTIVE,ЧУВАШСКАЯ РЕСПУБЛИКА -,,НОВОЧЕБОКСАРСК,,"429965, ЧУВАШСКАЯ РЕСПУБЛИКА -, НОВОЧЕБОКСАРСК, ПРОМЫШЛЕННАЯ, 73, 1",Малое предприятие,41.2,41.20 Строительство жилых и нежилых зданий,41.20,2025,1042858.0,109201.0,85297.0,81365.0,60396.0,1412.0,1359.0,81312.0,56238643,0,2026-03-30T14:39:05,success_bfo,,,,,error,"ConnectionError: ('Connection aborted.', RemoteDisconnected('Remote end closed connection without response'))"
7843315102,7473014,"ООО ""КАИФ""",1127847377294,ACTIVE,МОСКВА,ВНУКОВО,,ШАРАПОВО,"108809, МОСКВА, ВНУКОВО, ШАРАПОВО, ПРИДОРОЖНАЯ, 1, 1, 10",Малое предприятие,41.2,41.20 Строительство жилых и нежилых зданий,41.20,2025,319699.0,152507.0,152507.0,80083.0,60040.0,7764.0,59393.0,131712.0,54184630,0,2026-03-12T17:31:28,success_bfo,55.5779912,37.1690404,"Придорожная улица, 12 с1, Шарапово, Москва, Россия",address,success,
8608055865,7686974,"ООО ""ПРОФИТ""",1138608000013,ACTIVE,МОСКВА,,,,"123007, МОСКВА, 5-Я МАГИСТРАЛЬНАЯ, 12, 4А/1",Среднее предприятие,41.2,41.20 Строительство жилых и нежилых зданий,,2025,940467.0,98232.0,67502.0,79811.0,59858.0,0.0,,79811.0,56867919,0,2026-03-31T14:24:04,success_bfo,55.7731514,37.5169726,"4-я Магистральная улица, 4А с1, Москва, Москва, Россия",address,success,
8622004051,9972489,"ООО ""СТРОИТЕЛЬНАЯ КОМПАНИЯ ""АРХСТРОЙ""",1168617071336,ACTIVE,САНКТ-ПЕТЕРБУРГ,,,,"197022, САНКТ-ПЕТЕРБУРГ, АКАДЕМИКА ПАВЛОВА, 6, 6 СТР 1, 57",Малое предприятие,41.2,41.20 Строительство жилых и нежилых зданий,41.20,2025,239268.0,,,,59781.0,,11661.0,,57167135,0,2026-03-31T18:30:06,success_bfo,59.9768224,30.3161439,"улица Академика Павлова, 6 к1, Санкт-Петербург, Санкт-Петербург, Россия",address,success,
5040176585,11746838,"ООО ""ГЕФЕСТ""",1215000132390,ACTIVE,МОСКОВСКАЯ,,ЖУКОВСКИЙ,,"140180, МОСКОВСКАЯ, ЖУКОВСКИЙ, ГАГАРИНА, 64А, 1.11",Малое предприятие,41.2,41.20 Строительство жилых и нежилых зданий,41.20,2025,1281338.0,94895.0,80941.0,79759.0,59680.0,158.0,735.0,80336.0,57806764,1,2026-07-14T14:40:42,success_bfo,55.603765,38.106127,"улица Гагарина, Жуковский, Московская область, Россия",address,success,
7714671060,3112677,"ООО ""ОПТИЛЭНД""",1067759897370,ACTIVE,МОСКОВСКАЯ,ИСТРА,,КРАСНЫЙ ПОСЁЛОК,"143582, МОСКОВСКАЯ, ИСТРА, КРАСНЫЙ ПОСЁЛОК, АНГЛИЙСКИЙ, 1, 2",Малое предприятие,41.2,41.2 Строительство жилых и нежилых зданий,,2025,2997264.0,1273931.0,828412.0,90072.0,59614.0,146611.0,240625.0,184086.0,56931530,0,2026-03-31T15:11:16,success_bfo,55.8077637,36.976053,"Английский бульвар, 1, Красный поселок, Московская область, Россия",address,success,
2459020277,10019163,"ООО ""ГРАНИТ""",1162468122970,ACTIVE,КРАСНОЯРСКИЙ,ШАРЫПОВСКИЙ,ШАРЫПОВО,,"662311, КРАСНОЯРСКИЙ, ШАРЫПОВСКИЙ, ШАРЫПОВО, 12, 327",Малое предприятие,41.2,41.20 Строительство жилых и нежилых зданий,43.39,2025,215116.0,,,,59605.0,,,,55626213,0,2026-03-27T05:10:46,success_bfo,55.525352,89.1880357,"Межрайонная ИФНС № 12 по Красноярскому краю, Пионерный микрорайон, 5, Шарыпово, Красноярский край, Россия",address,success,
4205313611,9370387,"ООО ""БЛОК ХАУС""",1154205012664,ACTIVE,КЕМЕРОВСКАЯ ОБЛАСТЬ - КУЗБАСС,,КЕМЕРОВО,,"650071, КЕМЕРОВСКАЯ ОБЛАСТЬ - КУЗБАСС, КЕМЕРОВО, 1-Я ЛЕСНАЯ, 18",Малое предприятие,41.2,41.20 Строительство жилых и нежилых зданий,68.32,2025,86850.0,,,,59578.0,,,,54899925,0,2026-03-23T10:25:33,success_bfo,55.4313872,86.2150214,"1-я Лесная улица, 18, Кемерово, Кемеровская область, Россия",address,success,
7715465840,9170119,"ООО ""СК НОРМА""",1157746313900,ACTIVE,ЧЕЧЕНСКАЯ,,ГРОЗНЫЙ,,"364049, ЧЕЧЕНСКАЯ, ГРОЗНЫЙ, ДЬЯКОВА, 15/20, 103",Малое предприятие,41.2,41.20 Строительство жилых и нежилых зданий,41.20,2025,2130752.0,257679.0,141292.0,39361.0,59559.0,34557.0,2645.0,7449.0,57504146,0,2026-04-02T13:05:12,success_bfo,,,,,not_found,
7706789407,7753691,"ООО ""ИНВЕСТПРОЕКТ""",1137746129971,ACTIVE,МОСКВА,,,,"119180, МОСКВА, БОЛЬШАЯ ПОЛЯНКА, 51А/9, 8 ПОМ I К 1 ОФ 98",Малое предприятие,41.2,41.20 Строительство жилых и нежилых зданий,41.20,2025,2070534.0,,,,59425.0,,,,53634197,0,2026-02-20T00:00:00,success_bfo,,,,,not_found,
7716922376,10801587,"ООО ""ГАМАСС""",1187746837079,ACTIVE,САНКТ-ПЕТЕРБУРГ,,,,"191167, САНКТ-ПЕТЕРБУРГ, ТЕЛЕЖНАЯ, 37, Ю, 2-Н",Малое предприятие,41.2,41.20 Строительство жилых и нежилых зданий,41.20,2025,1848693.0,612639.0,325991.0,150169.0,59359.0,315.0,41059.0,190913.0,57604831,1,2026-04-21T14:36:40,success_bfo,59.9227891,30.3814089,"Тележная улица, 37 литЮ, Санкт-Петербург, Санкт-Петербург, Россия",address,success,
1435307046,9715236,"ООО ""ОСНОВА""",1161447055219,ACTIVE,САХА (ЯКУТИЯ),,ЯКУТСК,,"677008, САХА (ЯКУТИЯ), ЯКУТСК, КАЛАНДАРИШВИЛИ, 43, 28",Малое предприятие,41.2,41.20 Строительство жилых и нежилых зданий,41.20,2025,2596272.0,389514.0,153818.0,77349.0,59213.0,122.0,32145.0,109372.0,56337891,0,2026-03-30T16:50:42,success_bfo,62.0226927,129.6859472,"улица Каландаришвили, 43, Якутск, Республика Саха (Якутия), Россия",address,success,
3804032390,54372,"ООО ""ПРОММОНТАЖ""",1053804035625,ACTIVE,ИРКУТСКАЯ,,БРАТСК,,"665700, ИРКУТСКАЯ, БРАТСК, 3/1, ОФИС 222",Малое предприятие,41.2,41.20 Строительство жилых и нежилых зданий,41.20,2025,89496.0,,,,59149.0,,,,56562791,0,2026-03-31T06:42:23,success_bfo,56.3179394,101.7503674,"Братская стоматологическая поликлиника №3, улица Зверева, 12, Братск, Иркутская область, Россия",address,success,
6321218440,5651586,"ООО ""СВСК""",1086320023184,ACTIVE,САМАРСКАЯ,,ТОЛЬЯТТИ,,"445024, САМАРСКАЯ, ТОЛЬЯТТИ, ЮБИЛЕЙНАЯ, 2В, 1007",Малое предприятие,41.2,41.2 Строительство жилых и нежилых зданий,41.20,2025,402996.0,90999.0,78154.0,78979.0,58965.0,2665.0,108.0,76422.0,55735551,0,2026-03-27T13:59:21,success_bfo,53.534113,49.2803568,"Восточный дублер, Юбилейная улица, 2В, Тольятти, Самарская область, Россия",address,success,
4220032291,5881208,"ООО ""АСКО""",1064220014011,ACTIVE,КЕМЕРОВСКАЯ ОБЛАСТЬ - КУЗБАСС,,НОВОКУЗНЕЦК,,"654063, КЕМЕРОВСКАЯ ОБЛАСТЬ - КУЗБАСС, НОВОКУЗНЕЦК, 375 КМ, 36, 205",Малое предприятие,41.2,41.20 Строительство жилых и нежилых зданий,41.20,2025,459399.0,,,,58913.0,,,,56601803,0,2026-03-31T08:55:27,success_bfo,,,,,not_found,
6611007603,6994985,"ООО ""ГРАНД""",1026600878480,ACTIVE,СВЕРДЛОВСКАЯ,,ИРБИТ,,"623850, СВЕРДЛОВСКАЯ, ИРБИТ, ОРДЖОНИКИДЗЕ, 75",Малое предприятие,41.2,41.20 Строительство жилых и нежилых зданий,41.20,2025,265767.0,,,,58388.0,,0.0,,54517363,0,2026-03-18T13:09:41,success_bfo,57.6818574,63.0519475,"Музейный творческий центр, Ирбитский ГМИИ, улица Орджоникидзе, 30, Ирбит, Свердловская область, Россия",address,success,
7716715980,1581035,"ООО ""ИТ-ГРУПП""",1127746365999,ACTIVE,МОСКОВСКАЯ,,ЛЮБЕРЦЫ,,"140002, МОСКОВСКАЯ, ЛЮБЕРЦЫ, КОЛХОЗНАЯ, 19-А, I ОФИС 2",Малое предприятие,41.2,41.20 Строительство жилых и нежилых зданий,81.10,2025,180748.0,,,,58085.0,,,,55080974,0,2026-03-24T10:41:21,success_bfo,,,,,not_found,
5042078255,3470234,"ООО ""Синхрострой""",1045008361243,ACTIVE,МОСКОВСКАЯ,СЕРГИЕВ ПОСАД,,,"141308, МОСКОВСКАЯ, СЕРГИЕВ ПОСАД, ПИОНЕРСКАЯ, 16",Малое предприятие,41.2,41.20 Строительство жилых и нежилых зданий,41.20,2025,184283.0,77174.0,77174.0,77174.0,57878.0,,,77174.0,56937144,0,2026-03-31T15:27:24,success_bfo,56.3153284,38.1359898,"Сергиев Посад, Московская область, Россия",address,success,
1660147749,3336964,"ООО ""ВСТ-РЕКОНСТРУКЦИЯ""",1101690069392,ACTIVE,ТАТАРСТАН,,КАЗАНЬ,,"420088, ТАТАРСТАН, КАЗАНЬ, ЖУРНАЛИСТОВ, 54, 1200",Малое предприятие,41.2,41.2 Строительство жилых и нежилых зданий,41.2,2025,652262.0,,,,57637.0,,3923.0,,55736645,0,2026-03-27T14:03:54,success_bfo,55.8216989,49.1948864,"улица Журналистов, 54, Казань, Татарстан, Россия",address,success,
9729011159,9786605,"ООО ""КАРСТРОЙ""",1167746542270,ACTIVE,МОСКВА,,,,"107078, МОСКВА, КАЛАНЧЕВСКАЯ, 15А, 1/6",Малое предприятие,41.2,41.20 Строительство жилых и нежилых зданий,41.20,2025,1265832.0,193775.0,132977.0,91512.0,57465.0,7401.0,,84111.0,56792014,0,2026-03-31T12:43:08,success_bfo,55.7691421,37.6502977,"Каланчёвская улица, Москва, Москва, Россия",address,success,
3254513241,412804,"ООО ""МОНТАЖ-СТРОЙ БРЯНСК""",1123256011284,ACTIVE,БРЯНСКАЯ,,БРЯНСК,,"241050, БРЯНСКАЯ, БРЯНСК, КРАСНОАРМЕЙСКАЯ, 128А, 9",Малое предприятие,41.2,41.2 Строительство жилых и нежилых зданий,41.2,2025,1315356.0,342743.0,342743.0,119942.0,57457.0,4769.0,97492.0,212665.0,55178181,0,2026-03-24T16:09:25,success_bfo,53.2316287,34.3624344,"УМВД по Брянской области, Красноармейская улица, 5, Брянск, Брянская область, Россия",address,success,
4825041862,3985702,"ООО ""РЕММЕТАЛЛУРГСТРОЙ СУ-1""",1054800302776,ACTIVE,ЛИПЕЦКАЯ,,ЛИПЕЦК,,"398042, ЛИПЕЦКАЯ, ЛИПЕЦК, МОСКОВСКАЯ, 12, 17",Среднее предприятие,41.2,41.20 Строительство жилых и нежилых зданий,33.12,2025,271917.0,61692.0,61692.0,57389.0,57389.0,0.0,0.0,57389.0,54911425,0,2026-03-23T11:53:46,success_bfo,52.6048376,39.5171467,"Липецкая областная поликлиника, Московская улица, 6а, Липецк, Липецкая область, Россия",address,success,
0275075025,712245,"ООО ""ЕНЕР-ХОЛДИНГ""",1110280047437,ACTIVE,БАШКОРТОСТАН,УФИМСКИЙ,,МИХАЙЛОВКА,"450511, БАШКОРТОСТАН, УФИМСКИЙ, МИХАЙЛОВКА, ДМИТРИЕВСКАЯ, 9",Среднее предприятие,41.2,41.20 Строительство жилых и нежилых зданий,,2025,1107129.0,186169.0,70166.0,81101.0,57227.0,12120.0,81.0,69062.0,55638850,0,2026-03-27T08:23:09,success_bfo,54.8156201,55.8894414,"Михайловская улица, 9, Михайловка, Башкортостан, Россия",address,success,
7804434610,4789357,"ООО ""СЕГМЕНТ-М""",1107847095113,ACTIVE,САНКТ-ПЕТЕРБУРГ,,,,"195248, САНКТ-ПЕТЕРБУРГ, ДЕГТЯРЁВА, 4, А, 602",Малое предприятие,41.2,41.2 Строительство жилых и нежилых зданий,41.20,2025,404618.0,92055.0,44109.0,66461.0,57180.0,23666.0,0.0,42795.0,55519471,0,2026-03-26T12:07:43,success_bfo,59.9512146,30.4275787,"улица Дегтярёва, 4, Санкт-Петербург, Санкт-Петербург, Россия",address,success,
7728896297,8941568,"ООО ""ВЕРТИКАЛЬ СТРОЙ""",5147746343344,ACTIVE,МОСКВА,,,,"117342, МОСКВА, БУТЛЕРОВА, 17Б, 139Н",Малое предприятие,41.2,41.20 Строительство жилых и нежилых зданий,41.20,2025,700601.0,371157.0,96117.0,76159.0,57173.0,612.0,0.0,75547.0,57764555,2,2026-06-19T16:36:37,success_bfo,55.6481559,37.540983,"улица Бутлерова, 17Б, Москва, Москва, Россия",address,success,
5044086491,7796341,"ООО ""АВТОРГАЗ""",1135044000541,ACTIVE,МОСКОВСКАЯ,,СОЛНЕЧНОГОРСК,,"141504, МОСКОВСКАЯ, СОЛНЕЧНОГОРСК, ПРОЛЕТАРСКАЯ, 1",Малое предприятие,41.2,41.2 Строительство жилых и нежилых зданий,42.21,2025,156122.0,,,,56910.0,,,,55521142,0,2026-03-26T12:14:49,success_bfo,56.1718189,36.9497686,"Солнечногорск 141504, Центральная улица, 2А, Солнечногорск, Московская область, Россия",address,success,
6670314892,9178248,"ООО ""ГК ""ПРОФСТРОЙ""",1156658007736,ACTIVE,СВЕРДЛОВСКАЯ,,РЕВДА,,"623280, СВЕРДЛОВСКАЯ, РЕВДА, МИРА, 40, 41",Малое предприятие,41.2,41.20 Строительство жилых и нежилых зданий,71.11.1,2025,193551.0,,,,56787.0,,,,57218654,0,2026-03-31T19:17:44,success_bfo,56.7961279,59.9193675,"улица Мира, 40, Ревда, Свердловская область, Россия",address,success,
2312179068,5408484,"ООО ""СЗ ""ГРАДСТРОЙ-КУБАНЬ""",1112312001328,ACTIVE,КРАСНОДАРСКИЙ,,КРАСНОДАР,,"350053, КРАСНОДАРСКИЙ, КРАСНОДАР, ЦВЕТНАЯ, 41, 1",Малое предприятие,41.2,41.20 Строительство жилых и нежилых зданий,41.20,2025,674308.0,93685.0,85916.0,82432.0,56459.0,37304.0,31981.0,77109.0,55576571,0,2026-03-26T15:57:09,success_bfo,45.104678,38.9192238,"Цветная улица, Краснодар, Краснодарский край, Россия",address,success,
8602282950,10496554,"ООО ""МОНТАЖРЕГИОНСТРОЙ""",1178617024684,ACTIVE,ХАНТЫ-МАНСИЙСКИЙ АВТОНОМНЫЙ ОКРУГ - ЮГРА,,СУРГУТ,,"628426, ХАНТЫ-МАНСИЙСКИЙ АВТОНОМНЫЙ ОКРУГ - ЮГРА, СУРГУТ, БЫСТРИНСКАЯ, 8/1, 5",Малое предприятие,41.2,41.20 Строительство жилых и нежилых зданий,33.12,2025,405682.0,,,,56355.0,,5216.0,,55092345,0,2026-03-24T11:13:37,success_bfo,61.2598538,73.4264614,"Наш дом, Быстринская улица, 8/1, Сургут, Ханты-Мансийский автономный округ — Югра, Россия",address,success,
7813561260,8018545,"ООО ""КИТ""",1137847163178,ACTIVE,САНКТ-ПЕТЕРБУРГ,,,,"197022, САНКТ-ПЕТЕРБУРГ, ПРОФЕССОРА ПОПОВА, 23, В, 17-Н КАБИНЕТ 408",Малое предприятие,41.2,41.20 Строительство жилых и нежилых зданий,,2025,3171715.0,345071.0,215153.0,111050.0,56326.0,13075.0,2744.0,100719.0,57420884,0,2026-03-31T23:21:59,success_bfo,,,,,not_found,
5017041727,5924754,"ООО ""ДОМ ОТДЫХА ИМ.А.П.ЧЕХОВА""",1025001818489,LIQUIDATION_STAGE,МОСКОВСКАЯ,ИСТРА,,ПИОНЕРСКИЙ,"143515, МОСКОВСКАЯ, ИСТРА, ПИОНЕРСКИЙ, 1",Малое предприятие,41.2,41.2 Строительство жилых и нежилых зданий,41.2,2025,2259.0,2259.0,-18545.0,74906.0,56055.0,96211.0,3250.0,-18055.0,55191965,0,2026-03-24T16:01:05,success_bfo,55.8918177,36.794312,"Пионерский, Московская область, Россия",address,success,
3817043783,8312289,"ООО ""ИЛИМДОРСТРОЙ""",1143817000062,ACTIVE,ИРКУТСКАЯ,,УСТЬ-ИЛИМСК,,"666671, ИРКУТСКАЯ, УСТЬ-ИЛИМСК, ПОЛЕВАЯ, 22",Малое предприятие,41.2,41.20 Строительство жилых и нежилых зданий,41.20,2025,382747.0,,,,55967.0,,,,54290043,0,2026-03-16T04:30:54,success_bfo,57.9831487,102.6580178,"Иркутская областная клиническая туберкулезная больница, Усть-Илимский филиал, улица Наймушина, 34, Усть-Илимск, Иркутская область, Россия",address,success,
7722282100,2598783,"ООО ""ИНТЕРСТРОЙ""",1037722008543,ACTIVE,МОСКВА,,,,"127018, МОСКВА, СКЛАДОЧНАЯ, 3, 5, 1/7",Малое предприятие,41.2,41.20 Строительство жилых и нежилых зданий,41.20,2025,395473.0,,,,55950.0,,125.0,,56982266,0,2026-03-31T15:56:55,success_bfo,55.8042745,37.5936049,"Хьюгге, Складочная улица, 1 с5, Москва, Москва, Россия",address,success,
2464124874,9599491,"ООО ""КЕРАМИКА""",1162468053582,ACTIVE,КРАСНОЯРСКИЙ,,КРАСНОЯРСК,,"660012, КРАСНОЯРСКИЙ, КРАСНОЯРСК, КАРАМЗИНА, 28А, 205",Малое предприятие,41.2,41.20 Строительство жилых и нежилых зданий,41.20,2025,77332.0,55697.0,49362.0,61888.0,55818.0,12709.0,11.0,49190.0,55115145,0,2026-03-24T12:41:52,success_bfo,55.9889922,92.8486963,"улица Карамзина, 28А, Красноярск, Красноярский край, Россия",address,success,
7724937168,8862865,"ООО ""СКС""",5147746136951,ACTIVE,МОСКВА,,,,"115446, МОСКВА, АКАДЕМИКА МИЛЛИОНЩИКОВА, 20А, III",Малое предприятие,41.2,41.20 Строительство жилых и нежилых зданий,41.20,2025,1511434.0,191723.0,80796.0,75088.0,55756.0,0.0,0.0,75088.0,54743733,0,2026-03-20T14:07:54,success_bfo,55.6670065,37.64602,"Жилой комплекс ""Just M"", улица Академика Миллионщикова, 20А, Москва, Москва, Россия",address,success,
2536253529,678027,"ООО ""НТС ГРУПП""",1122536006416,ACTIVE,ПРИМОРСКИЙ,,ВЛАДИВОСТОК,,"690105, ПРИМОРСКИЙ, ВЛАДИВОСТОК, РУССКАЯ, 49, 36",Малое предприятие,41.2,41.2 Строительство жилых и нежилых зданий,41.2,2025,601611.0,,,,55644.0,,14.0,,57543038,1,2026-04-08T10:32:20,success_bfo,43.1700928,131.9323679,"Владивосток 690105, Русская улица, Владивосток, Приморский край, Россия",address,success,
5502051600,6937098,"ООО ""ЗАПСИБСТРОЙ""",1025500534157,ACTIVE,ОМСКАЯ,,ОМСК,,"644035, ОМСКАЯ, ОМСК, ГУБКИНА, 4, 1",Малое предприятие,41.2,41.20 Строительство жилых и нежилых зданий,33.12,2025,263887.0,,,,55363.0,,,,53490519,0,2026-02-13T00:00:00,success_bfo,55.0714967,73.2958484,"Омск 644035, проспект Губкина, Омск, Омская область, Россия",address,success,
1434000485,4989653,"ООО ""МИГ""",1021401006472,ACTIVE,САХА (ЯКУТИЯ),НЕРЮНГРИНСКИЙ,,СЕРЕБРЯНЫЙ БОР,"678995, САХА (ЯКУТИЯ), НЕРЮНГРИНСКИЙ, СЕРЕБРЯНЫЙ БОР, 24А",Малое предприятие,41.2,41.2 Строительство жилых и нежилых зданий,41.2,2025,1145142.0,196704.0,110889.0,83841.0,55230.0,669.0,18943.0,102115.0,57870037,1,2026-08-18T06:29:01,success_bfo,56.667506,124.8443784,"Серебряный Бор, Республика Саха (Якутия), Россия",address,success,
6501148841,1489284,"ООО ""САХАЛИН-МОНТАЖ""",1046500617240,ACTIVE,САХАЛИНСКАЯ,,ЮЖНО-САХАЛИНСК,,"693003, САХАЛИНСКАЯ, ЮЖНО-САХАЛИНСК, ЛЕНИНА, 1И",Малое предприятие,41.2,41.20 Строительство жилых и нежилых зданий,41.20,2025,68273.0,-37928.0,-109449.0,73588.0,55191.0,105237.0,,-31649.0,56543314,0,2026-03-31T03:22:45,success_bfo,46.9827552,142.7189935,"улица Ленина, 1И, Южно-Сахалинск, Сахалинская область, Россия",address,success,
2801170350,2256525,"ООО ""МЕГАТЕК-СТРОЙ-ИНВЕСТ""",1122801002444,ACTIVE,АМУРСКАЯ,,БЛАГОВЕЩЕНСК,,"675004, АМУРСКАЯ, БЛАГОВЕЩЕНСК, ЗЕЙСКАЯ, 134",Малое предприятие,41.2,41.2 Строительство жилых и нежилых зданий,41.2,2025,568974.0,116501.0,116501.0,74525.0,54810.0,10597.0,47996.0,111924.0,56022815,0,2026-03-30T07:54:45,success_bfo,50.2593626,127.5433983,"Зейская улица, 134, Благовещенск, Амурская область, Россия",address,success,
8608048339,3843221,"ООО ""НЕМО""",1028601441439,ACTIVE,ХАНТЫ-МАНСИЙСКИЙ АВТОНОМНЫЙ ОКРУГ - ЮГРА,,КОГАЛЫМ,,"628483, ХАНТЫ-МАНСИЙСКИЙ АВТОНОМНЫЙ ОКРУГ - ЮГРА, КОГАЛЫМ, ВИЛЬНЮССКАЯ, 30А",Малое предприятие,41.2,41.20 Строительство жилых и нежилых зданий,41.20,2025,518116.0,,,,54784.0,,1317.0,,55264233,0,2026-03-25T07:49:33,success_bfo,62.2701371,74.5381884,"Вильнюсская улица, 30А, Когалым, Ханты-Мансийский автономный округ — Югра, Россия",address,success,
1660284551,10012465,"ООО ""ПРОИЗВОДСТВЕННАЯ МОНТАЖНАЯ КОМПАНИЯ 16""",1161690175888,ACTIVE,ТАТАРСТАН,,КАЗАНЬ,,"420029, ТАТАРСТАН, КАЗАНЬ, СИБИРСКИЙ ТРАКТ, 34, 4, 146",Малое предприятие,41.2,41.20 Строительство жилых и нежилых зданий,41.20,2025,547870.0,89273.0,70258.0,73787.0,54764.0,140.0,,73647.0,56655649,0,2026-03-31T10:25:37,success_bfo,55.8159751,49.1818356,"ICL-КПО ВС, Сибирский тракт, 34, Казань, Татарстан, Россия",address,success,
5047154277,8500234,"ООО ""НОВАЯ СТРОИТЕЛЬНАЯ КОМПАНИЯ ВСК""",1145047004574,ACTIVE,МОСКОВСКАЯ,,ХИМКИ,,"141407, МОСКОВСКАЯ, ХИМКИ, БАБАКИНА, 5А, 4",Малое предприятие,41.2,41.20 Строительство жилых и нежилых зданий,41.20,2025,2412017.0,433709.0,203366.0,135242.0,54642.0,49181.0,50268.0,136329.0,57687180,1,2026-05-14T16:55:27,success_bfo,55.8808171,37.4233817,"улица Бабакина, 5А, Химки, Московская область, Россия",address,success,
7702720556,4018889,"ООО  ""АЛТАДЖА РУС""",1097746763905,ACTIVE,МОСКВА,,,,"121087, МОСКВА, БАРКЛАЯ, 6, 5, 4/22А,22Б",Малое предприятие,41.2,41.2 Строительство жилых и нежилых зданий,41.2,2025,394021.0,125976.0,52309.0,37983.0,54556.0,3856.0,0.0,34127.0,54515123,0,2026-03-18T12:53:16,success_bfo,,,,,not_found,
2310112974,8624695,"ООО ""КПС""",1142310004792,ACTIVE,КРАСНОДАРСКИЙ,,КРАСНОДАР,,"350911, КРАСНОДАРСКИЙ, КРАСНОДАР, ТРАМВАЙНАЯ, 21",Малое предприятие,41.2,41.20 Строительство жилых и нежилых зданий,41.20,2025,795062.0,81275.0,79957.0,69961.0,53979.0,,,69961.0,56597546,0,2026-03-31T08:46:29,success_bfo,45.0179323,39.0680778,"Трамвайная улица, 21, Краснодар, Краснодарский край, Россия",address,success,
6950180271,8476204,"ООО ""СМАРТСТРОЙ""",1146952007091,ACTIVE,ТВЕРСКАЯ,,ТВЕРЬ,,"170006, ТВЕРСКАЯ, ТВЕРЬ, ВЕРЫ БОНЧ-БРУЕВИЧ, 16, 11",Малое предприятие,41.2,41.20 Строительство жилых и нежилых зданий,41.20,2025,1680815.0,242059.0,64234.0,72998.0,53913.0,11819.0,0.0,61179.0,56618976,0,2026-03-31T09:23:47,success_bfo,56.8608287,35.8800264,"улица Веры Бонч-Бруевич, 16, Тверь, Тверская область, Россия",address,success,
5030079021,7676019,"ООО ""СПЕЦЭНЕРГОЗАЩИТА""",1135030000049,ACTIVE,МОСКОВСКАЯ,НАРО-ФОМИНСК,,,"143300, МОСКОВСКАЯ, НАРО-ФОМИНСК, КАЛИНИНА, 8/1, 62",Малое предприятие,41.2,41.2 Строительство жилых и нежилых зданий,41.2,2025,495315.0,,,,53887.0,,0.0,,57388761,0,2026-03-31T23:26:44,success_bfo,55.3879392,36.7250573,"Администрация городского поселения Наро-Фоминск, улица Калинина, 8А, Наро-Фоминск, Московская область, Россия",address,success,
2540231091,10426657,"ООО ""ВР""",1172536038179,ACTIVE,ПРИМОРСКИЙ,ШКОТОВСКИЙ,,ПОДЪЯПОЛЬСКОЕ,"692828, ПРИМОРСКИЙ, ШКОТОВСКИЙ, ПОДЪЯПОЛЬСКОЕ, НАБЕРЕЖНАЯ, 13, 1, 1",Малое предприятие,41.2,41.20 Строительство жилых и нежилых зданий,81.29,2025,367344.0,57457.0,32063.0,71837.0,53851.0,0.0,0.0,71837.0,55466772,0,2026-03-26T06:52:23,success_bfo,,,,,error,"ReadTimeout: HTTPSConnectionPool(host='photon.komoot.io', port=443): Read timed out. (read timeout=40)"
5505000795,6926668,"ООО ""КОРАЛЛ""",1025501174214,ACTIVE,ОМСКАЯ,,ОМСК,,"644105, ОМСКАЯ, ОМСК, 3-Я РАЗЪЕЗДНАЯ, 2",Малое предприятие,41.2,41.20 Строительство жилых и нежилых зданий,41.20,2025,279276.0,86924.0,56776.0,71668.0,53730.0,13444.0,132.0,58356.0,55707513,0,2026-03-27T12:39:32,success_bfo,55.0051948,73.4237326,"3-я Разъездная улица, 2, Омск, Омская область, Россия",address,success,
7805781293,11630047,"ООО ""КОНТУР""",1217800106930,ACTIVE,САНКТ-ПЕТЕРБУРГ,,,,"198330, САНКТ-ПЕТЕРБУРГ, МАРШАЛА ЖУКОВА, 43, 1, 328",Малое предприятие,41.2,41.20 Строительство жилых и нежилых зданий,,2025,159787.0,115038.0,113568.0,71625.0,53719.0,0.0,0.0,71625.0,55200578,0,2026-03-24T17:22:22,success_bfo,59.8509753,30.2141384,"проспект Маршала Жукова, 43 к2, Санкт-Петербург, Санкт-Петербург, Россия",address,success,
2464116626,9026653,"ООО ""МЕГАПОЛИС""",1142468114766,ACTIVE,КРАСНОЯРСКИЙ,,КРАСНОЯРСК,,"660012, КРАСНОЯРСКИЙ, КРАСНОЯРСК, ЯРЫГИНСКАЯ, 21, 212",Малое предприятие,41.2,41.20 Строительство жилых и нежилых зданий,41.20,2025,79588.0,60206.0,54057.0,58270.0,53653.0,4673.0,,53597.0,54396790,0,2026-03-17T11:11:04,success_bfo,55.9890477,92.8557748,"Ярыгинская набережная, 21, Красноярск, Красноярский край, Россия",address,success,
6673132724,2869449,"ООО ""ЕГС-ГАРАНТ""",1056604915795,ACTIVE,СВЕРДЛОВСКАЯ,,ЕКАТЕРИНБУРГ,,"620026, СВЕРДЛОВСКАЯ, ЕКАТЕРИНБУРГ, БЕЛИНСКОГО, 39, 606",Среднее предприятие,41.2,41.20 Строительство жилых и нежилых зданий,,2025,1439736.0,141311.0,69317.0,72166.0,53392.0,3042.0,,69124.0,56330061,0,2026-03-30T16:31:56,success_bfo,56.8286378,60.6168741,"улица Белинского, Екатеринбург, Свердловская область, Россия",address,success,
7725370499,10202593,"ООО ""СИСТЕМА""",1177746424679,ACTIVE,МОСКВА,,,,"115432, МОСКВА, АНДРОПОВА, 10, 140",Малое предприятие,41.2,41.20 Строительство жилых и нежилых зданий,,2025,2267487.0,155042.0,100859.0,74714.0,53303.0,0.0,17675.0,92389.0,55358864,0,2026-03-25T13:52:08,success_bfo,55.6917192,37.6650564,"проспект Андропова, 10 к3, Москва, Москва, Россия",address,success,
0105008695,4877276,"ООО ""СЗ ""НОВОЕ СТРОИТЕЛЬСТВО""",1020100702643,ACTIVE,АДЫГЕЯ,,МАЙКОП,,"385000, АДЫГЕЯ, МАЙКОП, ТРАНСПОРТНАЯ, 4",Малое предприятие,41.2,41.20 Строительство жилых и нежилых зданий,41.20,2025,161171.0,64075.0,64075.0,58990.0,53199.0,0.0,0.0,58990.0,55138157,0,2026-03-24T14:12:18,success_bfo,44.6016269,40.0969889,"Майкопская улица, 4, Майкоп, Адыгея, Россия",address,success,
7612048040,9999010,"ООО ""ЛИДЕР""",1167627099320,ACTIVE,ЯРОСЛАВСКАЯ,УГЛИЧСКИЙ,УГЛИЧ,,"152610, ЯРОСЛАВСКАЯ, УГЛИЧСКИЙ, УГЛИЧ, ПОБЕДЫ, 15",Малое предприятие,41.2,41.20 Строительство жилых и нежилых зданий,41.20,2025,171300.0,,,,53125.0,,,,54232708,0,2026-03-13T11:11:50,success_bfo,57.5394366,38.3414649,"улица Победы, 15, Углич, Ярославская область, Россия",address,success,
4632079860,6424404,"ООО ""БАЗУ-РУСЬ""",1074632006646,ACTIVE,КУРСКАЯ,,КУРСК,,"305025, КУРСКАЯ, КУРСК, МАГИСТРАЛЬНАЯ, 2",Малое предприятие,41.2,41.20 Строительство жилых и нежилых зданий,41.20,2025,635291.0,214661.0,76288.0,69946.0,52996.0,21570.0,,48376.0,57198696,0,2026-03-31T19:06:56,success_bfo,51.6537974,36.1361554,"Магистральная улица, 2, Курск, Курская область, Россия",address,success,
0534031679,2084630,"ООО ""ГАЗ-ТЕХНОСТРОЙ""",1040501764027,ACTIVE,ДАГЕСТАН,,ХАСАВЮРТ,,"368002, ДАГЕСТАН, ХАСАВЮРТ, ЭКСКАВАТОРНАЯ, 2",Малое предприятие,41.2,41.20 Строительство жилых и нежилых зданий,41.20,2025,1261296.0,70648.0,70648.0,70648.0,52986.0,,,70648.0,57245937,0,2026-03-31T19:53:14,success_bfo,43.2561783,46.6114987,"Экскаваторная улица, 2, Хасавюрт, Дагестан, Россия",address,success,
2308034775,6780335,"ООО СИК ""ДЕВЕЛОПМЕНТ-ЮГ""",1022301199865,ACTIVE,КРАСНОДАРСКИЙ,,КРАСНОДАР,,"350072, КРАСНОДАРСКИЙ, КРАСНОДАР, ИМ. 40-ЛЕТИЯ ПОБЕДЫ, 33Г, 1151190",Малое предприятие,41.2,41.20 Строительство жилых и нежилых зданий,41.20,2025,652367.0,562543.0,-696454.0,2180492.0,2334634.0,47010.0,0.0,2133482.0,57637283,1,2026-04-28T08:46:56,success_bfo,45.0553775,39.0066001,"улица 40 лет Победы, Краснодар, Краснодарский край, Россия",address,success,
7704879013,8914479,"ООО УК ""СТАР-ЮГ""",5147746294790,LIQUIDATION_STAGE,МОСКВА,,,,"119048, МОСКВА, 3-Я ФРУНЗЕНСКАЯ, 19",Малое предприятие,41.2,41.20 Строительство жилых и нежилых зданий,41.20,2025,,,-698.0,2307471.0,1730603.0,0.0,,2307471.0,55414144,0,2026-03-25T15:02:28,success_bfo,55.7231292,37.573759,"3-я Фрунзенская улица, Москва, Москва, Россия",address,success,
9710078784,11152520,"ООО ""ДИСТРИКТ ДЕВЕЛОПМЕНТ - СПЕЦЗАСТРОЙЩИК""",1197746608058,ACTIVE,МОСКВА,,,,"125009, МОСКВА, ТВЕРСКАЯ, 6, 2, 2 ПОМ I КОМ 23",Среднее предприятие,41.2,41.20 Строительство жилых и нежилых зданий,41.20,2025,,,-2661.0,1588059.0,1579177.0,38220.0,0.0,1549839.0,57873873,1,2026-08-20T15:10:12,success_bfo,55.625578,37.6063916,"Москва, Россия",city_or_region,success,
6316270445,11520474,"ООО ""ТСГ1""",1216300006658,ACTIVE,САМАРСКАЯ,,САМАРА,,"443080, САМАРСКАЯ, САМАРА, МОСКОВСКОЕ, 43, 1012",Малое предприятие,41.2,41.20 Строительство жилых и нежилых зданий,,2025,6930087.0,2280074.0,1849282.0,1761459.0,1309865.0,106611.0,113957.0,1768805.0,56941098,0,2026-03-31T15:28:15,success_bfo,53.2229813,50.191615,"Прайд, Московское шоссе, 43, Самара, Самарская область, Россия",address,success,
9103000552,8720692,"ООО ""СИНТЕЗИС ИНГ""",1149102006360,ACTIVE,КРЫМ,,ЯЛТА,,"298600, КРЫМ, ЯЛТА, САДОВАЯ, 31",Малое предприятие,41.2,41.20 Строительство жилых и нежилых зданий,,2025,6804736.0,1262039.0,1221331.0,1329093.0,995717.0,300542.0,776.0,1029327.0,57780869,1,2026-06-29T14:49:58,success_bfo,44.4963666,34.1687447,"Банк Россия, набережная Ленина, 3, город Ялта, Республика Крым, Україна",city_or_region,success,
3250518136,790956,"ООО СЗ ""МЕГАПОЛИС-СТРОЙ""",1103256002190,ACTIVE,БРЯНСКАЯ,БРЯНСКИЙ,,ПУТЕВКА,"241037, БРЯНСКАЯ, БРЯНСКИЙ, ПУТЕВКА, ОКРУЖНАЯ, 22",Среднее предприятие,41.2,41.2 Строительство жилых и нежилых зданий,68.10.21,2025,1555283.0,1127877.0,1049049.0,1175546.0,880942.0,112819.0,0.0,1062727.0,53949846,0,2026-03-06T10:20:29,success_bfo,53.2568022,34.3178661,"Окружная улица, 22, Путёвка, Брянская область, Россия",address,success,
0276045224,6703086,"ООО СП ""ИНИЦИАТИВА"" ОАО ""КПД""",1020202866452,ACTIVE,БАШКОРТОСТАН,,УФА,,"450098, БАШКОРТОСТАН, УФА, РОССИЙСКАЯ, 157/1, 19А",Малое предприятие,41.2,41.20 Строительство жилых и нежилых зданий,41.20,2025,908384.0,689882.0,685671.0,669199.0,646975.0,3028.0,63.0,666234.0,57009935,0,2026-03-31T16:36:00,success_bfo,54.7723379,56.0360042,"Российская улица, 157/1, Уфа, Башкортостан, Россия",address,success,
4345276039,4303038,"ООО СПЕЦИАЛИЗИРОВАННЫЙ ЗАСТРОЙЩИК ""СТРОЙСОЮЗ""",1104345006160,ACTIVE,КИРОВСКАЯ,,КИРОВ,,"610002, КИРОВСКАЯ, КИРОВ, СВОБОДЫ, 110, 1004",Малое предприятие,41.2,41.2 Строительство жилых и нежилых зданий,71.12.2,2025,1198810.0,879564.0,868680.0,797462.0,598210.0,7761.0,55056.0,844757.0,55443865,0,2026-03-25T16:45:25,success_bfo,58.5926784,49.6768578,"Отделение почтовой связи Киров 610002, улица Свободы, 125, Киров, Кировская область, Россия",address,success,
1655476201,11836153,"ООО СК ""ЭЛЛАДА""",1221600031861,ACTIVE,ТАТАРСТАН,,КАЗАНЬ,,"420108, ТАТАРСТАН, КАЗАНЬ, МАЗИТА ГАФУРИ, 50, 1",Малое предприятие,41.2,41.20 Строительство жилых и нежилых зданий,,2025,8938370.0,910109.0,782650.0,783107.0,584041.0,7849.0,883.0,776141.0,56641868,0,2026-03-31T10:05:35,success_bfo,55.7670129,49.1023552,"улица Мазита Гафури, 50, Казань, Татарстан, Россия",address,success,
7841444504,4987633,"ООО ""СК ЭНЕРГОТЕХСТРОЙ""",1117847184300,ACTIVE,САНКТ-ПЕТЕРБУРГ,,,,"195277, САНКТ-ПЕТЕРБУРГ, КОМИССАРА СМИРНОВА, 15, А, 264, ОФИС 357",Среднее предприятие,41.2,41.2 Строительство жилых и нежилых зданий,43.22,2025,3874449.0,836518.0,680300.0,772253.0,579607.0,82435.0,6404.0,696222.0,55571939,0,2026-03-26T15:38:39,success_bfo,59.9606739,30.1586551,"Санкт-Петербург, Россия",city_or_region,success,
7813294991,10468755,"ООО ""ЕВРОИНВЕСТ ДЕВЕЛОПМЕНТ""",1177847387816,ACTIVE,САНКТ-ПЕТЕРБУРГ,,,,"191014, САНКТ-ПЕТЕРБУРГ, РЫЛЕЕВА, 11, А, 7-Н, 17-Н",Малое предприятие,41.2,41.20 Строительство жилых и нежилых зданий,41.20,2025,56283.0,-4279.0,-4279.0,565938.0,561108.0,18368.0,7067.0,554637.0,56911531,0,2026-03-31T14:50:47,success_bfo,59.9606739,30.1586551,"Санкт-Петербург, Россия",city_or_region,success,
7714299854,2906374,"ООО ""МАТЕН""",1037714014910,ACTIVE,МОСКВА,,,,"123308, МОСКВА, МНЁВНИКИ, 3, 1, 1 ПОМ II КОМ 1-5,10,11",Среднее предприятие,41.2,41.20 Строительство жилых и нежилых зданий,,2025,1730120.0,774606.0,708960.0,712389.0,524654.0,2105.0,12473.0,722757.0,57606038,1,2026-04-21T17:33:55,success_bfo,55.625578,37.6063916,"Москва, Россия",city_or_region,success,
7840100451,11855144,"ООО ""СИТИ""",1227800064271,ACTIVE,САНКТ-ПЕТЕРБУРГ,,,,"191036, САНКТ-ПЕТЕРБУРГ, ЛИГОВСКИЙ, 43-45, Б, 6Н,13",Малое предприятие,41.2,41.20 Строительство жилых и нежилых зданий,,2025,3049487.0,763718.0,694472.0,703572.0,519906.0,40985.0,120.0,662707.0,55585714,0,2026-03-26T16:34:56,success_bfo,59.9606739,30.1586551,"Санкт-Петербург, Россия",city_or_region,success,
7202151894,1951534,"ООО ""СТРОЙ КАПИТАЛ""",1067203340995,ACTIVE,ТЮМЕНСКАЯ,,Тюмень,,"625031, ТЮМЕНСКАЯ, Тюмень, ДРУЖБЫ, 73, 4, 2",Среднее предприятие,41.2,41.2 Строительство жилых и нежилых зданий,23.63,2025,4008196.0,683320.0,626087.0,661751.0,498393.0,14650.0,1515.0,648616.0,55767969,0,2026-03-27T14:52:37,success_bfo,57.1838353,65.5632067,"улица Дружбы, 73 к4, Тюмень, Тюменская область, Россия",address,success,
5506004658,6926821,"ООО ""ТОБОЛ""",1025501254734,ACTIVE,ОМСКАЯ,,ОМСК,,"644027, ОМСКАЯ, ОМСК, 1-Я ИНДУСТРИАЛЬНАЯ, 7",Среднее предприятие,41.2,41.20 Строительство жилых и нежилых зданий,,2025,2812609.0,757462.0,572922.0,638972.0,479229.0,,,638972.0,57130670,0,2026-03-31T17:59:53,success_bfo,54.965483,73.4457595,"Облака, Индустриальная улица, 11 к1, Омск, Омская область, Россия",address,success,
4028051443,479622,"ООО ""СПЕЦИАЛИЗИРОВАННЫЙ ЗАСТРОЙЩИК ""КАЛУГА-ЛИДЕР""",1124028003604,ACTIVE,КАЛУЖСКАЯ,,КАЛУГА,,"248021, КАЛУЖСКАЯ, КАЛУГА, БИЛИБИНА, 6, 4, КОМНАТА 20",Малое предприятие,41.2,41.20 Строительство жилых и нежилых зданий,41.20,2025,677629.0,633224.0,580789.0,577896.0,468569.0,5759.0,143430.0,715567.0,53951061,0,2026-03-06T10:42:11,success_bfo,54.5101087,36.2598115,"Калуга, Калужская область, Россия",city_or_region,success,
6623099687,8315743,"ООО ГК ""УРАЛСТРОЙКОМПЛЕКС""",1146623000765,ACTIVE,СВЕРДЛОВСКАЯ,,НИЖНИЙ ТАГИЛ,,"622013, СВЕРДЛОВСКАЯ, НИЖНИЙ ТАГИЛ, КУЛИБИНА, 62, 7",Малое предприятие,41.2,41.20 Строительство жилых и нежилых зданий,,2025,5869538.0,1015586.0,870354.0,758930.0,453372.0,111467.0,17366.0,664829.0,56955735,0,2026-03-31T15:43:00,success_bfo,57.901006,60.0011136,"проезд Кулибина, 7, Нижний Тагил, Свердловская область, Россия",address,success,
5503113553,5911214,"ООО СК ""АНА""",1075503011473,ACTIVE,КРАСНОДАРСКИЙ,,СОЧИ,,"354395, КРАСНОДАРСКИЙ, СОЧИ, ГАСТЕЛЛО, 23А, 46",Среднее предприятие,41.2,41.20 Строительство жилых и нежилых зданий,,2025,2179073.0,547962.0,452956.0,536801.0,398086.0,78619.0,2386.0,460568.0,57872188,1,2026-08-19T11:57:44,success_bfo,43.4564031,39.9173842,"улица Гастелло, 23А, Сочи, Краснодарский край, Россия",address,success,
7716686312,5404285,"ООО ""СТРОЙТЕХСТАНДАРТ""",1117746257837,ACTIVE,МОСКВА,,,,"117587, МОСКВА, ВАРШАВСКОЕ, 125Д, 1, 307",Малое предприятие,41.2,41.2 Строительство жилых и нежилых зданий,41.2,2025,1153433.0,574379.0,530815.0,528519.0,395468.0,3092.0,278.0,525705.0,56299111,0,2026-03-30T15:48:54,success_bfo,55.6223935,37.6228888,"Варшавское шоссе, 125Д к1, Москва, Москва, Россия",address,success,
6671388294,2501044,"ООО ""УТПК""",1126671001918,ACTIVE,СВЕРДЛОВСКАЯ,,ЕКАТЕРИНБУРГ,,"620000, СВЕРДЛОВСКАЯ, ЕКАТЕРИНБУРГ, МАЛЫШЕВА, 51, 25 ПОМЕЩЕНИЕ 1",Малое предприятие,41.2,41.20 Строительство жилых и нежилых зданий,41.20,2025,1201615.0,660344.0,496098.0,523537.0,393251.0,28284.0,451.0,495704.0,56608929,0,2026-03-31T09:08:41,success_bfo,56.8382071,60.6007886,"Екатеринбург, Свердловская область, Россия",city_or_region,success,
2128007123,5357810,"АО ""СЗ ""СТРОЙТРЕСТ №3""",1022101134978,ACTIVE,ЧУВАШСКАЯ РЕСПУБЛИКА -,,ЧЕБОКСАРЫ,,"428000, ЧУВАШСКАЯ РЕСПУБЛИКА -, ЧЕБОКСАРЫ, ЯРОСЛАВСКАЯ, 76, 312",Среднее предприятие,41.2,41.20 Строительство жилых и нежилых зданий,,2025,2877066.0,519055.0,273251.0,531563.0,389007.0,68102.0,4962.0,468423.0,57506537,1,2026-04-02T16:00:48,success_bfo,56.0984586,47.268959,"Чувашская республиканская детско-юношеская библиотека, улица Ленинского Комсомола, Чебоксары, Чувашия, Россия",city_or_region,success,
3123378447,9562823,"ООО ""ЭРИОНСТРОЙГРУПП""",1153123020412,ACTIVE,БЕЛГОРОДСКАЯ,,БЕЛГОРОД,,"308019, БЕЛГОРОДСКАЯ, БЕЛГОРОД, ГОРЬКОГО, 54Б, 1",Малое предприятие,41.2,41.20 Строительство жилых и нежилых зданий,41.20,2025,2594176.0,642682.0,527383.0,518979.0,384609.0,14984.0,13499.0,517494.0,57653658,1,2026-04-30T16:29:52,success_bfo,50.572641,36.5613325,"улица Горького, 54Б, Белгород, Белгородская область, Россия",address,success,
6506009908,7923733,"ООО""ТЕХНОДОР""",1136517000267,ACTIVE,САХАЛИНСКАЯ,ОХИНСКИЙ,ОХА,,"694496, САХАЛИНСКАЯ, ОХИНСКИЙ, ОХА, КРАСНОАРМЕЙСКАЯ, 28",Малое предприятие,41.2,41.20 Строительство жилых и нежилых зданий,41.20,2025,713592.0,713592.0,454231.0,476186.0,355445.0,20716.0,0.0,455470.0,56542192,0,2026-03-31T03:02:33,success_bfo,53.5877208,142.9443614,"694496, Оха, Сахалинская область, Россия",address,success,
8901016434,2231424,"ООО ""ЯМАЛЖИЛСТРОЙ""",1058900003040,ACTIVE,ЯМАЛО-НЕНЕЦКИЙ,,САЛЕХАРД,,"629003, ЯМАЛО-НЕНЕЦКИЙ, САЛЕХАРД, АВИАЦИОННАЯ, 33, 1, -",Малое предприятие,41.2,41.20 Строительство жилых и нежилых зданий,41.20,2025,1081318.0,469365.0,436037.0,468544.0,350763.0,61312.0,,407232.0,54689978,0,2026-03-20T07:48:14,success_bfo,66.5970689,66.5758724,"Авиационная улица, 33, Салехард, Ямало-Ненецкий автономный округ, Россия",address,success,
5905026364,9097370,"ООО ПСК""СТРОЙУРАЛ""",1155958012000,ACTIVE,ПЕРМСКИЙ,,ПЕРМЬ,,"614065, ПЕРМСКИЙ, ПЕРМЬ, РАЗВЕДЧИКОВ, 38",Малое предприятие,41.2,41.20 Строительство жилых и нежилых зданий,43.99,2025,1173587.0,376967.0,338441.0,441338.0,328889.0,17648.0,0.0,423690.0,56695128,0,2026-03-31T11:24:42,success_bfo,57.9597908,56.1587046,"улица Разведчиков, 38, Пермь, Пермский край, Россия",address,success,
7710866012,2219726,"ООО ""СМУ МОСКОВИЯ""",1107746310253,ACTIVE,МОСКВА,,,,"111024, МОСКВА, 2-Я КАБЕЛЬНАЯ, 2, 4, 4, ПОМ. XXI, КОМН. 29",Малое предприятие,41.2,41.2 Строительство жилых и нежилых зданий,41.2,2025,3225526.0,517205.0,412519.0,439698.0,328160.0,50015.0,0.0,389683.0,57807297,1,2026-07-14T17:30:04,success_bfo,55.625578,37.6063916,"Москва, Россия",city_or_region,success,
6317135375,10971658,"ООО СЗ ""ШАРД 63""",1196313025424,ACTIVE,САМАРСКАЯ,,САМАРА,,"443099, САМАРСКАЯ, САМАРА, СТЕПАНА РАЗИНА, 94А, 17",Малое предприятие,41.2,41.20 Строительство жилых и нежилых зданий,41.20,2025,584528.0,455989.0,447271.0,431402.0,314318.0,15340.0,311.0,416373.0,56730149,0,2026-03-31T12:11:41,success_bfo,53.18745,50.08601,"улица Степана Разина, 94А, Самара, Самарская область, Россия",address,success,
2315993797,10121671,"ООО ""ЭЛЬМА""",1172375014998,ACTIVE,КРАСНОДАРСКИЙ,,НОВОРОССИЙСК,,"353960, КРАСНОДАРСКИЙ, НОВОРОССИЙСК, СПОРТИВНАЯ, 2В, 39",Малое предприятие,41.2,41.20 Строительство жилых и нежилых зданий,41.20,2025,2094345.0,492877.0,419976.0,413648.0,311266.0,550.0,3477.0,416575.0,57103263,0,2026-03-31T17:45:38,success_bfo,44.7431625,37.7233984,"Спортивная улица, 2В, Новороссийск, Краснодарский край, Россия",address,success,
7721506798,3552928,"ООО ""ЛАНДШАФТПРОЕКТ""",1047796211462,ACTIVE,МОСКВА,,,,"127006, МОСКВА, ВОРОТНИКОВСКИЙ, 8, 1, I К 10 ОФ 1 РМ 2/3",Среднее предприятие,41.2,41.20 Строительство жилых и нежилых зданий,,2025,1668970.0,517588.0,373268.0,390881.0,297916.0,14059.0,998.0,377820.0,57775199,1,2026-06-25T14:29:47,success_bfo,55.625578,37.6063916,"Москва, Россия",city_or_region,success,
5260363213,8001262,"ООО ""ХАЙ-ТЕК БИЛДИНГ""",1135260010819,ACTIVE,НИЖЕГОРОДСКАЯ,,НИЖНИЙ НОВГОРОД,,"603163, НИЖЕГОРОДСКАЯ, НИЖНИЙ НОВГОРОД, КАЗАНСКОЕ, 2, 1, 143",Малое предприятие,41.2,41.20 Строительство жилых и нежилых зданий,41.20,2025,2433636.0,543666.0,401029.0,386559.0,290816.0,6941.0,2731.0,382349.0,57447698,0,2026-04-01T04:17:05,success_bfo,56.295611,44.081578,"Ozon, Казанское шоссе, 2 к1, Нижний Новгород, Нижегородская область, Россия",address,success,
7801643052,8939768,"ООО ""СК ""СЕГМЕНТА""",1147847393935,ACTIVE,САНКТ-ПЕТЕРБУРГ,,,,"197022, САНКТ-ПЕТЕРБУРГ, ПРОФЕССОРА ПОПОВА, 23, М, 16Н ОФИС 8",Среднее предприятие,41.2,41.20 Строительство жилых и нежилых зданий,46.90,2025,278306.0,-476449.0,-501506.0,382989.0,284436.0,173172.0,51.0,209868.0,53889190,0,2026-03-04T15:48:03,success_bfo,59.9606739,30.1586551,"Санкт-Петербург, Россия",city_or_region,success,
7838030937,9017341,"ООО ""ГСМ""",1147847549948,ACTIVE,САНКТ-ПЕТЕРБУРГ,,,,"195277, САНКТ-ПЕТЕРБУРГ, КОМИССАРА СМИРНОВА, 11, Д, 204 (3-Н ЗА № 7)",Малое предприятие,41.2,41.20 Строительство жилых и нежилых зданий,41.20,2025,4125502.0,391955.0,327146.0,377483.0,283112.0,3307.0,0.0,374176.0,57523376,1,2026-04-05T18:27:18,success_bfo,59.9606739,30.1586551,"Санкт-Петербург, Россия",city_or_region,success,
7728838739,7840316,"ООО ""ГАЗСТРОЙТЕХ""",1137746274687,ACTIVE,САНКТ-ПЕТЕРБУРГ,,,,"194292, САНКТ-ПЕТЕРБУРГ, ДОМОСТРОИТЕЛЬНАЯ, 16, А, 13-Н",Малое предприятие,41.2,41.20 Строительство жилых и нежилых зданий,,2025,10222661.0,965056.0,473733.0,391933.0,282781.0,1766.0,0.0,390167.0,55337023,0,2026-03-25T12:42:04,success_bfo,59.9606739,30.1586551,"Санкт-Петербург, Россия",city_or_region,success,
5262316681,9166958,"ООО СЗ ""СМ-СТРОЙ52""",1155262004842,ACTIVE,НИЖЕГОРОДСКАЯ,,НИЖНИЙ НОВГОРОД,,"603105, НИЖЕГОРОДСКАЯ, НИЖНИЙ НОВГОРОД, ГЕНКИНОЙ, 25 А, П52 КАБИНЕТ 19",Малое предприятие,41.2,41.20 Строительство жилых и нежилых зданий,41.20,2025,1260821.0,443225.0,438083.0,375751.0,281770.0,11752.0,70332.0,434331.0,54747701,0,2026-03-20T14:31:45,success_bfo,56.3264816,44.0051395,"Нижний Новгород, Нижегородская область, Россия",city_or_region,success,
7725715633,3257404,"ООО  ""ОБЪЕДИНЕННЫЕ ИНВЕСТИЦИИ В НЕДВИЖИМОСТЬ""",1117746099008,ACTIVE,МОСКВА,,,,"115093, МОСКВА, ПАВЛОВСКАЯ, 7, 3 ПОМ V КОМ 16",Малое предприятие,41.2,41.20 Строительство жилых и нежилых зданий,41.20,2025,484487.0,380358.0,319770.0,372773.0,279541.0,45577.0,224321.0,551517.0,57803484,1,2026-07-10T18:16:45,success_bfo,55.625578,37.6063916,"Москва, Россия",city_or_region,success,
3907211633,3252741,"ООО СЗ ""КПД СТРОЙ""",1103926004082,ACTIVE,КАЛИНИНГРАДСКАЯ,,КАЛИНИНГРАД,,"236004, КАЛИНИНГРАДСКАЯ, КАЛИНИНГРАД, ДЮННАЯ, 18, 201",Малое предприятие,41.2,41.20 Строительство жилых и нежилых зданий,41.20,2025,398555.0,328999.0,303398.0,302931.0,277810.0,28860.0,1866.0,275937.0,55480004,0,2026-03-26T08:01:10,success_bfo,54.6861466,20.5174023,"КПД-Калининград, Дюнная улица, 18, Калининград, Калининградская область, Россия",address,success,
2312189274,2363629,"ООО СЗ ""РОМЕКС ДЕВЕЛОПМЕНТ""",1122312001646,ACTIVE,АДЫГЕЯ,ТЕУЧЕЖСКИЙ,,КОЧКИН,"385200, АДЫГЕЯ, ТЕУЧЕЖСКИЙ, КОЧКИН, ЛОГИСТИЧЕСКАЯ, 3, 1, 146",Малое предприятие,41.2,41.2 Строительство жилых и нежилых зданий,41.20,2025,974996.0,527311.0,481769.0,367117.0,275288.0,6422.0,0.0,360695.0,54708315,0,2026-03-20T10:33:34,success_bfo,44.866088,39.1835494,"Кочкин, Пчегатлукайское сельское поселение, Адыгея, Россия",city_or_region,success,
9701063446,10096116,"ООО ""СТРОЙБУР""",1177746111828,ACTIVE,МОСКВА,,,,"105082, МОСКВА, РУБЦОВСКАЯ, 3, 1, 14 ПОМ I КОМ 9",Малое предприятие,41.2,41.20 Строительство жилых и нежилых зданий,41.20,2025,678231.0,382279.0,362870.0,362527.0,271833.0,0.0,0.0,362527.0,54470587,0,2026-03-17T07:26:41,success_bfo,55.625578,37.6063916,"Москва, Россия",city_or_region,success,
5611022790,6915792,"ООО СЗ ""ИСК ""СТРОЙТЕХСЕРВИС""",1025601715149,ACTIVE,ОРЕНБУРГСКАЯ,,ОРЕНБУРГ,,"460058, ОРЕНБУРГСКАЯ, ОРЕНБУРГ, УРАЛЬСКАЯ, 2Д, 1",Среднее предприятие,41.2,41.2 Строительство жилых и нежилых зданий,,2025,596656.0,154479.0,7514.0,365506.0,271580.0,86730.0,0.0,278776.0,56127133,0,2026-03-30T11:56:39,success_bfo,51.7635205,55.1405118,"Уральская улица, 2Д, Оренбург, Оренбургская область, Россия",address,success,
1643012519,592394,"ООО ""ТЕХБУРСЕРВИС""",1121688000466,ACTIVE,ТАТАРСТАН,АЛЬМЕТЬЕВСКИЙ,АЛЬМЕТЬЕВСК,,"423458, ТАТАРСТАН, АЛЬМЕТЬЕВСКИЙ, АЛЬМЕТЬЕВСК, ЦЕХОВАЯ, 1, 4/1",Малое предприятие,41.2,41.20 Строительство жилых и нежилых зданий,43.12.3,2025,908097.0,372282.0,282453.0,326053.0,265518.0,53609.0,5130.0,277574.0,57665890,1,2026-05-06T10:08:48,success_bfo,54.899497,52.3259679,"Альтернатива, Цеховая улица, 1, Альметьевск, Татарстан, Россия",address,success,
4632203108,9222570,"ООО СЗ ""КАСКАД+""",1154632004405,ACTIVE,КУРСКАЯ,,КУРСК,,"305045, КУРСКАЯ, КУРСК, ОБЪЕЗДНАЯ, 8",Малое предприятие,41.2,41.20 Строительство жилых и нежилых зданий,41.20,2025,818027.0,356253.0,328473.0,355640.0,264936.0,41062.0,0.0,314578.0,54691657,0,2026-03-20T08:21:33,success_bfo,51.6582966,36.0675251,"Объездная улица, 8, Курск, Курская область, Россия",address,success,
8904054325,936388,"ООО ПКК""ЛИГА-СЕРВИС 89""",1078904004904,ACTIVE,ЯМАЛО-НЕНЕЦКИЙ,,НОВЫЙ УРЕНГОЙ,,"629300, ЯМАЛО-НЕНЕЦКИЙ, НОВЫЙ УРЕНГОЙ, ЛЕНИНГРАДСКИЙ, 12, А, 142",Малое предприятие,41.2,41.20 Строительство жилых и нежилых зданий,41.20,2025,638267.0,,,,256146.0,,1486.0,,54517982,0,2026-03-18T13:08:39,success_bfo,66.0833716,76.6884057,"Ленинградский проспект, 12А, Новый Уренгой, Ямало-Ненецкий автономный округ, Россия",address,success,
7733732294,2256977,"ООО ""БИЭФ""",1107746329360,ACTIVE,МОСКВА,,,,"115230, МОСКВА, ЭЛЕКТРОЛИТНЫЙ, 1, 3, 3 П Х К 9 О 1Б",Малое предприятие,41.2,41.20 Строительство жилых и нежилых зданий,,2025,3586982.0,676111.0,525135.0,351708.0,254577.0,963.0,38820.0,389565.0,55696427,0,2026-03-27T12:05:45,success_bfo,55.625578,37.6063916,"Москва, Россия",city_or_region,success,
2632083929,2889438,"ООО ""МКАД""",1072632000572,ACTIVE,ЧЕЧЕНСКАЯ,ГУДЕРМЕССКИЙ,ГУДЕРМЕС,,"366208, ЧЕЧЕНСКАЯ, ГУДЕРМЕССКИЙ, ГУДЕРМЕС, АХМАТ-ХАДЖИ КАДЫРОВА, 38, 13/1",Малое предприятие,41.2,41.2 Строительство жилых и нежилых зданий,,2025,2886055.0,335477.0,326709.0,333370.0,249714.0,0.0,0.0,333370.0,56307153,0,2026-03-30T16:03:20,success_bfo,43.3530186,46.1049578,"Гудермес, Чечня, Россия",city_or_region,success,
7723596596,3029634,"ООО ""СТЭЛС-СК""",1067761568269,ACTIVE,МОСКВА,,,,"105118, МОСКВА, ЭНТУЗИАСТОВ, 34, 23/3",Малое предприятие,41.2,41.20 Строительство жилых и нежилых зданий,41.20,2025,1382769.0,505382.0,336366.0,330290.0,246783.0,3.0,0.0,330287.0,56040398,0,2026-03-30T09:23:11,success_bfo,55.7558154,37.7274467,"шоссе Энтузиастов, 23 с34, Москва, Москва, Россия",address,success,
6234132853,8596662,"ООО ""СТРОЙКОМПЛЕКТСЕРВИС""",1146234007952,ACTIVE,РЯЗАНСКАЯ,,РЯЗАНЬ,,"390013, РЯЗАНСКАЯ, РЯЗАНЬ, ШОССЕЙНЫЙ, 3",Среднее предприятие,41.2,41.20 Строительство жилых и нежилых зданий,,2025,4966128.0,1518008.0,364970.0,326375.0,244243.0,4419.0,28425.0,350381.0,55978047,0,2026-03-29T23:14:42,success_bfo,54.6301521,39.6985374,"Шоссейный переулок, 5 с3, Рязань, Рязанская область, Россия",address,success,
5404041266,9874526,"ООО ""ФОРТУНА +""",1165476146076,ACTIVE,НОВОСИБИРСКАЯ,,НОВОСИБИРСК,,"630054, НОВОСИБИРСКАЯ, НОВОСИБИРСК, КОСТЫЧЕВА, 5, 1",Малое предприятие,41.2,41.20 Строительство жилых и нежилых зданий,42.21,2025,684670.0,395207.0,327460.0,327913.0,243475.0,3006.0,4666.0,329573.0,56226390,0,2026-03-30T14:24:50,success_bfo,54.9806334,82.8766326,"улица Костычева, 5, Новосибирск, Новосибирская область, Россия",address,success,
2464134287,10099243,"ООО ""СТРОЙАКТИВ""",1172468008294,ACTIVE,КРАСНОЯРСКИЙ,,КРАСНОЯРСК,,"660012, КРАСНОЯРСКИЙ, КРАСНОЯРСК, КАРАМЗИНА, 28А, 302",Малое предприятие,41.2,41.20 Строительство жилых и нежилых зданий,41.20,2025,242294.0,222159.0,214700.0,252339.0,242767.0,29839.0,,222500.0,54396398,0,2026-03-17T11:15:41,success_bfo,55.9889922,92.8486963,"улица Карамзина, 28А, Красноярск, Красноярский край, Россия",address,success,
6453091656,2642216,"ООО СЗ ""ШЭЛДОМ""",1076453001349,ACTIVE,САРАТОВСКАЯ,,САРАТОВ,,"410040, САРАТОВСКАЯ, САРАТОВ, ДЕЛОВОЙ, 9, 1",Малое предприятие,41.2,41.2 Строительство жилых и нежилых зданий,41.2,2025,358660.0,250418.0,231858.0,321308.0,240976.0,105986.0,,215322.0,55148928,0,2026-03-24T14:34:48,success_bfo,51.5694608,45.9890755,"Деловой тупик, Саратов, Саратовская область, Россия",address,success,
7604248060,8029909,"ООО ""ЯСУ""",1137604013172,ACTIVE,ЯРОСЛАВСКАЯ,,ЯРОСЛАВЛЬ,,"150001, ЯРОСЛАВСКАЯ, ЯРОСЛАВЛЬ, НАУМОВА, 67/2, 28",Малое предприятие,41.2,41.20 Строительство жилых и нежилых зданий,41.20,2025,2082397.0,585224.0,436178.0,321489.0,240628.0,39874.0,,281615.0,55939318,0,2026-03-29T16:43:34,success_bfo,57.607367,39.863989,"Лирика красоты, улица Наумова, 67, Ярославль, Ярославская область, Россия",address,success,
7706424276,9339230,"ООО ""АЭРОДОРСТРОЙ""",1157746692982,ACTIVE,МОСКВА,,,,"119180, МОСКВА, БОЛЬШАЯ ПОЛЯНКА, 51А/9, 8, ПОМ 1. К 1, ОФ 5",Среднее предприятие,41.2,41.20 Строительство жилых и нежилых зданий,42.11,2025,981664.0,332340.0,282858.0,322706.0,239188.0,107022.0,58685.0,274369.0,57764112,1,2026-06-19T14:26:45,success_bfo,55.625578,37.6063916,"Москва, Россия",city_or_region,success,
7709759231,6646027,"ООО ""СР.ДЕВЕЛОПМЕНТ""",1077760706429,ACTIVE,МОСКВА,,,,"105120, МОСКВА, НИЖНЯЯ СЫРОМЯТНИЧЕСКАЯ, 10, 2, I СЕДЬМОЙ ЭТАЖ",Малое предприятие,41.2,41.2 Строительство жилых и нежилых зданий,71.12.1,2025,1352293.0,484527.0,287167.0,305495.0,226308.0,78492.0,1985.0,228988.0,57800803,2,2026-06-30T11:25:58,success_bfo,55.625578,37.6063916,"Москва, Россия",city_or_region,success,
7805562238,2370060,"ООО ""СК РАКУРС""",1117847357418,ACTIVE,САНКТ-ПЕТЕРБУРГ,,,,"192236, САНКТ-ПЕТЕРБУРГ, БЕЛЫ КУНА, 30, А, 25Н",Малое предприятие,41.2,41.2 Строительство жилых и нежилых зданий,41.2,2025,2495415.0,424478.0,305199.0,304612.0,226008.0,2453.0,,302159.0,57658167,1,2026-05-04T10:53:38,success_bfo,59.9606739,30.1586551,"Санкт-Петербург, Россия",city_or_region,success,
7722387769,10063349,"ООО ""МЕКОНСПРО""",1177746013961,ACTIVE,МОСКВА,,,,"109518, МОСКВА, 1-Й ГРАЙВОРОНОВСКИЙ, 20, 36, 4 ОФИС 413",Малое предприятие,41.2,41.20 Строительство жилых и нежилых зданий,41.20,2025,565820.0,211795.0,195513.0,301228.0,225948.0,101493.0,0.0,199735.0,57848418,1,2026-07-30T19:35:34,success_bfo,55.625578,37.6063916,"Москва, Россия",city_or_region,success,
6318240140,8404628,"ООО РСК ""АРМАДА""",1146318001466,ACTIVE,САМАРСКАЯ,,САМАРА,,"443070, САМАРСКАЯ, САМАРА, ВЕРХНЕ-КАРЬЕРНАЯ, 6, 28",Малое предприятие,41.2,41.20 Строительство жилых и нежилых зданий,41.20,2025,973302.0,,,,222286.0,,,,57670846,0,2026-05-07T13:06:34,success_bfo,53.1814717,50.1764074,"Верхне-Карьерная улица, 3А к6, Самара, Самарская область, Россия",address,success,
2310101500,1233754,"ООО ""ЮГСТРОЙСЕРВИС""",1052305701788,ACTIVE,КРАСНОДАРСКИЙ,,Краснодар,,"350020, КРАСНОДАРСКИЙ, Краснодар, КРАСНАЯ, 180А, 206",Малое предприятие,41.2,41.2 Строительство жилых и нежилых зданий,41.2,2025,437434.0,,,,222058.0,,2978.0,,57772967,0,2026-06-24T16:28:09,success_bfo,45.0229637,38.9691053,"Краснодарский краевой театр кукол, Красная улица, 31, Краснодар, Краснодарский край, Россия",address,success,
2129040518,5262925,"ООО ""СЗ ""СМУ-58""",1022101273006,ACTIVE,ЧУВАШСКАЯ РЕСПУБЛИКА -,,ЧЕБОКСАРЫ,,"428034, ЧУВАШСКАЯ РЕСПУБЛИКА -, ЧЕБОКСАРЫ, МОСКОВСКИЙ, 17, 1, 2",Малое предприятие,41.2,41.20 Строительство жилых и нежилых зданий,71.12.2,2025,254856.0,203268.0,198793.0,237520.0,220961.0,30839.0,,206681.0,57662119,2,2026-05-05T10:54:54,success_bfo,56.0984586,47.268959,"Чувашская республиканская детско-юношеская библиотека, улица Ленинского Комсомола, Чебоксары, Чувашия, Россия",city_or_region,success,
3662058103,3851219,"ООО СПЕЦИАЛИЗИРОВАННЫЙ ЗАСТРОЙЩИК ""СТЭЛ-ИНВЕСТ""",1033600035820,ACTIVE,ВОРОНЕЖСКАЯ,,ВОРОНЕЖ,,"394077, ВОРОНЕЖСКАЯ, ВОРОНЕЖ, МОСКОВСКИЙ, 109А, 1",Малое предприятие,41.2,41.20 Строительство жилых и нежилых зданий,41.20,2025,135511.0,45724.0,45724.0,297165.0,220797.0,20190.0,0.0,276975.0,54496190,0,2026-03-18T11:05:55,success_bfo,51.7122209,39.1791603,"Московский проспект, 109А, Воронеж, Воронежская область, Россия",address,success,
7720698889,4129519,"ООО ""ЭКОТЭС""",1107746859417,ACTIVE,МОСКВА,,,,"117587, МОСКВА, ВАРШАВСКОЕ, 118, 1, 1/5",Малое предприятие,41.2,41.20 Строительство жилых и нежилых зданий,41.20,2025,1326505.0,370960.0,303376.0,285379.0,212596.0,7998.0,16114.0,293495.0,55542234,0,2026-03-26T13:45:39,success_bfo,55.6315717,37.6180684,"Бизнес-центр ""Варшавка Sky"", Варшавское шоссе, 118 к1, Москва, Москва, Россия",address,success,
0326514530,8077288,"ООО СЗ ""СМИТИНВЕСТ""",1130327009559,ACTIVE,БУРЯТИЯ,,УЛАН-УДЭ,,"670034, БУРЯТИЯ, УЛАН-УДЭ, ХАХАЛОВА, 2А",Малое предприятие,41.2,41.2 Строительство жилых и нежилых зданий,71.12.2,2025,109191.0,-1839.0,-1839.0,250818.0,209458.0,37022.0,0.0,213796.0,56579229,0,2026-03-31T07:53:02,success_bfo,51.8326028,107.5994331,"улица Хахалова, 2А, Улан-Удэ, Бурятия, Россия",address,success,
7723788971,2877828,"ООО ""САВ-СТРОЙ""",1117746125342,ACTIVE,МОСКВА,,,,"125167, МОСКВА, ЛЕНИНГРАДСКИЙ, 45, 2, I/3/ПОДВАЛ",Малое предприятие,41.2,41.20 Строительство жилых и нежилых зданий,81.30,2025,1345008.0,294629.0,273523.0,250038.0,206288.0,0.0,0.0,250038.0,54021614,0,2026-03-10T11:23:17,success_bfo,55.625578,37.6063916,"Москва, Россия",city_or_region,success,
7714957479,9986003,"ООО ""СТРОИТЕЛЬНЫЙ ТРЕСТ-12""",5167746308703,ACTIVE,МОСКОВСКАЯ,,ЖУКОВСКИЙ,,"140184, МОСКОВСКАЯ, ЖУКОВСКИЙ, МИЧУРИНА, 9, 1",Среднее предприятие,41.2,41.20 Строительство жилых и нежилых зданий,,2025,8523566.0,1440955.0,370200.0,280772.0,204622.0,39822.0,38715.0,279665.0,57534680,1,2026-04-07T09:46:05,success_bfo,55.6076459,38.1067554,"Жуковский деловой вестник, улица Мичурина, 2/9, Жуковский, Московская область, Россия",address,success,
2310140354,3130158,"ООО СК ""ЕКАТЕРИНОДАР-СИТИ""",1092310003389,ACTIVE,КРАСНОДАРСКИЙ,,КРАСНОДАР,,"350072, КРАСНОДАРСКИЙ, КРАСНОДАР, ИМ. 40-ЛЕТИЯ ПОБЕДЫ, 33Г, 1151190",Малое предприятие,41.2,41.20 Строительство жилых и нежилых зданий,68.10,2025,,,,,203391.0,,,,57531987,1,2026-04-06T18:56:08,success_bfo,45.0553775,39.0066001,"улица 40 лет Победы, Краснодар, Краснодарский край, Россия",address,success,
5638050428,6399768,"ООО ""УИК""",1075658000384,ACTIVE,ОРЕНБУРГСКАЯ,ОРЕНБУРГСКИЙ,,БЛАГОСЛОВЕНКА,"460525, ОРЕНБУРГСКАЯ, ОРЕНБУРГСКИЙ, БЛАГОСЛОВЕНКА, КООПЕРАТИВНАЯ, 43",Среднее предприятие,41.2,41.20 Строительство жилых и нежилых зданий,,2025,1766414.0,151163.0,117381.0,271691.0,203152.0,162494.0,0.0,109197.0,56859382,0,2026-03-31T14:16:52,success_bfo,51.7144111,55.3198137,"Кооперативная улица, Благословенка, Оренбургская область, Россия",address,success,
7801421194,2822203,"ООО ""СЕЛЕНА МОНТАЖ""",5067847503686,ACTIVE,САНКТ-ПЕТЕРБУРГ,,,,"199178, САНКТ-ПЕТЕРБУРГ, 18-Я В.О., 29, И, 1-Н Ч.КОМ. 399, КОМН. 401-410",Среднее предприятие,41.2,41.20 Строительство жилых и нежилых зданий,,2025,3699058.0,438979.0,313257.0,269363.0,199638.0,14666.0,11076.0,265773.0,57087227,0,2026-03-31T17:21:51,success_bfo,59.9606739,30.1586551,"Санкт-Петербург, Россия",city_or_region,success,
5614014188,7167598,"ООО ""УЦМР""",1025601934797,ACTIVE,ОРЕНБУРГСКАЯ,,ОРСК,,"462401, ОРЕНБУРГСКАЯ, ОРСК, СТРОИТЕЛЕЙ, 35А",Среднее предприятие,41.2,41.20 Строительство жилых и нежилых зданий,25.11,2025,1513712.0,289315.0,247567.0,260842.0,194171.0,37489.0,0.0,223353.0,54156264,0,2026-03-12T13:08:12,success_bfo,51.2282749,58.5276682,"Орск 462401, улица Докучаева, 17, Орск, Оренбургская область, Россия",address,success,
8904070510,7522797,"ООО СЗ ""АНТАРЕС""",1128904008970,ACTIVE,ЯМАЛО-НЕНЕЦКИЙ,,НОВЫЙ УРЕНГОЙ,,"629305, ЯМАЛО-НЕНЕЦКИЙ, НОВЫЙ УРЕНГОЙ, АРКТИЧЕСКАЯ, 4, 1",Малое предприятие,41.2,41.2 Строительство жилых и нежилых зданий,41.2,2025,140184.0,33851.0,-7243.0,276838.0,192420.0,20254.0,1477.0,258061.0,56911574,0,2026-03-31T14:49:54,success_bfo,66.0827223,76.6340088,"Арктическая улица, 4, Новый Уренгой, Ямало-Ненецкий автономный округ, Россия",address,success,
7106047347,9784713,"ООО ""СТРОЙЭТАЛОН ФИНАНС""",1167154065275,ACTIVE,ТУЛЬСКАЯ,,ТУЛА,,"300001, ТУЛЬСКАЯ, ТУЛА, К.МАРКСА, 5, 107А",Малое предприятие,41.2,41.20 Строительство жилых и нежилых зданий,41.20,2025,1133769.0,368650.0,240116.0,256807.0,192414.0,30666.0,2200.0,228341.0,56388716,0,2026-03-30T17:59:10,success_bfo,54.1974604,37.6350741,"Улица К. Маркса, улица Карла Маркса, Тула, Тульская область, Россия",address,success,
2466257083,7618931,"ООО ""СТРОЙМОНТАЖ""",1122468067446,ACTIVE,КРАСНОЯРСКИЙ,,КРАСНОЯРСК,,"660017, КРАСНОЯРСКИЙ, КРАСНОЯРСК, МИРА, 94, ОФИС 3-05",Малое предприятие,41.2,41.20 Строительство жилых и нежилых зданий,41.20,2025,1446693.0,221078.0,139638.0,237643.0,189622.0,2377.0,92.0,235358.0,55528085,0,2026-03-26T12:50:34,success_bfo,56.0091173,92.872586,"Красноярск, Красноярский край, Россия",city_or_region,success,
2460001399,5511258,"ООО ""АЛЬФА""",1022401798209,ACTIVE,КРАСНОЯРСКИЙ,,КРАСНОЯРСК,,"660048, КРАСНОЯРСКИЙ, КРАСНОЯРСК, КАЛИНИНА, 8, 244",Среднее предприятие,41.2,41.20 Строительство жилых и нежилых зданий,,2025,593450.0,311424.0,237961.0,252485.0,189041.0,37275.0,18.0,215228.0,56608315,0,2026-03-31T09:08:46,success_bfo,56.0344777,92.8216841,"улица Калинина, 8, Красноярск, Красноярский край, Россия",address,success,
7718904767,7469051,"ООО ""ТЕЛЕ-НОВА""",1127747024624,ACTIVE,МОСКВА,,,,"107061, МОСКВА, ПРЕОБРАЖЕНСКАЯ, 8, 43",Малое предприятие,41.2,41.2 Строительство жилых и нежилых зданий,46.52,2025,1453716.0,408836.0,237340.0,253290.0,188985.0,1804.0,15360.0,266846.0,56395045,0,2026-03-30T18:07:57,success_bfo,55.7905511,37.7126986,"Преображенская межрайонная прокуратура г. Москвы, улица Девятая Рота, 8 к2, Москва, Москва, Россия",address,success,
5401345428,4613393,"ООО СК ""ВИРА-СТРОЙ""",1115476030780,ACTIVE,НОВОСИБИРСКАЯ,,НОВОСИБИРСК,,"630004, НОВОСИБИРСКАЯ, НОВОСИБИРСК, ДИМИТРОВА, 4/1",Малое предприятие,41.2,41.2 Строительство жилых и нежилых зданий,41.2,2025,134238.0,15927.0,9809.0,203769.0,185721.0,685.0,,203084.0,56568684,0,2026-03-31T07:14:23,success_bfo,55.0306642,82.909687,"проспект Димитрова, 4, Новосибирск, Новосибирская область, Россия",address,success,
7702536109,2750990,"ООО ""СЕВ. Р. ДЕВЕЛОПМЕНТ""",1047796639043,ACTIVE,МОСКВА,,,,"105120, МОСКВА, НИЖНЯЯ СЫРОМЯТНИЧЕСКАЯ, 10, 2, I СЕДЬМОЙ ЭТАЖ",Среднее предприятие,41.2,41.20 Строительство жилых и нежилых зданий,,2025,2268670.0,419573.0,215956.0,248824.0,185061.0,52348.0,6005.0,202481.0,57857152,1,2026-08-05T15:04:57,success_bfo,55.625578,37.6063916,"Москва, Россия",city_or_region,success,
6673210179,4100131,"ООО ""ЭНЕРГОКОМПЛЕКС""",1096673015020,ACTIVE,СВЕРДЛОВСКАЯ,,ЕКАТЕРИНБУРГ,,"620026, СВЕРДЛОВСКАЯ, ЕКАТЕРИНБУРГ, ТВЕРИТИНА, 34, 8",Среднее предприятие,41.2,41.2 Строительство жилых и нежилых зданий,,2025,2721223.0,337005.0,214257.0,238776.0,177752.0,17543.0,1164.0,222397.0,57711409,1,2026-05-25T14:15:03,success_bfo,56.8238639,60.6251405,"улица Тверитина, 34 с8, Екатеринбург, Свердловская область, Россия",address,success,
7702406981,9940147,"ООО ""ТЭМП""",5167746072401,ACTIVE,МОСКВА,,,,"123298, МОСКВА, НАРОДНОГО ОПОЛЧЕНИЯ, 40, 2, 2Н",Малое предприятие,41.2,41.20 Строительство жилых и нежилых зданий,46.69.9,2025,959102.0,241929.0,208098.0,235557.0,176659.0,9485.0,,226072.0,56348165,0,2026-03-30T16:59:15,success_bfo,55.7955096,37.5007116,"улица Народного Ополчения, 52 к2, Москва, Москва, Россия",address,success,
2465012193,5515221,"ООО СЗ ПСК ""ОМЕГА""",1022402466019,ACTIVE,КРАСНОЯРСКИЙ,,КРАСНОЯРСК,,"660062, КРАСНОЯРСКИЙ, КРАСНОЯРСК, ВЫСОТНАЯ, 2Ц, 148",Малое предприятие,41.2,41.20 Строительство жилых и нежилых зданий,71.12.2,2025,1227015.0,333902.0,270653.0,235115.0,175486.0,1420.0,6767.0,240462.0,57666701,2,2026-05-06T12:28:55,success_bfo,56.0234133,92.7843517,"Администрация Октябрьского района г. Красноярска, Высотная улица, 15, Красноярск, Красноярский край, Россия",address,success,
7825483746,7047060,"ООО ""ЦЕНТР-ИНВЕСТ-СТРОЙ""",1027809184798,ACTIVE,САНКТ-ПЕТЕРБУРГ,,,,"191024, САНКТ-ПЕТЕРБУРГ, НЕВСКИЙ, 117, ЛИТЕР Б, ПОМЕЩЕНИЕ 6-Н 7-Н",Малое предприятие,41.2,41.20 Строительство жилых и нежилых зданий,,2025,1131530.0,149076.0,52581.0,263718.0,175238.0,93212.0,15035.0,185541.0,56744759,0,2026-03-31T12:14:14,success_bfo,59.9606739,30.1586551,"Санкт-Петербург, Россия",city_or_region,success,
6154141958,9536880,"ООО СЗ ""МОНТАЖЖИЛСТРОЙ-Т""",1156196073560,ACTIVE,РОСТОВСКАЯ,,ТАГАНРОГ,,"347904, РОСТОВСКАЯ, ТАГАНРОГ, ОКТЯБРЬСКАЯ, 38, Б, 7,8",Малое предприятие,41.2,41.20 Строительство жилых и нежилых зданий,41.20,2025,290551.0,205020.0,192540.0,190370.0,173357.0,811.0,,189559.0,56238678,0,2026-03-30T14:34:40,success_bfo,47.2212613,38.9104834,"Октябрьская улица, 38Б, Таганрог, Ростовская область, Россия",address,success,
4909071905,5947254,"ООО ""ТЕПЛОМОНТАЖ""",1024900964461,ACTIVE,МАГАДАНСКАЯ,,МАГАДАН,,"685007, МАГАДАНСКАЯ, МАГАДАН, ШАНДОРА ШИМИЧА, 3, 2, 1",Малое предприятие,41.2,41.2 Строительство жилых и нежилых зданий,41.2,2025,559813.0,,,,168850.0,,3537.0,,55622288,0,2026-03-27T00:32:52,success_bfo,59.5757004,150.8058489,"улица Шандора Шимича, 3 к2, Магадан, Магаданская область, Россия",address,success,
3802013497,7461121,"ООО ""СИБСТРОЙСЕРВИС""",1123802000475,ACTIVE,ИРКУТСКАЯ,,БОДАЙБО,,"666904, ИРКУТСКАЯ, БОДАЙБО, МК-135, 65/1А",Малое предприятие,41.2,41.20 Строительство жилых и нежилых зданий,41.20,2025,337902.0,,,,168792.0,,,,56554125,0,2026-03-31T05:40:50,success_bfo,57.8499525,114.2039967,"Бодайбо, Иркутская область, Россия",city_or_region,success,
5256137268,9143028,"ООО ""ГАСК-НН""",1155256003132,ACTIVE,НИЖЕГОРОДСКАЯ,,НИЖНИЙ НОВГОРОД,,"603123, НИЖЕГОРОДСКАЯ, НИЖНИЙ НОВГОРОД, ЮЖНЫЙ, 22А, УСЛ. №П1",Малое предприятие,41.2,41.20 Строительство жилых и нежилых зданий,41.20,2025,39364.0,7786.0,-39203.0,224370.0,167962.0,46533.0,815.0,178652.0,57188158,0,2026-03-31T18:52:03,success_bfo,56.3264816,44.0051395,"Нижний Новгород, Нижегородская область, Россия",city_or_region,success,
3250532719,7387241,"ООО ""СЗ ГРАДОСТРОИТЕЛЬ""",1123256015068,ACTIVE,БРЯНСКАЯ,,БРЯНСК,,"241050, БРЯНСКАЯ, БРЯНСК, ДУКИ, 65, II ОФИС 3012",Малое предприятие,41.2,41.2 Строительство жилых и нежилых зданий,41.2,2025,541748.0,211326.0,204656.0,236793.0,165374.0,50482.0,12950.0,199261.0,56242682,0,2026-03-30T14:46:38,success_bfo,53.2423778,34.3668288,"Брянск, Брянская область, Россия",city_or_region,success,
7455024456,9552122,"ООО ""ЭЛЕКТРОСТРОЙСЕРВИС""",1157456025430,ACTIVE,ЧЕЛЯБИНСКАЯ,,МАГНИТОГОРСК,,"455034, ЧЕЛЯБИНСКАЯ, МАГНИТОГОРСК, 50-ЛЕТИЯ МАГНИТКИ, 59А, 3, 4",Малое предприятие,41.2,41.20 Строительство жилых и нежилых зданий,41.20,2025,1588896.0,278709.0,232337.0,213941.0,160000.0,12148.0,10962.0,212755.0,56980905,0,2026-03-31T16:04:24,success_bfo,53.3580588,58.9558362,"улица 50-летия Магнитки, 59А, Магнитогорск, Челябинская область, Россия",address,success,
4703179856,11460891,"ООО ""СЗ ""ЕВРОИНВЕСТ МУРИНО""",1204700021228,ACTIVE,ЛЕНИНГРАДСКАЯ,ВСЕВОЛОЖСКИЙ,МУРИНО,,"188677, ЛЕНИНГРАДСКАЯ, ВСЕВОЛОЖСКИЙ, МУРИНО, МЕНДЕЛЕЕВА, 8, 21-Н, РАБОЧЕЕ МЕСТО № 1",Малое предприятие,41.2,41.20 Строительство жилых и нежилых зданий,,2025,755240.0,212622.0,153162.0,213004.0,159189.0,34752.0,0.0,178252.0,57348317,0,2026-03-31T22:13:16,success_bfo,60.046193,30.4458901,"Мурино, Ленинградская область, Россия",city_or_region,success,
7536056600,1177892,"ООО СПЕЦИАЛИЗИРОВАННЫЙ ЗАСТРОЙЩИК ""РАДЧЕНКО""",1047550025995,ACTIVE,ЗАБАЙКАЛЬСКИЙ,,ЧИТА,,"672007, ЗАБАЙКАЛЬСКИЙ, ЧИТА, БАБУШКИНА, 108, 15",Малое предприятие,41.2,41.20 Строительство жилых и нежилых зданий,41.20,2025,653095.0,218905.0,218905.0,197519.0,155306.0,185.0,0.0,197334.0,56070993,0,2026-03-30T10:25:43,success_bfo,52.0455861,113.4846662,"улица Бабушкина, Чита, Забайкальский край, Россия",address,success,
7714468005,11492407,"ООО ""СУ-90""",1217700014201,ACTIVE,МОСКВА,,,,"119330, МОСКВА, МОСФИЛЬМОВСКАЯ, 17Б, 89",Малое предприятие,41.2,41.20 Строительство жилых и нежилых зданий,41.20,2025,8290111.0,348740.0,179855.0,214957.0,154882.0,,0.0,214957.0,56018701,0,2026-03-30T08:11:31,success_bfo,55.714739,37.5165308,"Мосфильмовская улица, 17Б, Москва, Москва, Россия",address,success,
1435128505,4985215,"ООО ""СТРОЙ-ИНДУСТРИЯ""",1021401063530,ACTIVE,САХА (ЯКУТИЯ),,ЯКУТСК,,"677014, САХА (ЯКУТИЯ), ЯКУТСК, АВИАТОРОВ, 15",Малое предприятие,41.2,41.20 Строительство жилых и нежилых зданий,41.20,2025,1027092.0,255938.0,183977.0,188214.0,154578.0,6348.0,1467.0,183333.0,55992204,0,2026-03-30T03:38:39,success_bfo,62.0979185,129.7507778,"улица Авиаторов, 15, Якутск, Республика Саха (Якутия), Россия",address,success,
2723198420,10512520,"ООО ""СОТ""",1182724000337,ACTIVE,САНКТ-ПЕТЕРБУРГ,,,,"196191, САНКТ-ПЕТЕРБУРГ, НОВОИЗМАЙЛОВСКИЙ, 20, 1 ЛИТЕР А, 77",Малое предприятие,41.2,41.20 Строительство жилых и нежилых зданий,41.20,2025,644543.0,,,,153131.0,,4685.0,,57001333,0,2026-03-31T16:17:15,success_bfo,59.9606739,30.1586551,"Санкт-Петербург, Россия",city_or_region,success,
7204119039,5506854,"ООО ""ТЮМЕНЬБУРСТРОЙ""",1077203064465,ACTIVE,ТЮМЕНСКАЯ,,ТЮМЕНЬ,,"625056, ТЮМЕНСКАЯ, ТЮМЕНЬ, ТРУБНАЯ, 32А",Малое предприятие,41.2,41.20 Строительство жилых и нежилых зданий,41.20,2025,625884.0,275397.0,223101.0,196567.0,149787.0,0.0,0.0,196567.0,54437793,0,2026-03-17T08:28:35,success_bfo,57.1893827,65.4614286,"Трубная улица, 32А, Тюмень, Тюменская область, Россия",address,success,
5032247049,2203984,"ООО ""ТЕХНОЛОГИЯ""",1125032000224,ACTIVE,МОСКОВСКАЯ,ОДИНЦОВО,,,"143002, МОСКОВСКАЯ, ОДИНЦОВО, МОЖАЙСКОЕ, 8, Б19, 3",Малое предприятие,41.2,41.20 Строительство жилых и нежилых зданий,41.20,2025,520109.0,,,,148455.0,,,,57404824,0,2026-03-31T23:50:59,success_bfo,55.6699728,37.2709431,"Можайское шоссе, 8, Одинцово, Московская область, Россия",address,success,
7455013408,7994839,"ООО ""УРАЛПРОФСТРОЙ""",1137455002740,ACTIVE,ЧЕЛЯБИНСКАЯ,,МАГНИТОГОРСК,,"455006, ЧЕЛЯБИНСКАЯ, МАГНИТОГОРСК, ЛЮБИМАЯ, 20",Среднее предприятие,41.2,41.20 Строительство жилых и нежилых зданий,,2025,1493294.0,300461.0,204281.0,198756.0,146593.0,10452.0,1487.0,189791.0,56704678,0,2026-03-31T11:07:30,success_bfo,53.3349229,58.9783916,"Любимая улица, 20, Магнитогорск, Челябинская область, Россия",address,success,
5001117650,10503323,"ООО ""ЦЕНТР ГАЗ""",1175053020086,ACTIVE,МОСКОВСКАЯ,,БАЛАШИХА,,"143909, МОСКОВСКАЯ, БАЛАШИХА, СОЛНЕЧНАЯ, 6А, 1/С",Малое предприятие,41.2,41.20 Строительство жилых и нежилых зданий,42.21,2025,2007865.0,342811.0,202745.0,193150.0,144862.0,3726.0,2274.0,191698.0,57646551,1,2026-04-29T15:29:25,success_bfo,55.8224324,37.9560208,"Солнечная улица, 6А, Балашиха, Московская область, Россия",address,success,
3906151325,6120830,"ЗАО ""МОНТАЖ-ОКНО""",1063906071635,ACTIVE,КАЛИНИНГРАДСКАЯ,,КАЛИНИНГРАД,,"236003, КАЛИНИНГРАДСКАЯ, КАЛИНИНГРАД, ЯЛТИНСКАЯ, 44, ЛИТ.А ЛИТ.II А",Малое предприятие,41.2,41.2 Строительство жилых и нежилых зданий,41.2,2025,259037.0,,,,144835.0,,519.0,,55824188,0,2026-03-27T18:48:44,success_bfo,54.710128,20.5105838,"Калининград, Калининградская область, Россия",city_or_region,success,
8901020705,4590665,"ООО ""УТС""",1088901000077,ACTIVE,ЯМАЛО-НЕНЕЦКИЙ,,САЛЕХАРД,,"629003, ЯМАЛО-НЕНЕЦКИЙ, САЛЕХАРД, АВИАЦИОННАЯ, 33, 1",Малое предприятие,41.2,41.20 Строительство жилых и нежилых зданий,41.20,2025,263798.0,,,,143873.0,,,,54582774,0,2026-03-19T07:19:04,success_bfo,66.5970689,66.5758724,"Авиационная улица, 33, Салехард, Ямало-Ненецкий автономный округ, Россия",address,success,
7203201298,719043,"ООО ""ТСП""",1077203047635,ACTIVE,ТЮМЕНСКАЯ,,Тюмень,,"625047, ТЮМЕНСКАЯ, Тюмень, ВЫСОТНАЯ, 1, 1, 301,307",Малое предприятие,41.2,41.2 Строительство жилых и нежилых зданий,68.20,2025,350895.0,240659.0,234339.0,195273.0,142930.0,16377.0,16541.0,195437.0,55576566,0,2026-03-26T15:57:36,success_bfo,57.0958285,65.1625961,"Скания, Р351 300 километр, 2 ​Екатеринбург-Тюмень 301 км, 1 с1, Тюменская область, Россия",address,success,
3663033415,6828928,"ООО ТСП ""ВОРОНЕЖ СТРОЙ КОМПЛЕКС""",1023601569331,ACTIVE,ВОРОНЕЖСКАЯ,НОВОУСМАНСКИЙ,,НОВАЯ УСМАНЬ,"396310, ВОРОНЕЖСКАЯ, НОВОУСМАНСКИЙ, НОВАЯ УСМАНЬ, ЛЕНИНА, 275, 15",Среднее предприятие,41.2,41.20 Строительство жилых и нежилых зданий,,2025,2844177.0,426373.0,285683.0,265550.0,140815.0,637.0,13717.0,278630.0,57786066,1,2026-07-02T15:58:20,success_bfo,51.6145893,39.389748,"Администрация Усманского 2-го сельского поселения Новоусманского муниципального района Воронежской области, улица Ленина, 60В, Новая Усмань, Воронежская область, Россия",address,success,
7722732736,3762924,"ООО ""СФЕРА""",1107746953830,ACTIVE,МОСКВА,,,,"123290, МОСКВА, 1-Й МАГИСТРАЛЬНЫЙ, 11СТР1, I, КОМ.14Л",Малое предприятие,41.2,41.20 Строительство жилых и нежилых зданий,,2025,1929537.0,116154.0,62227.0,101228.0,139641.0,13016.0,496.0,88708.0,57454314,0,2026-03-31T22:05:00,success_bfo,55.625578,37.6063916,"Москва, Россия",city_or_region,success,
2632104953,9787373,"ООО ""ЮГСТРОЙ""",1162651063475,ACTIVE,СТАВРОПОЛЬСКИЙ,,ПЯТИГОРСК,,"357528, СТАВРОПОЛЬСКИЙ, ПЯТИГОРСК, ЕРМОЛОВА, 20О, 1",Среднее предприятие,41.2,41.20 Строительство жилых и нежилых зданий,,2025,1893621.0,248513.0,156451.0,186809.0,139073.0,15479.0,0.0,171330.0,57504364,1,2026-04-02T13:47:15,success_bfo,44.047629,43.0184311,"улица Ермолова, 20О, Пятигорск, Ставропольский край, Россия",address,success,
2129005369,5260273,"АО ""СЗ ""ТУС""",1022101137398,ACTIVE,ЧУВАШСКАЯ РЕСПУБЛИКА -,,ЧЕБОКСАРЫ,,"428034, ЧУВАШСКАЯ РЕСПУБЛИКА -, ЧЕБОКСАРЫ, МИЧМАНА ПАВЛОВА, 39, 7",Среднее предприятие,41.2,41.20 Строительство жилых и нежилых зданий,23.32,2025,1767005.0,463718.0,187817.0,185101.0,138826.0,,14828.0,199929.0,57617295,1,2026-04-23T17:17:41,success_bfo,56.0984586,47.268959,"Чувашская республиканская детско-юношеская библиотека, улица Ленинского Комсомола, Чебоксары, Чувашия, Россия",city_or_region,success,
5027210212,8457521,"ООО ""ТРОЙКА КОНСТРАКШН""",1145027010072,ACTIVE,МОСКОВСКАЯ,ИСТРА,,СЕВЕРНЫЙ,"143500, МОСКОВСКАЯ, ИСТРА, СЕВЕРНЫЙ, ШОССЕЙНАЯ, 14А, 2/1",Среднее предприятие,41.2,41.20 Строительство жилых и нежилых зданий,,2025,3462634.0,243194.0,222307.0,191555.0,138711.0,154.0,4.0,191405.0,57834442,1,2026-07-28T17:48:43,success_bfo,55.9438467,36.8387548,"Шоссейная улица, 14А, Северный, Московская область, Россия",address,success,
1655284186,8293052,"ООО СМП ""ПОРТАЛ""",1141690002211,ACTIVE,ТАТАРСТАН,,КАЗАНЬ,,"420087, ТАТАРСТАН, КАЗАНЬ, АДЕЛЯ КУТУЯ, 157, 1",Малое предприятие,41.2,41.20 Строительство жилых и нежилых зданий,,2025,5169776.0,396345.0,172459.0,185372.0,137925.0,61047.0,43401.0,167726.0,56750167,0,2026-03-31T12:20:18,success_bfo,55.7727748,49.1894634,"улица Аделя Кутуя, 157, Казань, Татарстан, Россия",address,success,
7727337232,10508662,"ООО ""СТРОЙЭНЕРГОМОНТАЖ""",1187746015093,ACTIVE,МОСКВА,,,,"117036, МОСКВА, ШВЕРНИКА, 4, 2, I КОМНАТА 4 ЭТАЖ 11",Малое предприятие,41.2,41.20 Строительство жилых и нежилых зданий,43.21,2025,252849.0,,,,136595.0,,,,54535974,0,2026-03-18T14:50:49,success_bfo,55.625578,37.6063916,"Москва, Россия",city_or_region,success,
6165197180,9502326,"ООО СЗ ""ДОНСТРОЙ""",1156196068940,ACTIVE,РОСТОВСКАЯ,,РОСТОВ-НА-ДОНУ,,"344012, РОСТОВСКАЯ, РОСТОВ-НА-ДОНУ, БУДЕННОВСКИЙ, 120/1, 107",Малое предприятие,41.2,41.20 Строительство жилых и нежилых зданий,41.20,2025,990921.0,183434.0,183434.0,147950.0,135501.0,0.0,,147950.0,57640880,1,2026-04-28T16:11:39,success_bfo,47.2431057,39.7019207,"Будённовский проспект, 120/1, Ростов-на-Дону, Ростовская область, Россия",address,success,
1515920378,3491020,"ООО СЗ ""СТК-59+""",1091515001731,ACTIVE,СЕВЕРНАЯ ОСЕТИЯ - АЛАНИЯ,,ВЛАДИКАВКАЗ,,"362041, СЕВЕРНАЯ ОСЕТИЯ - АЛАНИЯ, ВЛАДИКАВКАЗ, ВЕСЕННЯЯ, 21А, 8",Малое предприятие,41.2,41.20 Строительство жилых и нежилых зданий,41.20,2025,573042.0,138271.0,136731.0,136319.0,133793.0,,,136319.0,55880673,0,2026-03-28T19:32:09,success_bfo,43.0492558,44.6200567,"Весенняя улица, 40, улица Гагкаева, Владикавказ, Северная Осетия — Алания, Россия",address,success,
7448163642,8119411,"ООО ""СТРОЙКРАФТ""",1137448010215,ACTIVE,ЧЕЛЯБИНСКАЯ,,ЧЕЛЯБИНСК,,"454091, ЧЕЛЯБИНСКАЯ, ЧЕЛЯБИНСК, СВОБОДЫ, 185",Малое предприятие,41.2,41.20 Строительство жилых и нежилых зданий,41.20,2025,326288.0,131024.0,131024.0,131160.0,129316.0,2104.0,0.0,129056.0,55631605,0,2026-03-27T07:06:38,success_bfo,55.1647104,61.4102783,"Следственное управление Следственного комитета Российской Федерации по Челябинской области, улица Свободы, 40, Челябинск, Челябинская область, Россия",address,success,
1659143147,8393725,"ООО СПЕЦИАЛИЗИРОВАННЫЙ ЗАСТРОЙЩИК ""СК ""УНИСТРОЙДОМ""",1141690014234,ACTIVE,ТАТАРСТАН,,КАЗАНЬ,,"420133, ТАТАРСТАН, КАЗАНЬ, ГАВРИЛОВА, 1, 15Л",Среднее предприятие,41.2,41.20 Строительство жилых и нежилых зданий,68.10.21,2025,1167518.0,594517.0,354098.0,182345.0,128339.0,6222.0,38142.0,214265.0,55006282,0,2026-03-23T17:03:17,success_bfo,55.8273851,49.1583556,"Баромед, улица Гаврилова, 1, Казань, Татарстан, Россия",address,success,
1425001669,4999525,"ПК ""МОНТАЖНИК""",1021400850096,ACTIVE,САХА (ЯКУТИЯ),ТАТТИНСКИЙ,,ЫТЫК-КЮЕЛЬ,"678650, САХА (ЯКУТИЯ), ТАТТИНСКИЙ, ЫТЫК-КЮЕЛЬ, ЮБИЛЕЙНАЯ, 9",Малое предприятие,41.2,41.2 Строительство жилых и нежилых зданий,,2025,1768120.0,335862.0,147993.0,170265.0,124792.0,1118.0,10913.0,180060.0,54061808,0,2026-03-11T04:10:10,success_bfo,62.3411829,133.5368088,"Саханефтегазсбыт, Ытык-Кюель-Туора-Кюель-Дэбдиргэ, Туора-Кюёль, Республика Саха (Якутия), Россия",address,success,
0107027037,8624751,"ООО ""ФОРВАРД""",1140107001275,ACTIVE,АДЫГЕЯ,ТАХТАМУКАЙСКИЙ,,ТАХТАМУКАЙ,"385140, АДЫГЕЯ, ТАХТАМУКАЙСКИЙ, ТАХТАМУКАЙ, МОРСКАЯ, 4/1",Малое предприятие,41.2,41.20 Строительство жилых и нежилых зданий,41.20,2025,734343.0,147178.0,125800.0,143976.0,123421.0,0.0,489.0,144465.0,56718553,0,2026-03-31T12:05:18,success_bfo,44.9769341,38.9561482,"Морская улица, 4/1, Яблоновский, Адыгея, Россия",address,success,
1215214967,10031754,"ООО ""ТРЕЙДИНВЕСТ""",1161215063492,ACTIVE,МАРИЙ ЭЛ,,ЙОШКАР-ОЛА,,"424003, МАРИЙ ЭЛ, ЙОШКАР-ОЛА, БАУМАНА, 16, 9",Малое предприятие,41.2,41.20 Строительство жилых и нежилых зданий,41.20,2025,147181.0,102211.0,92098.0,131276.0,123310.0,40753.0,1290.0,91813.0,54961472,0,2026-03-23T14:57:29,success_bfo,56.6409009,47.8439489,"Билайн, улица Баумана, 16, Йошкар-Ола, Марий Эл, Россия",address,success,
7448100515,1291853,"ООО ""СТРОЙКАПИТАЛ""",1087448000859,ACTIVE,ЧЕЛЯБИНСКАЯ,,ЧЕЛЯБИНСК,,"454106, ЧЕЛЯБИНСКАЯ, ЧЕЛЯБИНСК, ЧАЙКОВСКОГО, 15, 326",Малое предприятие,41.2,41.20 Строительство жилых и нежилых зданий,43.29,2025,299476.0,,,,123214.0,,2.0,,54540932,0,2026-03-18T15:30:25,success_bfo,55.1911935,61.363956,"Ozon, улица Чайковского, 15, Челябинск, Челябинская область, Россия",address,success,
3444186948,2190736,"ООО ""ЮГ СТРОЙ""",1113444021030,ACTIVE,ВОЛГОГРАДСКАЯ,,ВОЛГОГРАД,,"400078, ВОЛГОГРАДСКАЯ, ВОЛГОГРАД, ИМ. В.И. ЛЕНИНА, 98",Малое предприятие,41.2,41.20 Строительство жилых и нежилых зданий,41.20,2025,185240.0,,,,122523.0,,,,55105505,0,2026-03-24T09:31:21,success_bfo,48.7484912,44.5497273,"Административное здание, проспект им. В.И. Ленина, 98, Волгоград, Волгоградская область, Россия",address,success,
1609036742,9600199,"ООО ""СОЮЗ СТРОЙ""",1161690057540,ACTIVE,ТАТАРСТАН,АРСКИЙ,,МЕНДЮШ,"422022, ТАТАРСТАН, АРСКИЙ, МЕНДЮШ, МТС, 1А, 1",Малое предприятие,41.2,41.20 Строительство жилых и нежилых зданий,41.20,2025,1577726.0,138154.0,107581.0,158676.0,119011.0,51476.0,0.0,107200.0,55058265,0,2026-03-24T08:54:11,success_bfo,56.1693592,49.9072411,"Мендюш, Старокырлайское сельское поселение, Татарстан, Россия",city_or_region,success,
7724424720,10458873,"ООО ""СТРОЙМОНТАЖ""",5177746245254,ACTIVE,МОСКВА,,,,"115230, МОСКВА, ХЛЕБОЗАВОДСКИЙ, 7, 9, 39/Н",Малое предприятие,41.2,41.20 Строительство жилых и нежилых зданий,41.20,2025,992280.0,,,,118426.0,,,,56332733,0,2026-03-30T16:36:43,success_bfo,55.6698936,37.6325049,"Хлебозаводский проезд, 7 с9, Москва, Москва, Россия",address,success,
6730033514,3157427,"ООО СЗ ""ГРАЖДАНСТРОЙ""",1026701441634,REORGANIZATION_STAGE,СМОЛЕНСКАЯ,,СМОЛЕНСК,,"214019, СМОЛЕНСКАЯ, СМОЛЕНСК, ТРАМВАЙНЫЙ, 14, 309",Малое предприятие,41.2,41.2 Строительство жилых и нежилых зданий,41.2,2025,114657.0,45111.0,40068.0,155976.0,116256.0,16855.0,1773.0,140894.0,56258653,0,2026-03-30T15:05:42,success_bfo,54.7695606,32.0704655,"Трамвайный проезд, 14, Смоленск, Смоленская область, Россия",address,success,
5503174732,10224365,"ООО СК ""ФОРДЕВИНД""",1175543018210,ACTIVE,ОМСКАЯ,,ОМСК,,"644042, ОМСКАЯ, ОМСК, ИРТЫШСКАЯ НАБЕРЕЖНАЯ, 14А, 4",Малое предприятие,41.2,41.20 Строительство жилых и нежилых зданий,41.20,2025,1102223.0,,,,115586.0,,,,56102917,0,2026-03-30T11:19:14,success_bfo,54.9612113,73.3798927,"Омск 644042, улица Иртышская Набережная, 17, Омск, Омская область, Россия",address,success,
4823038399,4355859,"ОАО ТРЕСТ ""ЛИПЕЦКСТРОЙ""",1104823000171,ACTIVE,ЛИПЕЦКАЯ,,ЛИПЕЦК,,"398017, ЛИПЕЦКАЯ, ЛИПЕЦК, 9-ГО МАЯ, 14",Среднее предприятие,41.2,41.2 Строительство жилых и нежилых зданий,68.10.21,2025,2130277.0,602322.0,273491.0,153682.0,114859.0,9913.0,38340.0,182109.0,56811332,0,2026-03-31T13:38:33,success_bfo,52.5717038,39.6150847,"улица 9-го Мая, 14, Липецк, Липецкая область, Россия",address,success,
3907202653,4904322,"ООО ""ТРИКА-СТРОЙ""",1083925032267,ACTIVE,КАЛИНИНГРАДСКАЯ,,КАЛИНИНГРАД,,"236029, КАЛИНИНГРАДСКАЯ, КАЛИНИНГРАД, ГЕРЦЕНА, 68А, XVIII",Малое предприятие,41.2,41.2 Строительство жилых и нежилых зданий,41.2,2025,564443.0,195293.0,195293.0,152190.0,114124.0,,,152190.0,55570443,0,2026-03-26T14:32:48,success_bfo,54.7518953,20.5339718,"улица Герцена, 68А, Калининград, Калининградская область, Россия",address,success,
3525168721,5770253,"ООО ""ЦЕНТРСПЕЦАВТОМАТИКА""",1063525105346,ACTIVE,МОСКВА,,,,"109004, МОСКВА, ЗЕМЛЯНОЙ ВАЛ, 64, 2, 2/4",Среднее предприятие,41.2,41.20 Строительство жилых и нежилых зданий,,2025,4737634.0,392450.0,171171.0,166399.0,114007.0,54344.0,9674.0,121729.0,57249728,0,2026-03-31T19:54:01,success_bfo,55.7461097,37.6547441,"улица Земляной Вал, 64 с2, Москва, Москва, Россия",address,success,
7751179308,11302040,"ООО ""ФД ТЕХНОЛОГИЯ""",1207700145795,ACTIVE,МОСКВА,,ТРОИЦК,,"108842, МОСКВА, ТРОИЦК, ПОЛКОВНИКА МИЛИЦИИ КУРОЧКИНА, 19, 4/5",Среднее предприятие,41.2,41.20 Строительство жилых и нежилых зданий,,2025,1817740.0,303659.0,109927.0,150268.0,113705.0,47398.0,5607.0,108477.0,57710853,1,2026-05-25T12:27:48,success_bfo,55.4891432,37.3021396,"улица Полковника Милиции Курочкина, 5, Троицк, Москва, Россия",address,success,
4025084289,6041911,"ООО СПЕЦИАЛИЗИРОВАННЫЙ ЗАСТРОЙЩИК ""НОВЫЙ ГОРОД""",1064025003437,ACTIVE,КАЛУЖСКАЯ,,ОБНИНСК,,"249034, КАЛУЖСКАЯ, ОБНИНСК, ПОЛЕНОВА, 11, 1",Малое предприятие,41.2,41.20 Строительство жилых и нежилых зданий,41.20,2025,1083331.0,412910.0,210043.0,160315.0,113655.0,106335.0,109346.0,163326.0,57652246,1,2026-04-30T14:15:45,success_bfo,55.1315736,36.5733546,"улица Поленова, 11, Обнинск, Калужская область, Россия",address,success,
4825086937,1134308,"ООО ""СУ-12 АПК-СТРОЙ""",1114823019585,ACTIVE,ЛИПЕЦКАЯ,ЛИПЕЦКИЙ,,,"398501, ЛИПЕЦКАЯ, ЛИПЕЦКИЙ, 5",Среднее предприятие,41.2,41.2 Строительство жилых и нежилых зданий,,2025,1829433.0,44393.0,41644.0,151795.0,113547.0,147121.0,,4674.0,53831368,0,2026-03-03T11:26:50,success_bfo,52.6457538,39.4554427,"Липецк-2, Елецкая улица, Копцевы Хутора, Липецкая область, Россия",address,success,
7207012446,4474875,"ООО ""ТЕХНИЧЕСКИЙ ЗАКАЗЧИК ""ПАРИТЕТ""",1117232008277,ACTIVE,ТЮМЕНСКАЯ,,ТЮМЕНЬ,,"625000, ТЮМЕНСКАЯ, ТЮМЕНЬ, 8 МАРТА, 1, 72",Малое предприятие,41.2,41.20 Строительство жилых и нежилых зданий,41.20,2025,193720.0,133304.0,113047.0,114583.0,111931.0,26978.0,3772.0,91377.0,57766086,2,2026-06-22T09:16:38,success_bfo,57.1540178,65.5459214,"Тюменский областной суд, улица 8 Марта, 1, Тюмень, Тюменская область, Россия",address,success,
7707051002,6535397,"ООО ФИРМА ""МОСИНВЕСТ""",1037739348888,ACTIVE,МОСКВА,,,,"129337, МОСКВА, КРАСНАЯ СОСНА, 30, СТР.3",Малое предприятие,41.2,41.20 Строительство жилых и нежилых зданий,41.20,2025,213995.0,,,,111804.0,,,,54144095,0,2026-03-12T11:01:36,success_bfo,55.8436212,37.6815135,"улица Красная Сосна, 30 с3, Москва, Москва, Россия",address,success,
7447081450,3511646,"ООО ""ЦЕНТР УПРАВЛЕНИЯ ПРОЕКТАМИ""",1057421527932,ACTIVE,ЧЕЛЯБИНСКАЯ,,ЧЕЛЯБИНСК,,"454080, ЧЕЛЯБИНСКАЯ, ЧЕЛЯБИНСК, ГЕРОЯ РОССИИ ЯКОВЛЕВА А.В., 5, 3",Малое предприятие,41.2,41.2 Строительство жилых и нежилых зданий,41.2,2025,76.0,-55.0,-5948.0,76997.0,109954.0,71687.0,21249.0,26559.0,56775830,0,2026-03-31T12:31:48,success_bfo,55.1719851,61.3683494,"улица Героя России Александра Яковлева, 5, Челябинск, Челябинская область, Россия",address,success,
5404482221,7854937,"ООО СЗ ""СУ-ЗАПАДНОЕ""",1135476061467,ACTIVE,НОВОСИБИРСКАЯ,,Новосибирск,,"630024, НОВОСИБИРСКАЯ, Новосибирск, ПРИГОРОДНАЯ, 1/3, 2/21",Малое предприятие,41.2,41.20 Строительство жилых и нежилых зданий,41.20,2025,159027.0,65607.0,54352.0,122277.0,109545.0,68046.0,70.0,54301.0,56118763,0,2026-03-30T11:43:04,success_bfo,54.9738203,82.9235392,"Пригородная улица, 21, Новосибирск, Новосибирская область, Россия",address,success,
7604214008,164020,"ООО ""ТЕХНОСТРОЙ""",1117604017761,ACTIVE,МОСКВА,,,,"123308, МОСКВА, МНЁВНИКИ, 6, 2/3",Среднее предприятие,41.2,41.20 Строительство жилых и нежилых зданий,,2025,3853858.0,324444.0,47944.0,134361.0,109052.0,22.0,14113.0,148452.0,57263641,0,2026-03-31T20:10:52,success_bfo,55.7748739,37.4969771,"улица Мнёвники, 6 к2 с3, Москва, Москва, Россия",address,success,
7728050401,4529119,"ООО ""ХИМКИ БИЗНЕС ПАРК""",1027739355907,ACTIVE,МОСКОВСКАЯ,,ХИМКИ,,"141402, МОСКОВСКАЯ, ХИМКИ, ЛЕНИНГРАДСКАЯ, 39, 6",Малое предприятие,41.2,41.2 Строительство жилых и нежилых зданий,68.20,2025,679619.0,186954.0,172447.0,144116.0,108690.0,43081.0,69278.0,170313.0,55802321,0,2026-03-27T17:14:32,success_bfo,55.8862634,37.4408317,"Ленинградская улица, 6, Химки, Московская область, Россия",address,success,
7604198109,3143155,"ООО СК ""СПЕЦСТРОЙ""",1117604002230,ACTIVE,ЯРОСЛАВСКАЯ,,ЯРОСЛАВЛЬ,,"150049, ЯРОСЛАВСКАЯ, ЯРОСЛАВЛЬ, ТОЛБУХИНА, 17А, 2-11",Малое предприятие,41.2,41.20 Строительство жилых и нежилых зданий,41.20,2025,1000629.0,,,,104632.0,,9892.0,,55931788,0,2026-03-29T15:35:19,success_bfo,57.622044,39.8566605,"проспект Толбухина, 11, Ярославль, Ярославская область, Россия",address,success,
7714872296,1256960,"ООО ""БУТА КОНСТРАКШН""",1127746354251,ACTIVE,МОСКВА,,,,"129515, МОСКВА, АКАДЕМИКА КОРОЛЕВА, 13, 1, 2/ПОМ IIIА/К 5/О 5",Малое предприятие,41.2,41.2 Строительство жилых и нежилых зданий,,2025,2618932.0,203703.0,80032.0,139479.0,104609.0,58556.0,,80923.0,57269077,0,2026-03-31T20:16:04,success_bfo,55.625578,37.6063916,"Москва, Россия",city_or_region,success,
9715334294,10879479,"ООО ""РЕМЭКСПО СЛТ""",5187746013395,ACTIVE,МОСКВА,,,,"127106, МОСКВА, ГОСТИНИЧНАЯ, 9, 1 ПОМ VIII ОФ 5",Малое предприятие,41.2,41.20 Строительство жилых и нежилых зданий,41.20,2025,2293597.0,143043.0,102113.0,139174.0,104376.0,37698.0,0.0,101476.0,55534845,0,2026-03-26T13:13:02,success_bfo,55.625578,37.6063916,"Москва, Россия",city_or_region,success,
7705989107,272516,"ООО ""СПК-ИНЖИНИРИНГ""",1127746470345,ACTIVE,МОСКВА,,,,"129515, МОСКВА, АКАДЕМИКА КОРОЛЕВА, 13, 1, 6 ПОМ V КОМ 32",Малое предприятие,41.2,41.20 Строительство жилых и нежилых зданий,,2025,10800142.0,749268.0,465768.0,124908.0,104009.0,23125.0,427896.0,529679.0,56364807,1,2026-03-30T17:19:49,success_bfo,55.625578,37.6063916,"Москва, Россия",city_or_region,success,
5902168924,577885,"ООО ""ЭЛЕКТРОКОМ""",1095902002833,ACTIVE,ПЕРМСКИЙ,,ПЕРМЬ,,"614031, ПЕРМСКИЙ, ПЕРМЬ, ДОКУЧАЕВА, 42, 14",Малое предприятие,41.2,41.2 Строительство жилых и нежилых зданий,41.20,2025,249988.0,,,,103487.0,,,,54163573,0,2026-03-12T14:07:17,success_bfo,58.0358401,56.1434569,"улица Докучаева, 42, Пермь, Пермский край, Россия",address,success,
3651009168,7388001,"ООО ""ТЕХСТРОЙПРОМ""",1123668048514,ACTIVE,ВОРОНЕЖСКАЯ,,НОВОВОРОНЕЖ,,"396070, ВОРОНЕЖСКАЯ, НОВОВОРОНЕЖ, ЗАВОДСКОЙ, 8",Малое предприятие,41.2,41.2 Строительство жилых и нежилых зданий,41.2,2025,412798.0,397394.0,136920.0,134790.0,101158.0,994.0,0.0,133796.0,56272721,0,2026-03-30T15:00:32,success_bfo,51.3099367,39.2298469,"Заводской проезд, 8, Нововоронеж, Воронежская область, Россия",address,success,
2311011320,6755700,"АО ""ЖБИ №1""",1022301812785,ACTIVE,КРАСНОДАРСКИЙ,,КРАСНОДАР,,"350051, КРАСНОДАРСКИЙ, КРАСНОДАР, ИМ. РЕПИНА, 22, ОФИС 54",Среднее предприятие,41.2,41.20 Строительство жилых и нежилых зданий,71.12.2,2025,342967.0,272201.0,141357.0,135206.0,100988.0,0.0,2371.0,137577.0,54380091,0,2026-03-17T10:13:10,success_bfo,45.0351532,38.9772396,"Краснодар, Краснодарский край, Россия",city_or_region,success,
7203138261,6195044,"ООО СЗ ""ТЮМЕНГАЗСТРОЙ""",1037200621259,ACTIVE,ТЮМЕНСКАЯ,,Тюмень,,"625003, ТЮМЕНСКАЯ, Тюмень, КИРОВА, 43, 1, МАНСАРДНЫЙ",Среднее предприятие,41.2,41.20 Строительство жилых и нежилых зданий,68.10.21,2025,133843.0,60199.0,1473.0,137477.0,100594.0,109077.0,1138.0,29538.0,57124484,0,2026-03-31T17:54:42,success_bfo,57.1551186,65.528273,"улица Кирова, 43, Тюмень, Тюменская область, Россия",address,success,
4025449758,10248423,"ООО ""ЦБ""",1174027007494,ACTIVE,КАЛУЖСКАЯ,,ОБНИНСК,,"249035, КАЛУЖСКАЯ, ОБНИНСК, МАРКСА, 20, 21",Малое предприятие,41.2,41.20 Строительство жилых и нежилых зданий,41.20,2025,839645.0,178788.0,140740.0,140235.0,99877.0,6744.0,,133491.0,57378548,0,2026-03-31T23:32:32,success_bfo,55.1144177,36.5929749,"Россиянка, проспект Маркса, 20, Обнинск, Калужская область, Россия",address,success,
6453133218,8384277,"ООО ""ЭВЕРЕСТ-СИ""",1146453000836,ACTIVE,САРАТОВСКАЯ,,САРАТОВ,,"410086, САРАТОВСКАЯ, САРАТОВ, БУРОВАЯ, 32А",Малое предприятие,41.2,41.20 Строительство жилых и нежилых зданий,41.20,2025,573031.0,,,,99382.0,,2590.0,,57697344,1,2026-05-19T12:44:42,success_bfo,51.5966994,45.902826,"Сборный пункт Саратовского областного военкомата, Буровая улица, 36, Саратов, Саратовская область, Россия",address,success,
7604226395,266288,"ООО ""ХАЙТЕК ФАСАД""",1127604008498,ACTIVE,ЯРОСЛАВСКАЯ,,ЯРОСЛАВЛЬ,,"150010, ЯРОСЛАВСКАЯ, ЯРОСЛАВЛЬ, ТОРМОЗНОЕ, 120, 33",Малое предприятие,41.2,41.2 Строительство жилых и нежилых зданий,41.20,2025,497135.0,145022.0,122314.0,134624.0,98330.0,10386.0,,124238.0,56211355,0,2026-03-30T14:01:54,success_bfo,57.5478433,39.9650703,"Тормозное шоссе, 120, Ярославль, Ярославская область, Россия",address,success,
2543121643,10537057,"ООО ""ЭСВ""",1182536003430,ACTIVE,ПРИМОРСКИЙ,,ВЛАДИВОСТОК,,"690105, ПРИМОРСКИЙ, ВЛАДИВОСТОК, АННЫ ЩЕТИНИНОЙ, 39, 1",Малое предприятие,41.2,41.20 Строительство жилых и нежилых зданий,,2025,2006497.0,133208.0,46811.0,115385.0,96795.0,0.0,4855.0,120240.0,56043537,0,2026-03-30T09:29:28,success_bfo,43.1651581,131.9548107,"улица Анны Щетининой, 39, Владивосток, Приморский край, Россия",address,success,
7723434605,9652405,"ООО СК ""ПЕРСПЕКТИВА""",1167746225679,ACTIVE,МОСКВА,,,,"109382, МОСКВА, ЛЮБЛИНСКАЯ, 64",Среднее предприятие,41.2,41.20 Строительство жилых и нежилых зданий,,2025,3467253.0,358345.0,214700.0,130538.0,95407.0,,82962.0,213500.0,55027142,0,2026-03-23T17:36:54,success_bfo,55.6634127,37.7313268,"Жилой комплекс «Люблинский парк», Люблинская, вл. 72, Москва, Москва, Россия",address,success,
0702007173,244174,"ООО ""ЗОЛЬСКАЯ ПМК-1""",1020700540893,ACTIVE,КАБАРДИНО-БАЛКАРСКАЯ,ЗОЛЬСКИЙ,,МАЛКА,"361710, КАБАРДИНО-БАЛКАРСКАЯ, ЗОЛЬСКИЙ, МАЛКА, БОЛЬНИЧНАЯ, 6",Малое предприятие,41.2,41.20 Строительство жилых и нежилых зданий,41.20,2025,42333.0,,,,94708.0,,,,56030675,0,2026-03-30T08:52:43,success_bfo,43.4691791,43.5805188,"Кабардино-Балкарский государственный аграрный университет, улица Тарчокова, Нальчик, Кабардино-Балкария, Россия",city_or_region,success,
6678068222,9602519,"ООО СУ ""АРСЕНАЛ""",1169658008200,ACTIVE,СВЕРДЛОВСКАЯ,,БЕРЕЗОВСКИЙ,,"623702, СВЕРДЛОВСКАЯ, БЕРЕЗОВСКИЙ, АЛЕКСАНДРОВСКИЙ, 3, 1",Среднее предприятие,41.2,41.20 Строительство жилых и нежилых зданий,42.21,2025,647757.0,147800.0,130015.0,126576.0,94623.0,808.0,99.0,125867.0,56740339,0,2026-03-31T12:16:00,success_bfo,56.895058,60.8345604,"Отдел продаж застройщика ООО «Арсенал и К», Александровский проспект, 3, Берёзовский, Свердловская область, Россия",address,success,
2508073972,6326669,"ООО ""ТРАНССТРОЙ""",1062508040759,ACTIVE,ПРИМОРСКИЙ,,НАХОДКА,,"692941, ПРИМОРСКИЙ, НАХОДКА, БАЗОВАЯ, 22",Малое предприятие,41.2,41.20 Строительство жилых и нежилых зданий,41.20,2025,604277.0,107470.0,92265.0,94310.0,94310.0,2279.0,0.0,92031.0,55992539,0,2026-03-30T03:48:36,success_bfo,42.769419,133.0554148,"Приморский проспект, 22, Находка, Приморский край, Россия",address,success,
6166051748,1708601,"ООО ""СМИ""",1046166013156,ACTIVE,СТАВРОПОЛЬСКИЙ,БУДЕННОВСКИЙ,БУДЕННОВСК,,"356805, СТАВРОПОЛЬСКИЙ, БУДЕННОВСКИЙ, БУДЕННОВСК, 37",Малое предприятие,41.2,41.20 Строительство жилых и нежилых зданий,41.20,2025,360682.0,132020.0,63217.0,124784.0,93588.0,67623.0,0.0,57161.0,55667061,0,2026-03-27T10:33:38,success_bfo,44.7527364,44.1053632,"Буденновск-1, Будённовск, Ставропольский край, Россия",address,success,
7708777679,7645493,"ООО ""ПГСИ""",1127747230236,ACTIVE,МОСКВА,,,,"119180, МОСКВА, БОЛЬШАЯ ПОЛЯНКА, 7/10, 3, 4/9/5",Малое предприятие,41.2,41.2 Строительство жилых и нежилых зданий,71.12,2025,509599.0,224820.0,106813.0,125592.0,93128.0,6448.0,0.0,119144.0,56298774,0,2026-03-30T15:57:25,success_bfo,55.625578,37.6063916,"Москва, Россия",city_or_region,success,
5321072550,2346711,"ООО ""ГЛОРИЯ""",1025300786279,ACTIVE,НОВГОРОДСКАЯ,,ВЕЛИКИЙ НОВГОРОД,,"173016, НОВГОРОДСКАЯ, ВЕЛИКИЙ НОВГОРОД, МЕНДЕЛЕЕВА, 16",Среднее предприятие,41.2,41.20 Строительство жилых и нежилых зданий,,2025,1063125.0,136783.0,136783.0,122787.0,93082.0,24138.0,21000.0,119649.0,53539624,0,2026-02-17T10:38:03,success_bfo,58.5391786,31.2506522,"Великий Новгород 173016, улица Менделеева, 16, Великий Новгород, Новгородская область, Россия",address,success,
1655279884,8166576,"ООО ""УРБАН КОНСТРАКШН""",1131690076352,ACTIVE,ТАТАРСТАН,,КАЗАНЬ,,"420132, ТАТАРСТАН, КАЗАНЬ, АДОРАТСКОГО, 29Д, 301",Малое предприятие,41.2,41.20 Строительство жилых и нежилых зданий,41.20,2025,2065780.0,222473.0,96550.0,123379.0,92374.0,15669.0,0.0,107710.0,56360313,0,2026-03-30T17:15:23,success_bfo,55.8385037,49.1448983,"улица Адоратского, 29Д, Казань, Татарстан, Россия",address,success,
7714299413,6667706,"ООО ""ДЕЛЬТА КОНСТРАКШН""",1037714012907,ACTIVE,МОСКВА,,,,"109428, МОСКВА, РЯЗАНСКИЙ, 8А, 1, VII, К.47 (ВН500) Т/Э",Среднее предприятие,41.2,41.20 Строительство жилых и нежилых зданий,81.10,2025,172356.0,168392.0,54436.0,112972.0,89258.0,60220.0,0.0,52752.0,54312386,0,2026-03-16T10:56:37,success_bfo,55.625578,37.6063916,"Москва, Россия",city_or_region,success,
7727813770,8122119,"ООО ""СУ-111""",1137746803985,ACTIVE,МОСКВА,,,,"117628, МОСКВА, СТАРОБИТЦЕВСКАЯ, 15, 1, 3/1",Малое предприятие,41.2,41.20 Строительство жилых и нежилых зданий,41.20,2025,1542342.0,156646.0,134422.0,122264.0,89035.0,0.0,0.0,122264.0,57454918,0,2026-03-31T23:50:40,success_bfo,55.5749788,37.5828029,"Старобитцевская улица, 15 с3, Москва, Москва, Россия",address,success,
6501181648,6505420,"ООО ""СПЕЦИАЛИЗИРОВАННЫЙ ЗАСТРОЙЩИК ""САХИНСТРОЙ""",1076501004337,ACTIVE,САХАЛИНСКАЯ,,ЮЖНО-САХАЛИНСК,,"693004, САХАЛИНСКАЯ, ЮЖНО-САХАЛИНСК, ИМЕНИ И.П. ФАРХУТДИНОВА, 10Б, 1, 2",Малое предприятие,41.2,41.20 Строительство жилых и нежилых зданий,41.20,2025,1687224.0,311306.0,280611.0,125657.0,88241.0,13313.0,997.0,113341.0,57729681,1,2026-06-02T09:35:14,success_bfo,46.9574273,142.727438,"Южно-Сахалинск, Сахалинская область, Россия",city_or_region,success,
1435246770,1526763,"ООО ""СТРОЙ-В""",1111435011379,ACTIVE,САХА (ЯКУТИЯ),,ЯКУТСК,,"677000, САХА (ЯКУТИЯ), ЯКУТСК, ПОЯРКОВА, 19, 56",Малое предприятие,41.2,41.2 Строительство жилых и нежилых зданий,52.21.22,2025,271363.0,,,,87680.0,,,,56960391,0,2026-03-31T15:48:40,success_bfo,62.0350367,129.7328476,"ЯСХТ, Якутский сельскохозяйственный техникум, улица Пояркова, 15, Якутск, Республика Саха (Якутия), Россия",address,success,
2623802415,7859889,"ООО СПЕЦИАЛИЗИРОВАННЫЙ ЗАСТРОЙЩИК ""ДИАЛОГ-СТРОЙ""",1132651007796,ACTIVE,СТАВРОПОЛЬСКИЙ,ШПАКОВСКИЙ,МИХАЙЛОВСК,,"356245, СТАВРОПОЛЬСКИЙ, ШПАКОВСКИЙ, МИХАЙЛОВСК, НЕКРАСОВА, 20, 35",Малое предприятие,41.2,41.20 Строительство жилых и нежилых зданий,41.20,2025,264455.0,103604.0,103604.0,100561.0,87032.0,,0.0,100561.0,57550413,1,2026-04-09T10:54:41,success_bfo,45.1333806,41.9959906,"улица Некрасова, 20, Михайловск, Ставропольский край, Россия",address,success,
5406989257,10669703,"ООО ""РАЙДЕКС""",1185476033192,ACTIVE,МОСКВА,,,,"123022, МОСКВА, КРАСНАЯ ПРЕСНЯ, 24, 2 ПОМ I КОМ 29",Малое предприятие,41.2,41.20 Строительство жилых и нежилых зданий,41.20,2025,1136670.0,366974.0,195563.0,146904.0,86151.0,1721.0,0.0,145183.0,53925851,0,2026-03-05T14:46:23,success_bfo,55.625578,37.6063916,"Москва, Россия",city_or_region,success,
6950216009,10543593,"ООО  ""ТЕХСТРОЙ""",1186952001708,ACTIVE,ТВЕРСКАЯ,,ТВЕРЬ,,"170033, ТВЕРСКАЯ, ТВЕРЬ, ЦАНОВА, 1Б, XVIIIВ ОФИС 309",Малое предприятие,41.2,41.20 Строительство жилых и нежилых зданий,41.20,2025,602196.0,,,,85945.0,,,,55527074,0,2026-03-26T12:41:50,success_bfo,56.8596713,35.8952416,"Тверь, Тверская область, Россия",city_or_region,success,
4027121634,8942675,"ООО ""СТРОЙРЕГИОН""",1144027004208,ACTIVE,КАЛУЖСКАЯ,,КАЛУГА,,"248001, КАЛУЖСКАЯ, КАЛУГА, КИРОВА, 59, 1, ОФИС 43",Малое предприятие,41.2,41.20 Строительство жилых и нежилых зданий,41.20,2025,35956.0,8457.0,-2149.0,86404.0,85664.0,37093.0,0.0,49311.0,55707949,0,2026-03-27T12:39:46,success_bfo,54.5130912,36.2702062,"улица Кирова, 59 к1, Калуга, Калужская область, Россия",address,success,
6141042798,7421299,"ООО СПЕЦИАЛИЗИРОВАННЫЙ ЗАСТРОЙЩИК ""СТРОЙГАРАНТ""",1126181002749,ACTIVE,РОСТОВСКАЯ,,БАТАЙСК,,"346885, РОСТОВСКАЯ, БАТАЙСК, СЕВЕРНАЯ ЗВЕЗДА, 7, 2, 11",Малое предприятие,41.2,41.20 Строительство жилых и нежилых зданий,41.20,2025,267836.0,84018.0,60666.0,113856.0,85392.0,53715.0,,60141.0,55204690,0,2026-03-24T17:50:58,success_bfo,47.1574033,39.7457265,"улица Северная звезда, 7 к2, Батайск, Ростовская область, Россия",address,success,
6163073704,2756024,"ООО ""СТРОЙ-ИНЖИНИРИНГ""",1056163022024,ACTIVE,РОСТОВСКАЯ,,РОСТОВ-НА-ДОНУ,,"344000, РОСТОВСКАЯ, РОСТОВ-НА-ДОНУ, МАКСИМА ГОРЬКОГО, 183, 5",Малое предприятие,41.2,41.2 Строительство жилых и нежилых зданий,41.2,2025,1037669.0,129205.0,115735.0,113996.0,85239.0,423.0,418.0,113991.0,56723453,0,2026-03-31T11:20:26,success_bfo,47.2286172,39.7210464,"улица Максима Горького, 183, Ростов-на-Дону, Ростовская область, Россия",address,success,
1327022163,8624671,"ООО ""СТРОЙЭНЕРГОКОМПЛЕКТ""",1141327001639,ACTIVE,МОСКВА,,,,"107023, МОСКВА, ЭЛЕКТРОЗАВОДСКАЯ, 24, 1",Малое предприятие,41.2,41.20 Строительство жилых и нежилых зданий,,2025,2628332.0,76975.0,12302.0,115946.0,85129.0,12011.0,5640.0,109575.0,57720821,2,2026-05-28T11:35:18,success_bfo,55.7889129,37.7076559,"Электрозаводская улица, 24, Москва, Москва, Россия",address,success,
7413014488,3501658,"ООО ""СТРОИТЕЛЬПЛЮС""",1097413000442,ACTIVE,ЧЕЛЯБИНСКАЯ,,КЫШТЫМ,,"456871, ЧЕЛЯБИНСКАЯ, КЫШТЫМ, КРАСНОЙ ЗВЕЗДЫ, 107",Малое предприятие,41.2,41.2 Строительство жилых и нежилых зданий,41.2,2025,154796.0,,,,84894.0,,0.0,,57326698,0,2026-03-31T20:45:49,success_bfo,55.6979111,60.5585879,"улица Красной Звезды, 107, Кыштым, Челябинская область, Россия",address,success,
2723090480,4177945,"ООО ""ЭНЕРГИЯ""",1072723002428,ACTIVE,ХАБАРОВСКИЙ,,ХАБАРОВСК,,"680017, ХАБАРОВСКИЙ, ХАБАРОВСК, МУХИНА, 23, 29",Малое предприятие,41.2,41.20 Строительство жилых и нежилых зданий,41.20,2025,346162.0,,,,84105.0,,,,55073374,0,2026-03-24T10:04:41,success_bfo,48.4788062,135.0808965,"улица Мухина, Хабаровск, Хабаровский край, Россия",address,success,
7721620684,3097680,"ООО ""СТРОЙЦЕНТРАЛЬ""",1087746569690,ACTIVE,МОСКОВСКАЯ,КОЛОМНА,,,"140415, МОСКОВСКАЯ, КОЛОМНА, ПОЛЯНСКАЯ, 17, ПОМ.108",Среднее предприятие,41.2,41.2 Строительство жилых и нежилых зданий,,2025,3604223.0,200527.0,116435.0,113232.0,83480.0,19720.0,3260.0,96772.0,55183871,0,2026-03-24T16:26:46,success_bfo,55.0995509,38.7811165,"Коломна, Полянская улица, Коломна, Московская область, Россия",address,success,
2130103748,1606646,"ООО ""ПРЕМИУМ СТРОЙ 21""",1122130006338,ACTIVE,ЧУВАШСКАЯ РЕСПУБЛИКА -,,ЧЕБОКСАРЫ,,"428022, ЧУВАШСКАЯ РЕСПУБЛИКА -, ЧЕБОКСАРЫ, МАРПОСАДСКОЕ, 7 В, 1",Малое предприятие,41.2,41.2 Строительство жилых и нежилых зданий,41.2,2025,892531.0,,,,82859.0,,0.0,,56241745,0,2026-03-30T14:45:46,success_bfo,56.0984586,47.268959,"Чувашская республиканская детско-юношеская библиотека, улица Ленинского Комсомола, Чебоксары, Чувашия, Россия",city_or_region,success,
7743307059,11073509,"ООО ""ЮГСТРОЙ""",1197746428351,ACTIVE,МОСКВА,,,,"125130, МОСКВА, ЗОИ И АЛЕКСАНДРА КОСМОДЕМЬЯНСКИХ, 27, 9",Малое предприятие,41.2,41.20 Строительство жилых и нежилых зданий,42.21,2025,1148206.0,270693.0,49941.0,112013.0,82392.0,0.0,0.0,112013.0,57858576,2,2026-08-06T13:50:40,success_bfo,55.8210931,37.5116152,"улица Зои и Александра Космодемьянских, Москва, Москва, Россия",address,success,
7710940499,7922731,"ООО ""ВСМ""",1137746456320,ACTIVE,МОСКВА,,,,"119034, МОСКВА, ОСТОЖЕНКА, 19, 1, 3 ПОМ 18",Малое предприятие,41.2,41.20 Строительство жилых и нежилых зданий,41.20,2025,330686.0,330686.0,95432.0,84797.0,82320.0,2037.0,10911.0,93671.0,57118368,0,2026-03-31T17:49:43,success_bfo,55.625578,37.6063916,"Москва, Россия",city_or_region,success,
5254490911,9696098,"ООО ""СТРОЙИНЖИНИРИНГ""",1165254050444,ACTIVE,МОРДОВИЯ,,САРАНСК,,"430005, МОРДОВИЯ, САРАНСК, СОВЕТСКАЯ, 47, 3",Малое предприятие,41.2,41.20 Строительство жилых и нежилых зданий,41.20,2025,121067.0,,,,81841.0,,,,54866421,0,2026-03-23T06:21:04,success_bfo,54.1812179,45.1827325,"Россельхозбанк, Советская улица, 47А, Саранск, Мордовия, Россия",address,success,
2224098998,6284624,"ООО ПСФ ""ИНЖЕНЕРСТРОЙ""",1062224000816,ACTIVE,АЛТАЙСКИЙ,,БАРНАУЛ,НАУЧНЫЙ ГОРОДОК,"656910, АЛТАЙСКИЙ, БАРНАУЛ, НАУЧНЫЙ ГОРОДОК, 1 А",Малое предприятие,41.2,41.2 Строительство жилых и нежилых зданий,41.2,2025,66615.0,,,,81586.0,,,,55522046,0,2026-03-26T12:15:11,success_bfo,53.4192309,83.532719,"улица Академика Ш.А.Мкртчана, 1, Научный Городок, Алтайский край, Россия",address,success,
3662258085,10501698,"ООО ""СТРОЙКОМПЛЕКС""",1173668065284,ACTIVE,ВОРОНЕЖСКАЯ,,ВОРОНЕЖ,,"394026, ВОРОНЕЖСКАЯ, ВОРОНЕЖ, КРАСНОДОНСКАЯ, 18В, 1",Малое предприятие,41.2,41.20 Строительство жилых и нежилых зданий,41.20,2025,199925.0,,,,81565.0,,,,54222017,0,2026-03-13T09:38:38,success_bfo,51.6855556,39.157067,"Воронежская ТЭЦ-2, Ясный проезд, 1А, Воронеж, Воронежская область, Россия",address,success,
7901542812,8220142,"ООО ""СТРОЙКОМ""",1137901001886,ACTIVE,КОМИ,,СЫКТЫВКАР,,"167004, КОМИ, СЫКТЫВКАР, ПУШКИНА, 59, 143",Среднее предприятие,41.2,41.2 Строительство жилых и нежилых зданий,49.20.9,2025,1308854.0,,,,81404.0,,,,55641779,0,2026-03-25T03:17:13,success_bfo,61.6455257,50.8208228,"улица Пушкина, 143, Сыктывкар, Республика Коми, Россия",address,success,
5405442239,3766231,"ООО ""СК АНИС""",1115476115292,ACTIVE,НОВОСИБИРСКАЯ,,НОВОСИБИРСК,,"630089, НОВОСИБИРСКАЯ, НОВОСИБИРСК, БОРИСА БОГАТКОВА, 210/1, 603",Малое предприятие,41.2,41.2 Строительство жилых и нежилых зданий,42.11,2025,375504.0,,,,81044.0,,,,54900021,0,2026-03-23T10:26:07,success_bfo,55.041395,82.983824,"Ozon, улица Бориса Богаткова, 266/4к1, Новосибирск, Новосибирская область, Россия",address,success,
7715984348,8254570,"ООО ""ХОРОС""",5137746146280,ACTIVE,МОСКВА,,,,"115419, МОСКВА, 2-Й РОЩИНСКИЙ, 8, 2, М ПОМ XI КОМ 14",Малое предприятие,41.2,41.20 Строительство жилых и нежилых зданий,41.20,2025,2028320.0,539538.0,226900.0,107682.0,80763.0,4673.0,24.0,103033.0,55816533,0,2026-03-27T18:34:57,success_bfo,55.625578,37.6063916,"Москва, Россия",city_or_region,success,
5408290827,1146121,"ООО КОРПОРАЦИЯ ""СБГ""",1115476133618,ACTIVE,НОВОСИБИРСКАЯ,,НОВОСИБИРСК,,"630073, НОВОСИБИРСКАЯ, НОВОСИБИРСК, КАРЛА МАРКСА, 57, 9",Малое предприятие,41.2,41.2 Строительство жилых и нежилых зданий,41.2,2025,1396662.0,177937.0,75889.0,107553.0,80631.0,31042.0,2538.0,79049.0,57853288,1,2026-07-31T14:34:10,success_bfo,54.9924633,82.9113612,"проспект Карла Маркса, 57, Новосибирск, Новосибирская область, Россия",address,success,
7724745755,2083796,"АО ""АРСЕНАЛ""",1107746340745,ACTIVE,МОСКВА,,,,"127566, МОСКВА, АЛТУФЬЕВСКОЕ, 48К1, 9 ПОМ I ОФ 901",Среднее предприятие,41.2,41.20 Строительство жилых и нежилых зданий,,2025,1384301.0,203242.0,116300.0,110160.0,79896.0,15516.0,4386.0,99030.0,54493223,0,2026-03-18T10:38:37,success_bfo,55.625578,37.6063916,"Москва, Россия",city_or_region,success,
2721197290,7512172,"ООО ""СТРОЙГРЕЙД""",1122721011797,ACTIVE,ХАБАРОВСКИЙ,,ХАБАРОВСК,,"680052, ХАБАРОВСКИЙ, ХАБАРОВСК, ГОРЬКОГО, 60",Малое предприятие,41.2,41.2 Строительство жилых и нежилых зданий,41.2,2025,1115941.0,,,,78528.0,,,,55050152,0,2026-03-24T08:14:07,success_bfo,48.4536909,135.1861384,"Хабаровский судостроительный колледж, улица Гагарина, 2Г, Хабаровск, Хабаровский край, Россия",address,success,
7803050192,6332536,"ООО ""УК ""КРЕДО""",1037843080164,ACTIVE,ЛЕНИНГРАДСКАЯ,ВСЕВОЛОЖСКИЙ,МУРИНО,,"188669, ЛЕНИНГРАДСКАЯ, ВСЕВОЛОЖСКИЙ, МУРИНО, ЦЕНТРАЛЬНАЯ, 46, №32 (К №118)",Среднее предприятие,41.2,41.20 Строительство жилых и нежилых зданий,71.12.2,2025,605941.0,41747.0,2909.0,104212.0,78159.0,101241.0,,2971.0,54769739,0,2026-03-20T16:52:57,success_bfo,60.046193,30.4458901,"Мурино, Ленинградская область, Россия",city_or_region,success,
2902070169,3883848,"ООО ""СТРОЙ ЦЕНТР""",1112932000202,ACTIVE,АРХАНГЕЛЬСКАЯ,,СЕВЕРОДВИНСК,,"164512, АРХАНГЕЛЬСКАЯ, СЕВЕРОДВИНСК, АРХАНГЕЛЬСКОЕ, 65",Малое предприятие,41.2,41.2 Строительство жилых и нежилых зданий,41.20,2025,1255320.0,119107.0,105458.0,106804.0,77813.0,29618.0,,77186.0,56401500,0,2026-03-30T18:19:32,success_bfo,64.5638799,39.785989,"Пятёрочка, Архангельское шоссе, 65, Северодвинск, Архангельская область, Россия",address,success,
5260208112,655712,"ООО СЗ ""СМ-ФИНАНС""",1075260025268,ACTIVE,НИЖЕГОРОДСКАЯ,,НИЖНИЙ НОВГОРОД,,"603105, НИЖЕГОРОДСКАЯ, НИЖНИЙ НОВГОРОД, ГЕНКИНОЙ, 25 А, П52 КАБИНЕТ 23",Малое предприятие,41.2,41.20 Строительство жилых и нежилых зданий,41.20,2025,915354.0,291460.0,288339.0,103647.0,77704.0,74.0,182936.0,286509.0,54747731,0,2026-03-20T14:31:27,success_bfo,56.3264816,44.0051395,"Нижний Новгород, Нижегородская область, Россия",city_or_region,success,
5405442616,1961671,"ООО ПСК ""СПМ""",1115476118438,ACTIVE,НОВОСИБИРСКАЯ,,Новосибирск,,"630024, НОВОСИБИРСКАЯ, Новосибирск, БЕТОННАЯ, 10",Среднее предприятие,41.2,41.2 Строительство жилых и нежилых зданий,,2025,1505341.0,249577.0,120225.0,105158.0,77438.0,19791.0,196.0,85563.0,54510453,0,2026-03-18T12:11:51,success_bfo,54.9611133,82.9158366,"Бетонная улица, 10, Новосибирск, Новосибирская область, Россия",address,success,
6658431487,7858820,"ООО ""УНИВЕРСАЛСЕРВИС-ЕК""",1136658011951,ACTIVE,СВЕРДЛОВСКАЯ,,ЕКАТЕРИНБУРГ,,"620028, СВЕРДЛОВСКАЯ, ЕКАТЕРИНБУРГ, КИРОВА, 28/43, КАБИНЕТ 303",Малое предприятие,41.2,41.2 Строительство жилых и нежилых зданий,41.2,2025,274237.0,,,,77354.0,,,,55246478,0,2026-03-24T09:01:05,success_bfo,56.8382071,60.6007886,"Екатеринбург, Свердловская область, Россия",city_or_region,success,
7814544002,7632191,"ООО ""РЕМАРК""",1127847407841,ACTIVE,САНКТ-ПЕТЕРБУРГ,,,,"199155, САНКТ-ПЕТЕРБУРГ, УРАЛЬСКАЯ, 19, 10, 1-Н, КОМ. 43",Малое предприятие,41.2,41.20 Строительство жилых и нежилых зданий,41.20,2025,437686.0,,,,75756.0,,299.0,,57760615,1,2026-06-18T10:05:32,success_bfo,59.9606739,30.1586551,"Санкт-Петербург, Россия",city_or_region,success,
1655211533,4311874,"ООО ""АПЕКС""",1111690020210,ACTIVE,ТАТАРСТАН,,КАЗАНЬ,,"420111, ТАТАРСТАН, КАЗАНЬ, КАРЛА ФУКСА, 11/6, ОФИС 16",Среднее предприятие,41.2,41.20 Строительство жилых и нежилых зданий,,2025,5934378.0,480303.0,224336.0,114397.0,75299.0,52494.0,68172.0,130075.0,57357564,0,2026-03-31T23:07:17,success_bfo,55.7946485,49.1115022,"Казань, Татарстан, Россия",city_or_region,success,
4202051862,10163253,"ООО ""МАСТЕР-СТРОЙ""",1174205007690,ACTIVE,КЕМЕРОВСКАЯ ОБЛАСТЬ - КУЗБАСС,,БЕЛОВО,,"652600, КЕМЕРОВСКАЯ ОБЛАСТЬ - КУЗБАСС, БЕЛОВО, ОКТЯБРЬСКАЯ, 15А, 26",Малое предприятие,41.2,41.20 Строительство жилых и нежилых зданий,41.20,2025,530143.0,117447.0,97824.0,102659.0,75234.0,3084.0,0.0,99575.0,56140419,0,2026-03-30T12:22:46,success_bfo,54.438943,86.3011858,"Управление вневедомственной охраны ВНГ России по Кемеровской области-Кузбассу, Кемеровская улица, 5, Белово, Кемеровская область, Россия",city_or_region,success,
7838086810,11059086,"ООО ""СК-СТРОЙ""",1197847140479,ACTIVE,САНКТ-ПЕТЕРБУРГ,,,,"190000, САНКТ-ПЕТЕРБУРГ, ПИРОГОВА, 7, А, 4Н КОМ 37",Малое предприятие,41.2,41.20 Строительство жилых и нежилых зданий,41.20,2025,591147.0,,,,74943.0,,,,55717245,0,2026-03-27T13:07:14,success_bfo,59.9606739,30.1586551,"Санкт-Петербург, Россия",city_or_region,success,
3662242938,10071111,"ООО СК ""ЗАРЕЧЬЕ""",1173668002166,ACTIVE,ВОРОНЕЖСКАЯ,,ВОРОНЕЖ,,"394088, ВОРОНЕЖСКАЯ, ВОРОНЕЖ, ПОБЕДЫ, 50Б, 53Б",Малое предприятие,41.2,41.20 Строительство жилых и нежилых зданий,41.20,2025,988322.0,293077.0,124572.0,96901.0,74702.0,3189.0,21146.0,114858.0,57585930,1,2026-04-16T15:06:08,success_bfo,51.7124081,39.1469553,"бульвар Победы, 50Б, Воронеж, Воронежская область, Россия",address,success,
2508003742,5476975,"ООО ""ХСО""",1022500705281,ACTIVE,ПРИМОРСКИЙ,,НАХОДКА,,"692918, ПРИМОРСКИЙ, НАХОДКА, ЭНТУЗИАСТОВ, 15",Малое предприятие,41.2,41.20 Строительство жилых и нежилых зданий,41.20,2025,270266.0,,,,74624.0,,,,56653813,0,2026-03-31T10:23:02,success_bfo,42.8391685,132.8816216,"бульвар Энтузиастов, 15, Находка, Приморский край, Россия",address,success,
7203372134,9619296,"ООО ГК ""РЕГИОН 72""",1167232054021,ACTIVE,ТЮМЕНСКАЯ,,ТЮМЕНЬ,,"625013, ТЮМЕНСКАЯ, ТЮМЕНЬ, 50 ЛЕТ ОКТЯБРЯ, 120, 417",Малое предприятие,41.2,41.20 Строительство жилых и нежилых зданий,41.20,2025,746186.0,274123.0,100017.0,99619.0,74409.0,,,99619.0,57552744,0,2026-04-09T15:05:59,success_bfo,57.1316234,65.6068404,"улица 50 лет Октября, 120, Тюмень, Тюменская область, Россия",address,success,
